Product ID;Active (0/1);Name *;Categories (x,y,z...);Price tax excluded;Tax rules ID;Quantity;Summary;Description;Show price (0 = No, 1 = Yes);Image URLs (x,y,z...);Usuń istniejące zdjęcia (0 = Nie, 1 = Tak)
;1;ASSAM DIKOM STGFOPI;Herbata,Klasyczna,Herbata Czarna,Herbaty indyjskie Assam,Herbaty do biura;15.95;1;66;Mocna i cierpka herbata o głębokim kolorze naparu.;Prowincja Assam to region na północnym wschodzie Indii, gdzie uprawia się odmianę herbaty o nazwie Camellia assamica, której liście ze względu na wysoką jakość są często stosowane do uszlachetniania mieszanek gorszego gatunku. Odmiana Assam Dikom STGFOP (Special Finest Tippy Golden Flowery Orange Pekoe) jest uznawana za rarytas jakościowy, zawierający bardzo drobne, starannie wyselekcjonowane listki o równomiernej wielkości. Dzięki właściwemu zaparzeniu uzyskuje się aromatyczny, ciemnoczerwony napar o naturalnym miodowym posmaku.;1;http://localhost/images/product_images/assamdikomstgfopi/img_0.jpg;1
;1;ASSAM TGFOP DEKORAI;Herbata,Klasyczna,Herbata Czarna,Herbaty indyjskie Assam,Herbaty do restauracji;16.45;1;27;Wyśmienita herbata czarna  o wyrazistym smaku.;Prowincja Assam to region na północnym wschodzie Indii, gdzie uprawia się odmianę herbaty o nazwie Camellia assamica. Ze względu na wysoką jakość liście tej odmiany są często stosowane do uszlachetniania mieszanek herbat niższego gatunku. Herbaty z regionu Assam są zaliczane do pięciu najlepszych herbat na świecie. Standard TGFOP (Tippy Golden Flowery Orange Pekoe) oznacza główną klasę herbat pochodzących z regionów Assam oraz Darjeeling, zawierających duże ilości tzw. złotych tipsów, czyli dwóch pierwszych listków z krzewu wraz z pączkami. Napar posiada barwę brązowo-bursztynową i mocny, cierpkawy, ale równocześnie słodki smak. Filiżanka herbaty Assam dodaje energii i doskonale orzeźwia.;1;http://localhost/images/product_images/assamtgfopdekorai/img_0.jpg;1
;1;CEYLON HIGH GROWN OP;Herbata,Klasyczna,Herbata Czarna,Herbaty cejlońskie,Herbaty do restauracji,Herbaty do biura;15.45;1;64;Czarna herbata o delikatnym aromacie z wyczuwalnym kwiatowym akcentem.;W przypadku Cejlonu (Sri Lanka) herbatę uprawia się praktycznie od poziomu morza, aż po szczyty centralnie położonego masywu górskiego (ok. 2300 m n.p.m). Najlepsze gatunki pochodzą z upraw wysokogórskich usytuowanych powyżej 1200 m n.p.m. Ceylon High Grown OP (Orange Pekoe) to propozycja herbaty czarnej o długich, spiczastych liściach, sporadycznie zawierającej złotawe tipsy Napar charakteryzuje się delikatnym aromatem, orzeźwiającym smakiem oraz czerwono- złotą barwą.;1;http://localhost/images/product_images/ceylonhighgrownop/img_0.jpg, http://localhost/images/product_images/ceylonhighgrownop/img_1.jpg;1
;1;DA HONG PAO STD;Herbata,Klasyczna,Herbata Czarna,Herbaty chińskie;27.95;1;14;Herbata turkusowa z Chin.;Da Hong Pao to legenda wśród herbat należących do grupy herbat turkusowych – Oolong. Pochodzi z gór Wu Yi Shan w chińskiej prowincji Fujian. Górski klimat i skłąd gleby wpływają na smak rosnącej w tym rejonie herbaty, nazywanej w związku z tym skalną. Nazwa Da Hong Pao nawiązuje do legendy i oznacza Wielką Czerwoną Szatę. Susz ciemnej barwy i pozawijane listki oraz pomarańczowo-złotą wręcz miodowa barwę, a w zapachu wyczuwalne są nuty orzechowe oraz drzewne lekko palone dymne. Smak odrobinę ściągający, przeradzający się w karmelową słodycz. Herbata oolong po zbiorze jest poddawana procesowi więdnięcia, a następnie jest przekładana do specjalnych koszy , w których jest potrząsana. Podczas tego procesu listki obcierają się o brzegi kosza, przez co powstają w nich drobne uszkodzenia. Dzięki tym obtarciom z tkanek liści uwalniają się soki, które pomagają przy późniejszej oksydacji. Proces obcierania i utleniania liści jest powtarzalny kilkakrotnie, dzięki czemu możliwa jest duża kontrola nad stopniem utleniania herbat. W zależności od gatunku utlenia się od kilku do nawet 90 procent. Da Hong Pao należy do tych wysoko utlenionych – powyżej 60%.;1;http://localhost/images/product_images/dahongpaostd/img_0.jpg;1
;1;DARJEELING FIRST FLUSH;Herbata,Klasyczna,Herbata Czarna,Herbaty w puszkach firmowych,Herbaty Indyjskie Darjeeling,Herbaty do kawiarni;24.45;1;22;Herbata indyjska Darjeeling z pierwszego zbioru.;Darjeeling jest niewielkim regionem w Indiach (pomiędzy Nepalem i Bhutanem) położonym na wysokości ponad 2200 m n.p.m. o umiarkowanym klimacie, sprzyjającym rozwojowi turystyki. Plantacje gatunku Darjeeling dostarczają ok. 4-5% całej produkcji herbaty w Indiach. Ze względy na wysoką jakość upraw praktycznie cały zbiór jest przeznaczony na eksport. Dobrej jakości towarzyszą wysokie ceny osiągane przez ten gatunek herbaty na światowych rynkach. Szczególną popularnością cieszy się herbata z pierwszego zbioru w sezonie (First Flush), której sprzedaż i dystrybucja jest starannie reglamentowana. Herbata indyjska z pierwszego zbioru (First Flush) daje napar o jasnym, złotawym odcieniu i wyśmienitym kwiatowym aromacie.;1;http://localhost/images/product_images/darjeelingfirstflush/img_0.jpg, http://localhost/images/product_images/darjeelingfirstflush/img_1.jpg;1
;1;DARJEELING LOTNICZY BALASUN FTGFOPI;Herbata,Klasyczna,Herbata Czarna,Herbaty Indyjskie Darjeeling;79.95;1;51;Darjeeling Lotniczy Balasun - nasza wyjątkowa propozycja.;Miłośnicy herbaty z niecierpliwością wyczekiwali wiosny i pierwszych zbiorów świeżej herbaty. Darjeeling Lotniczy Balasun to wyjątkowa propozycja, która zachwyca bukietem aromatów i smaków. W trakcie zbiorów zwraca się szczególną uwagę na listki, aby nie zostały uszkodzone. Zbierane są tylko dwa pierwsze listki, które otulają pączek. Darjeeling Lotniczy to propozycja wyselekcjonowanej herbaty czarnej, która w wyglądzie przypomina zieloną z uwagi na kolor listków. Nasza propozycja Darjeelinga Lotniczego Balasun to herbata pochodząca z jednego z najbardziej znanych ogrodów założonych w 1871 roku niedaleko rzeki Balasun w rejonie miasta Kurseong. Plantacje rozpościerają się aż na 181 ha i położone są na wysokości od 365 do 1375 m n.p.m. W nutach smakowych odnajdziemy delikatnie pikantny posmak gałki muszkatołowej. W bukiecie aromatów dominują świeże kwiaty. Listki zachwycają świeżym kolorem. Po zaparzeniu rozwijają się, ukazując cały kształt. Napar ma piękną, bursztynową barwę.;1;http://localhost/images/product_images/darjeelinglotniczybalasunftgfopi/img_0.jpg;1
;1;DARJEELING MIRIK VALLEY FIRST FLUSH;Herbata,Klasyczna,Herbata Czarna,Cyber Monday,Herbaty Indyjskie Darjeeling;29.95;1;48;Herbata z pierwszego zbioru w Dolinie Mirik.;Darjeeling Mirik Valley first flush to herbata zbierana w pierwszym okresie zbiorów w regionie Darjeeling. Pochodzi z ogrodów położonych w Dolinie Mirik, która znajduje się na wysokości od 980 do 2440 m n.p.m. Powierzchnia upraw zajmuje około 485 hektarów. Herbata została ręcznie zebrana, a do produkcji użyto wyselekcjonowanych listków już z rozwiniętych pączków. Uzyskany napar wyróżnia się złocistożółtą barwą. W smaku charakteryzuje się intensywnymi i wyrazistymi nutami o delikatnie pikantnym posmaku.;1;http://localhost/images/product_images/darjeelingmirikvalleyfirstflush/img_0.jpg;1
;1;DARJEELING SECOND FLUSH;Herbata,Klasyczna,Herbata Czarna,Herbaty Indyjskie Darjeeling;27.95;1;27;Herbata indyjska Darjeeling z drugiego zbioru.;Darjeeling jest niewielkim regionem w Indiach (pomiędzy Nepalem i Bhutanem) położonym na wysokości ponad 2200 m n.p.m. o umiarkowanym klimacie, sprzyjającym rozwojowi turystyki. Plantacje gatunku Darjeeling dostarczają ok. 4-5% całej produkcji herbaty w Indiach. Ze względu na wysoką jakość upraw praktycznie cały zbiór jest przeznaczony na eksport. Dobrej jakości towarzyszą wysokie ceny osiągane przez ten gatunek herbaty na światowych rynkach. Drugi zbiór (Second Flush) Darjeeling trwa od początku maja do końca czerwca i towarzyszą mu często opady monsunowe, dzięki czemu krzewostan ulega szybkiemu rozrostowi dając obfite zbiory niewielkich liści. Herbata tego rodzaju cieszy się dużą popularnością i jest uznawana za produkt bardzo wysokiej jakości. Herbata Darjeeling SF jest wytwarzana z najmłodszych pędów, którym zawdzięcza delikatny napar o jasno-złotawym kolorze i lekki, odrobinę słodkawy smak.;1;http://localhost/images/product_images/darjeelingsecondflush/img_0.jpg;1
;1;ENGLISH BREAKFAST;Herbata,Klasyczna,Herbata Czarna,Herbaty po angielsku,Herbaty cejlońskie;21.45;1;11;Popularna kompozycja dwóch czarnych herbat gatunków Assam i Cejlon.;Popularna kompozycja dwóch czarnych herbat gatunków Assam i Cejlon. Dedykowana jest do spożycia w godzinach porannych. Charakteryzuje się mocnym i wyrazistym smakiem i brązowo-bursztynową barwą. Herbata English Breakfast według wielu źródeł została wymyślona przez XIX–wiecznego brytyjskiego kupca z przeznaczeniem do spożycia przy śniadaniu. Duża moc naparu miała wpłynąć pobudzającą na pijącą ją osobę. Obecnie praktycznie każdy szanujący się producent herbaty posiada w ofercie autorską wersję kompozycji i nazywa ją oczywiście… English Breakfast, chociaż częstokroć znacznie różnią się między sobą zawartością. W naszym przypadku jest to kompozycja gatunkowych czarnych herbat pochodzących z Indii i Cejlonu.;1;http://localhost/images/product_images/englishbreakfast/img_0.jpg, http://localhost/images/product_images/englishbreakfast/img_1.jpg;1
;1;GOLDEN YUNNAN;Herbata,Klasyczna,Herbata Czarna,Herbaty chińskie Yunnan,Herbaty do restauracji;24.95;1;3;"Czarna herbata o dużej ilości złotych ""tipsów"".";"Herbata pochodzi z górskiej prowincji Yunnan położonej w Chinach przy granicy z Wietnamem, Birmą i Laosem, a rosnące w tym regionie krzewy herbaciane charakteryzują się szerokimi i mięsistymi liśćmi o połyskującej powierzchni. W prowincji spotyka się ok. 200 lokalnych gatunków herbat z których wiele jest uznawane za jedne z najszlachetniejszych rodzajów klasycznej herbaty na świecie. Golden Yunnan swoją nazwę zawdzięcza dużej ilości złotych ""tipsów"", dzięki którym uzyskiwany susz ma niespotykany złocisto-bursztynowy odcień. Uzyskany napar jest mocny i aromatyczny, a smak wytrawny doceniany przez smakoszy.";1;http://localhost/images/product_images/goldenyunnan/img_0.jpg;1
;1;GRUZIŃSKA BOP;Herbata,Klasyczna,Herbata Czarna,Herbaty gruzińskie;13.45;1;51;Herbata pochodząca z górskich zboczy Kaukazu.;Herbata pochodząca z górskich zboczy Kaukazu. Intensywna, a zarazem lekko słodka w smaku, rozgrzewająca i pobudzająca.;1;http://localhost/images/product_images/gruziskabop/img_0.jpg;1
;1;GUNPOWDER SUPER BLACK;Herbata,Klasyczna,Herbata Czarna,Herbaty chińskie;23.95;1;60;Czarna herbata o dymno-korzennym aromacie.;Czarna herbata z prowincji Hubei zwinięta w malutkie kuleczki, które po zaparzeniu rozwijają się uwalniając dymno-korzenny aromat i aksamitny, słodkawy smak. Herbatę można parzyć nawet trzykrotnie, z każdym kolejnym parzeniem odkrywa nowe smaki.;1;http://localhost/images/product_images/gunpowdersuperblack/img_0.jpg;1
;1;KENYA TINDERET GFOP;Herbata,Klasyczna,Herbata Czarna,Herbaty kenijskie;23.95;1;13;Doskonała czarna kenijska herbata.;Herbata Kenya Tinderet posiada pikantny i bogaty charakter z wyczuwalną nutą cytryny. Doskonałe kenijskie liście przypominają nieco herbaty Assam, przede wszystkim te lekkie, wyższej jakości. Herbata Tinderet uprawiana jest na wysokości od 1500 do 2000 m n. p.m.;1;http://localhost/images/product_images/kenyatinderetgfop/img_0.jpg;1
;1;LAPSANG SOUCHONG;Herbata,Klasyczna,Herbata Czarna,Herbaty chińskie;16.45;1;38;"Herbata o specyficznym ""dymnym"" smaku i aromacie.";Lapsang Souchong to herbata chińska z prowincji Fukien z wyraźnym, wędzonym aromatem. Powstaje on podczas procesu wędzenia herbaty w dymie z korzeni chińskiej sosny. Posiada wiele minerałów pochodzących z gleby terenów Fukien. Smukłe, podłużnie zwijane liście tej herbaty dają napar o czerwonej barwie i przydymionym smaku. Polecana m.in do obfitych śniadań w stylu angielskim i do potraw rybnych.;1;http://localhost/images/product_images/lapsangsouchong/img_0.jpg;1
;1;NEPAL MALOOM FTGFOPI;Herbata,Klasyczna,Herbata Czarna,Herbaty nepalskie;24.45;1;85;Najwyższej jakości czarna herbata z Nepalu.;Ta wyjątkowa herbata uprawiana jest na plantacjach zlokalizowanych w wysokich partiach gór. Tamtejsze warunki atmosferyczne, niska temperatura powietrza, duża ilość słońca i niższe ciśnienie wpływają na smak i aromat. Napar ma jasną, delikatną barwę, charakterem przypomina herbatę Darjeeling z nutą kwiatowego posmaku. Produkt ten uznaje się za najwyższej jakości. Na jego susz składają się tylko najmłodsze części krzewów herbaty, a więc pączki oraz jeden najmłodszy, już rozwinięty listek. Nepal Maloom to wspaniała alternatywa dla lubiących wysublimowany smak herbaty.;1;http://localhost/images/product_images/nepalmaloomftgfopi/img_0.jpg;1
;1;SENCHA BLACK;Herbata,Klasyczna,Herbata Czarna,Herbaty chińskie Zheijang;19.45;1;1;Herbata czarna o delikatnym smaku.;Czarna herbata z chińskiej prowincji Zhejiang. Produkowana tak jak herbaty czarne, ale zwijana na sposób charakterystyczny dla zielonej Senchy. W smaku delikatna, jednak z lekko pikantną nutą.  Składniki: herbata czarna 100%  Kraj pochodzenia: Chiny;1;http://localhost/images/product_images/senchablack/img_0.jpg;1
;1;TURECKA BOP;Herbata,Klasyczna,Herbata Czarna,Herbaty tureckie;16.45;1;42;Herbata czarna z rejonu Morza Czarnego.;Czarna herbata pochodząca z rejonu Morza Czarnego. Jej drobne, połamane listki szybko dają napar o unikalnym kolorze, smaku i słodowym aromacie.  Składniki: herbata czarna 100%  Kraj pochodzenia: Turcja;1;http://localhost/images/product_images/tureckabop/img_0.jpg;1
;1;YUN MING CZARNY;Herbata,Klasyczna,Herbata Czarna,Herbaty chińskie;29.95;1;64;Herbata czarna o lekko słodkawym smaku.;Yun ming to klasyczna chińska czarna herbata, polecana szczególnie miłośnikom mocnych, ale pozbawionych goryczy naparów. Posiada głęboki, wyrazisty smak i niezwykle przyjemny herbaciany posmak. Odmiana ta świetnie nadaje się do picia bez żadnych dodatków. Zawiera także sporo teiny.;1;http://localhost/images/product_images/yunmingczarny/img_0.jpg;1
;1;YUNNAN BLACK PREMIUM;Herbata,Klasyczna,Herbata Czarna,Herbaty w puszkach firmowych,Herbaty chińskie Yunnan,Herbaty chińskie;19.45;1;10;Herbata czarna o mocnym aromacie.;Herbata ta pochodzi z górskiej prowincji Yunnan położonej w Chinach przy granicy z Wietnamem, Birmą i Laosem. Krzewy herbaciane charakteryzują się szerokimi i mięsistymi liśćmi o połyskującej powierzchni. W suszu wyraźnie widać jaśniejsze listki (tzw. tipsy). Napar charakteryzuje się brązowym kolorem, intensywnym, charakterystycznym zapachem i posmakiem. Jest to dość mocna, cierpka w smaku herbata.;1;http://localhost/images/product_images/yunnanblackpremium/img_0.jpg, http://localhost/images/product_images/yunnanblackpremium/img_1.jpg;1
;1;BANCHA;Herbata,Klasyczna,Herbata Zielona,Herbaty chińskie,Herbaty do restauracji;19.45;1;31;Zielona herbata typu japońskiego;Bancha należy do grona herbat zielonych. Pozyskiwana jest z krzewu Camellia sinensis czyli z tego samego, z którego pozyskuje się herbatę Sencha. Sencha powstaje z pierwszego zbioru delikatnych, młodych listków herbaty. Bancha zaś to tzw. herbata późnego zbioru (zbierana późnym latem, jesienią, a nawet i niekiedy zimą). Wyróżnia się Banchę z drugiego zbioru, uzyskiwaną najwcześniej – pod koniec lata, tradycyjnie nazywaną nibanchą. Charakteryzuje się najwyższą jakością. Bancha z trzeciego zbioru – to sanbancha, a z czwartego to yonbancha. W obrocie towarowym wszystkie trzy zbiory noszą jedną nazwę Bancha. Bancha produkowana jest z liści twardszych, grubo żyłkowanych z łodyżkami. W Japonii to jedna z najpopularniejszych herbat. Jednak mało znana w Europie. Na Starym Kontynencie jest napojem cenionym głównie przez makrobiotyków i wegetarian.;1;http://localhost/images/product_images/bancha/img_0.jpg;1
;1;BI LUO CHUN;Herbata,Klasyczna,Herbata Zielona,Herbaty chińskie;22.45;1;40;Chińska zielona herbata o mocno zwiniętych listkach.;Bi Luo Chun to zielona herbata pochodząca z Dongting w prowincji Jiangsu w Chinach. Herbata wytrwarzana jest z młodych, świeżych pączków herbacianych, które zrywane są wczesną wiosną. Na plantacjach wśród krzewów herbacianych sadzone są drzewka owocowe, które zapewniają herbacie cień, a także przekazują swój zapach gdy kwitną.;1;http://localhost/images/product_images/biluochun/img_0.jpg;1
;1;CEYLON DIMBULA OPA2;Herbata,Klasyczna,Herbata Zielona,Herbaty cejlońskie,Herbaty do biura,Herbaty Sri Lanka;19.95;1;28;Cejlońska zielona herbata.;Zielona herbata z wysokich gór Sri Lanki. Charakteryzuje się dużymi, mocno skręconymi liśćmi, które po zalaniu wodą uwalniają swój szlachetny, a zarazem delikatny smak. Idealna dla miłośników cejlońskich herbat.;1;http://localhost/images/product_images/ceylondimbulaopa2/img_0.jpg;1
;1;CHINA GREEN YUNNAN;Herbata,Klasyczna,Herbata Zielona,Herbaty w puszkach firmowych,Herbaty chińskie Yunnan;19.95;1;5;Wyjątkowa w smaku herbata zielona z rejonu Yunnan.;Herbata zielona pochodząca z prowincji Yunnan. Wyjątkowo odświeżająca i pobudzająca do aktywności. Herbata pochodzi z górskiej prowincji Yunnan położonej w Chinach przy granicy z Wietnamem, Birmą i Laosem. Krzewy herbaciane charakteryzują się szerokimi i mięsistymi liśćmi o połyskującej powierzchni. Napar o delikatnym smaku uznawanym przez miłośników herbaty na całym świecie. China Yunnan jest uznawana za jedną z najlepszych klasycznych herbat na rynku. Herbatę zieloną otrzymuje się poddając suszeniu liście niezwłocznie po zerwaniu ich z krzewu, tak aby nie dopuścić do rozpoczęcia procesu utleniania. Dzięki temu herbata zielona utrzymuje więcej składników o leczniczych właściwościach. Herbata zielona posiada bardzo ziołowy aromat oraz wyraźnie delikatniejszy smak niż pozostałe rodzaje herbat. Najbardziej popularne odmiany zielonej herbaty to: Sencha, Genmaicha oraz Gunpowder. Szczególną popularnością herbaty zielone cieszą się w Chinach oraz Japonii.;1;http://localhost/images/product_images/chinagreenyunnan/img_0.jpg, http://localhost/images/product_images/chinagreenyunnan/img_1.jpg;1
;1;CHINA GUNPOWDER;Herbata,Klasyczna,Herbata Zielona,Herbaty chińskie;13.45;1;25;Zielona herbata Gunpowder o gorzkim smaku.;Mianem Gunpowder (czyli proch strzelniczy) jest nazywana herbata o listkach zwiniętych do postaci herbacianych kulek małej średnicy, twardych w dotyku, o szaro-zielonym odcieniu. China Gunpowder pochodzi z chińskiej prowincji Anhwei gdzie jest produkowany podczas wyjątkowo krótkich zbiorów. W Chinach ten rodzaj herbaty nosi nazwę perłowej. Herbata zielona Gunpowder charakteryzuje się bardzo wyraźnym gorzkim smakiem i złocistą barwą naparu. Herbatę zieloną otrzymuje się poddając suszeniu liście niezwłocznie po zerwaniu ich z krzewu, tak aby nie dopuścić do rozpoczęcia procesu utleniania. Dzięki temu herbata zielona utrzymuje więcej składników o leczniczych właściwościach. Herbata zielona posiada bardzo ziołowy aromat oraz wyraźnie delikatniejszy smak niż pozostałe rodzaje herbat. Najbardziej popularne odmiany zielonej herbaty to: Sencha, Genmaicha oraz Gunpowder. Szczególną popularnością herbaty zielone cieszą się w Chinach oraz Japonii.;1;http://localhost/images/product_images/chinagunpowder/img_0.jpg;1
;1;CHINA GUNPOWDER SUPER;Herbata,Klasyczna,Herbata Zielona,Herbaty chińskie,Herbaty do gastronomii;14.45;1;22;Herbata zaliczana do specjałów.;Mianem Gunpowder (czyli proch strzelniczy) jest nazywana herbata o listkach zwiniętych do postaci herbacianych kulek małej średnicy, twardych w dotyku, o szaro-zielonym odcieniu. China Gunpowder pochodzi z chińskiej prowincji Anhwei, gdzie jest produkowany podczas wyjątkowo krótkich zbiorów. W Chinach ten rodzaj herbaty nosi nazwę perłowej. Charakteryzuje się bardzo wyraźnym gorzkim smakiem i złocistą barwą naparu.;1;../images/product_images/chinagunpowdersuper/img_0.jpg;1
;1;GEN MAI CHA;Herbata,Klasyczna,Herbata Zielona,Herbaty chińskie;19.95;1;39;Zielona herbata z prażonymi ziarenkami ryżu.;Gen mai cha to odmiana zielonej herbaty wzbogacona prażonymi ziarenkami ryżu. Po zaparzeniu otrzymujemy złoto-zielony napar o słodkawym smaku z delikatną kasztanową nutą. Herbatę zieloną otrzymuje się poddając suszeniu liście niezwłocznie po zerwaniu ich z krzewu, tak aby nie dopuścić do rozpoczęcia procesu utleniania. Dzięki temu herbata zielona utrzymuje więcej składników o leczniczych właściwościach. Herbata zielona posiada bardzo ziołowy aromat oraz wyraźnie delikatniejszy smak niż pozostałe rodzaje herbat. Najbardziej popularne odmiany zielonej herbaty to: Sencha, Gen mai cha oraz Gunpowder.;1;http://localhost/images/product_images/genmaicha/img_0.jpg;1
;1;JAŚMINOWA;Herbata,Herbata Zielona,Herbata z jaśminem,Herbaty do restauracji;16.45;1;44;Herbata zielona Yunnan z dodatkiem kwiatu jaśminu.;Tradycyjna chińska zielona herbata Yunnan z dodatkiem kwiatu jaśminu. To doskonała propozycja do ciężko strawnych posiłków jak i do  poobiedniej sjesty.  Składniki: herbata zielona Yunnan, jaśmin  Kraj pochodzenia: Chiny;1;http://localhost/images/product_images/jaminowa/img_0.jpg;1
;1;KOREA JEJU OP;Herbata,Klasyczna,Herbata Zielona,Herbaty koreańskie;31.95;1;2;Wspaniała zielona herbata o żółto-zielonym naparze.;Ta wspaniała zielona herbata uprawiana jest na plantacjach położonych na wyspie Jeju u wybrzeży Korei Południowej. Żółto-zielony napar o łagodnym słodkawym smaku i delikatnym kwiatowym aromacie jest godny polecenia na każdą, nawet najbardziej wyjątkową okazję. Wyspę Jeju Dodano do Listy Światowego Dziedzictwa UNESCO ze względu na wyjątkowe środowisko naturalne. Na tej wulkanicznej wyspie panują bardzo dobre warunki do produkcji zielonej herbaty - słońce, średni poziom deszczu oraz bogate i urodzajne gleby. Koreańscy producenci herbaty byli zachęcani do wybierania tej wulkanicznej ziemi, właśnie ze względu na dogodne warunki uprawy. Aktualnie 23% całkowitego zbioru koreańskich liści herbaty pochodzi z Jeju.;1;http://localhost/images/product_images/koreajejuop/img_0.jpg;1
;1;SENCHA;Herbata,Herbata Zielona,Herbaty chińskie,Herbaty do gastronomii;13.45;1;66;Zielona herbata Sencha.;"Herbata w smaku goryczka sąsiaduje blisko ze słodyczą, sencha dosłownie tłumacząc ""duszona herbata"".";1;http://localhost/images/product_images/sencha/img_0.jpg;1
;1;SENCHA JAPAN STYLE;Herbata,Klasyczna,Herbata Zielona,Herbaty w puszkach firmowych,Herbaty chińskie,Herbaty do restauracji;19.45;1;2;Najpopularniejsza herbata typu japońskiego.;Herbatę zieloną Sencha otrzymuje się poddając suszeniu liście niezwłocznie po zerwaniu ich z krzewu, tak aby nie dopuścić do rozpoczęcia procesu utleniania. Dzięki temu utrzymuje ona więcej składników o leczniczych właściwościach, oraz posiada wiele walorów smakowych (ziołowy aromat oraz wyraźnie delikatniejszy smak niż pozostałe rodzaje herbat). Nasza Japońska Sencha pochodzi z chińskich plantacji, ale przygotowywana jest na sposób japoński. Obowiązujące w Japonii standardy dotyczące uprawy krzewów herbaty i obróbki suszu sprawiają, że herbata otrzymywana tą metodą jest najwyższej jakości.;1;http://localhost/images/product_images/senchajapanstyle/img_0.jpg, http://localhost/images/product_images/senchajapanstyle/img_1.jpg;1
;1;YUN MING ZIELONY;Herbata,Klasyczna,Herbata Zielona,Herbaty chińskie;31.95;1;58;Zielona herbata o lekko słodkawym smaku.;Herbata Yun Ming złożona jest z biało-zielonych liści herbacianych, ściśle skręconych w niewielkie kuleczki, które podczas zaparzania stopniowo rozwijają się do postaci całych liści. Dzięki temu napar powstaje wolniej niż w przypadku innych zielonych i umożliwia dostosowania zaparzenia do własnych preferencji smakowych.;1;http://localhost/images/product_images/yunmingzielony/img_0.jpg;1
;1;PU ERH;Herbata,Klasyczna,Herbata Pu Erh,Herbaty chińskie,Herbaty do restauracji;16.45;1;39;"Herbata czerwona nazywana ""zabójcą tłuszczu"".";Chińczycy mianem herbaty czerwonej określają zieloną, zawilgoconą, herbatę Pu Erh, którą poddaje się procesowi fermentacji w celu nadania jej głębszej, ciemniejszej barwy. Kiedyś zarezerwowana jedynie dla chińskiej rodziny cesarskiej z czasem stała się powszechnie dostępna. Gotowy napar posiada mocną, czerwonobrązową barwę i nabiera charakterystycznego, korzenno-ziemistego zapachu i posmaku. Napar z czerwonej herbaty działa pobudzająco na wytwarzanie soków trawiennych oraz stymuluje pracę jelit, co przyśpiesza metabolizm, a w efekcie końcowym wspomaga spalanie tłuszczów. Czerwona herbata obniża poziom cholesterolu i ciśnienie krwi, co poprawia również krążenie. To podstawa diety osób, które zdecydowały się na odchudzanie oraz tych, którym zależy na naturalnym oczyszczaniu organizmu.;1;http://localhost/images/product_images/puerh/img_0.jpg;1
;1;PU ERH SUPERIOR;Herbata,Klasyczna,Herbata Pu Erh,Herbaty chińskie;22.95;1;55;Wyśmienita odmiana herbaty czerwonej.;Chińczycy mianem herbaty czerwonej określają zieloną, zawilgoconą, herbatę Pu Erh, którą poddaje się procesowi fermentacji w celu nadania jej głębszej, ciemniejszej barwy. Kiedyś zarezerwowana jedynie dla chińskiej rodziny cesarskiej z czasem stała się powszechnie dostępna. Superior to doskonała odmiana herbaty Pu Erh o delikatnie ziemistym smaku. Bardzo skutecznie zastępuje małą czarną i dostarcza dawkę dobrego humoru na cały dzień. Napar z czerwonej herbaty działa pobudzająco na wytwarzanie soków trawiennych oraz stymuluje pracę jelit, co przyśpiesza metabolizm, a w efekcie końcowym wspomaga spalanie tłuszczów. Czerwona herbata obniża poziom cholesterolu i ciśnienie krwi, co poprawia również krążenie. To podstawa diety osób, które zdecydowały się na odchudzanie oraz tych, którym zależy na naturalnym oczyszczaniu organizmu.;1;http://localhost/images/product_images/puerhsuperior/img_0.jpg, http://localhost/images/product_images/puerhsuperior/img_1.jpg;1
;1;PU ERH TUOCHA;Herbata,Klasyczna,Herbata Pu Erh,Herbaty chińskie Yunnan;24.95;1;27;Herbata Pu erh w postaci sprasowanych gniazdek.;"Postać uformowanej chińskiej herbaty Pu Erh, która pochodzi z ogrodu Yongde w prowincji Yunnan. Odpowiednio dobrane i wyselekcjonowane listki poddano sprasowaniu w specjalnych formach, nadając im kształt gniazdek. Fermentacja tej herbaty odbywa się w wykorzystaniem procesu wu dui, który polega na uaktywnieniu naturalnych enzymów występujących w listkach. Po zaparzeniu otrzymujemy ciemnobordowy napar, który cechuje się wyrazistym lekko kasztanowym smakiem. Charakterystyczny posmak herbaty pu erh jest tu połączony z delikatnie słodową nutą, co nadaje całości pewnej lekkości. Wygodna forma herbaty sprawia, że jest ona ceniona, szczególnie przez osoby aktywnie spędzające czas czy podróżujące. Ulubiona wersja herbaty ""do pracy"".";1;http://localhost/images/product_images/puerhtuocha/img_0.jpg;1
;1;SUNNON YELLOW TEA;Herbata,Klasyczna,Herbata Żółta,Herbaty urodzinowe,Herbaty chińskie Anhui;29.95;1;45;Wyjątkowa i mało znana w Europie herbata żółta.;Sunon Yellow tea to żółta herbata produkowana w Huoshan, w prowincji Anhui w bardzo małych ilościach. Dlatego też jest trudno dostępna i bardzo mało znana nie tylko w Polsce, ale i w Europie. Napar jest koloru bladożółtego, posiada wyrazisty aromat i smak zbliżony do białej herbaty z lekko orzechową nutą. Herbata żółta przywraca siły witalne, doskonale wpływa na układ trawienny, dodatkowo usuwa szkodliwe substancje z organizmu.;1;http://localhost/images/product_images/sunnonyellowtea/img_0.jpg;1
;1;YELLOW BUDS;Herbata,Herbata Żółta,Herbaty chińskie Anhui;29.95;1;38;Herbata żółta pochodząca z Chin z prowincji Anhui;Herbata żółta pochodząca z Chin z prowincji Anhui. Charakteryzuje się słomkowo-żółtą barwą. W smaku wyczujemy delikatne, owocowe nuty. Pozostawia przyjemny, słodki posmak. Zapach jest bardzo charakterystyczny, lekko orzeźwiający. Listki są podłużnie zwinięte, a po zaparzeniu rozwijają się i mają zielono-złocisty kolor.;1;http://localhost/images/product_images/yellowbuds/img_0.jpg;1
;1;JASMINE OOLONG;Herbata,Klasyczna,Herbata Oolong,Herbata z jaśminem,Herbaty chińskie;24.95;1;36;Jaśminowa herbata Oolong.;Chińska herbata turkusowa z regionu Kuangsi-Czuang. Swój hipnotyzujący zapach zawdzięcza leżakowaniu ze świeżymi kwiatami jaśminu. Prawdziwa gratka dla wszystkich fanów herbat Oolong.;1;http://localhost/images/product_images/jasmineoolong/img_0.jpg;1
;1;MILK OOLONG;Herbata,Klasyczna,Herbata Oolong,Herbaty urodzinowe,Promocja urodzinowa,Herbaty chińskie;23.45;1;93;Herbata odmiany Oolong charakteryzująca się mlecznym posmakiem.;"W wielu krajach herbaty Oolong określa się jako należące do odmiany ""niebieskich"" lub ""niebiesko-zielonych"". Milk Oolong to herbata najwyższej jakości pochodząca z Anxi w prowincji Fujian. Jedyna w swoim rodzaju, ma niepowtarzalny smak, który zawdzięcza przejściu przez specjalny proces pozwalający nadać mleczny aromat. Uzyskany napar ma mocną żółtozłotą barwę i mleczny posmak.";1;http://localhost/images/product_images/milkoolong/img_0.jpg, http://localhost/images/product_images/milkoolong/img_1.jpg;1
;1;OOLONG;Herbata,Klasyczna,Herbata Oolong,Herbaty chińskie;15.95;1;48;Częściowo utleniona herbata o delikatnym smaku i wyjątkowym zapachu.;"W wielu krajach herbaty Oolong określa się jako ""niebieskie"" lub ""niebiesko-zielone"". Ten gatunek herbaty przygotowywany w procesie utleniania, potrzebuje kilku lat by trafić do naszych domów. Uprawiany jest w południowych Chinach oraz na Tajwanie. Jego wyjątkowość tkwi jednak nie tyle w geografii, co w sposobie przygotowania. Przy wytwarzaniu herbaty Oolong proces fermentacji zostaje w pewnym momencie przerwany.";1;http://localhost/images/product_images/oolong/img_0.jpg;1
;1;PEACH OOLONG;Herbata,Herbata Oolong;21.45;1;57;Klasyczna herbata Oolong o orzeźwiającym, brzoskwiniowym aromacie;"""Peach Oolong – klasyczna herbata o przyjemnym aromacie soczystej brzoskwini, która zachwyca swoją harmonią smaku i aromatu. To wyjątkowa propozycja z serii starannie dobranych herbat, obok dobrze znanych już Milk Oolong i Jasmine Oolong, cieszących się uznaniem wśród miłośników herbacianych klasyków. Jej subtelny smak łączy delikatność tradycyjnego oolonga z naturalną, owocową słodyczą dojrzałej brzoskwini, dzięki czemu każda filiżanka staje się prawdziwym doznaniem dla zmysłów. Proces produkcji tej herbaty jest oparty na tradycyjnych metodach, które podkreślają jej unikalne właściwości i zachowują pełnię aromatu. Peach Oolong wyróżnia się swoją lekkością, jednocześnie oferując głębię smaku, który idealnie sprawdza się zarówno jako codzienna przyjemność, jak i elegancki dodatek do wyjątkowych chwil. Herbata ta dostępna jest jedynie w starannie wyselekcjonowanych miejscach, co czyni ją rarytasem dla koneserów poszukujących herbat najwyższej jakości. Doskonale komponuje się z popołudniowym relaksem, stanowiąc idealne połączenie tradycji, wyrafinowania i naturalnej słodyczy.""";1;http://localhost/images/product_images/peachoolong/img_0.jpg;1
;1;HONEYBUSH;Herbata,Klasyczna,Rooibos i Honeybush,Herbaty RPA;14.95;1;94;Napar Honeybush o lekko miodowym smaku i orzeźwiającym zapachu.;Honeybush jest otrzymywana z liści południowo-afrykańskiego krzewu o łacińskiej nazwie Cyclopia intermedia ,który nie jest spokrewniony z tradycyjnym krzewem herbacianym. Do robienia naparu używa się liści, łodygi i kwiatów. Herbatę z miodokrzewu czasem pije się z mlekiem i cukrem, ale by docenić jej subtelny, słodki smak nie należy tego robić. Smak tej herbaty określany jest bardzo różnie, np. porównywany jest do gorącego dżemu morelowego, określany jako kwiatowy, miodowy, jako smak suszonej mieszanki owocowej z wyczuwalną słodkością. Herbata ta ma tą zaletę, że jej chłodny napar może być pity jako mrożona herbata i świetnie smakuje z sokami owocowymi.;1;http://localhost/images/product_images/honeybush/img_0.jpg;1
;1;ROOIBOS;Herbata,Klasyczna,Rooibos i Honeybush;9.95;1;84;Rooibos - czerwonokrzew afrykański.;"Rooibos jest krzewem uprawianym w RPA, niespokrewnionym z herbatą z którą łączy go tylko sposób zaparzania. Utarło się jednak określać napar z czerwonokrzewu właśnie ""herbatą"". Herbata rooibos powstaje z liści krzewu, które ususzeniu tnie się na drobne kawałki. Napar ma kolor słomkowy, a jego smak wyróżnia nuta miodowa. Napar charakteryzuje się łagodnością i brakiem typowego w herbatach zielonych lub czarnych posmaku goryczy, ponieważ nie zawiera garbników będących jego przyczyną. Nie zawiera także kofeiny, dlatego może być pity bez ograniczeń przez dzieci oraz przed snem. Zalecany jest także kobietom w ciąży ponieważ obfituje w żelazo i zapobiega mdłościom.";1;http://localhost/images/product_images/rooibos/img_0.jpg, http://localhost/images/product_images/rooibos/img_1.jpg;1
;1;HERBACIANY SPECJAŁ;Herbata Kwitnąca,Herbaty w kartonikach okazjonalnych,Prezenty dla mamy,Prezenty dla kobiety,Prezenty dla zakochanych,Prezenty dla Babci i Dziadka;19.9;1;67;Dwie herbaty kwitnące w firmowym opakowaniu.;Zestaw prezentowy zawiera:  - Herbatę kwitnącą zieloną Kwiat miłości - 1 szt;1;http://localhost/images/product_images/herbacianyspecja/img_0.jpg, http://localhost/images/product_images/herbacianyspecja/img_1.jpg, http://localhost/images/product_images/herbacianyspecja/img_2.jpg;1
;1;KWIAT HARMONII;Herbata,Herbata Kwitnąca;8.9;1;92;Ręcznie zwijana zielona herbata kwitnąca.;Kwiaty wraz z herbatą tworzą formę koszyczka, kwiaty zaś tworzą barwny jego pałąk. Przed zaparzeniem herbata ma kształt niepozornej kulki, która umieszczona w gorącej wodzie przekształca się w piękny rozłożysty kwiat. Możemy więc dopieścić nie tylko podniebienia delikatnym smakiem unikatowych kompozycji, ale także nacieszyć oczy prawdziwym spektaklem, jakim jest rozkwitanie pączka w dzbanku. Niezwykłe specjały, mogą być nie tylko kwitnącym ukoronowaniem wystawnej kolacji, lub obiadu z przyjaciółmi. Świetnie nadają się także na prezent, będąc zaskakującą niespodzianką.;1;http://localhost/images/product_images/kwiatharmonii/img_0.jpg;1
;1;KWIAT MIŁOŚCI (LICHI BALL);Herbata,Klasyczna,Herbata Kwitnąca;8.9;1;56;Ręcznie zwijana zielona herbata kwitnąca.;Kwiat miłości (Lichi Ball) to kompozycja zielonej herbaty pochodzącej z prowincji Fujian oraz kwiatu globe amaranth (jedna z odmian amarantusa, polska nazwa wiecznik kulisty) o listkach w odcieniu różu. Przed zaparzeniem herbata ma kształt niepozornej kulki, która umieszczona w gorącej wodzie przekształca się w piękny rozłożysty kwiat. Możemy więc dopieścić nie tylko podniebienia delikatnym smakiem unikatowych kompozycji, ale także nacieszyć oczy prawdziwym spektaklem, jakim jest rozkwitanie pączka w dzbanku. Niezwykłe specjały, mogą być nie tylko kwitnącym ukoronowaniem wystawnej kolacji, lub obiadu z przyjaciółmi. Świetnie nadają się także na prezent, będąc zaskakującą niespodzianką.;1;http://localhost/images/product_images/kwiatmiocilichiball/img_0.jpg;1
;1;KWIAT MIŁOŚCI TOREBKA NATURALNA;Herbata Kwitnąca,Herbaty pakowane,Herbaty w torebkach okazjonalnych;26.9;1;54;Zielona herbata kwitnąca 4 szt;Kwiat miłości (Lichi Ball) to kompozycja zielonej herbaty pochodzącej z prowincji Fujian oraz kwiatu globe amaranth (jedna z odmian amarantusa, polska nazwa wiecznik kulisty) o listkach w odcieniu różu. Przed zaparzeniem herbata ma kształt niepozornej kulki, która umieszczona w gorącej wodzie przekształca się w piękny rozłożysty kwiat. Możemy więc dopieścić nie tylko podniebienia delikatnym smakiem unikatowych kompozycji, ale także nacieszyć oczy prawdziwym spektaklem, jakim jest rozkwitanie pączka w dzbanku. Niezwykłe specjały, mogą być nie tylko kwitnącym ukoronowaniem wystawnej kolacji, lub obiadu z przyjaciółmi. Świetnie nadają się także na prezent, będąc zaskakującą niespodzianką.;1;http://localhost/images/product_images/kwiatmiocitorebkanaturalna/img_0.jpg, http://localhost/images/product_images/kwiatmiocitorebkanaturalna/img_1.jpg, http://localhost/images/product_images/kwiatmiocitorebkanaturalna/img_2.jpg;1
;1;KWIAT NADZIEI;Herbata,Herbata Kwitnąca;8.9;1;65;Ręcznie zwijana biała herbata kwitnąca.;Herbata biała Silver Needle ręcznie zwijana wraz z kwiatem lilii, jaśminu. Rozwinięta kula zachwyca pomarańczowo-kremowymi kwiatami. Herbata pochodzi z chińskiej prowincji Fujian. Przed zaparzeniem herbata ma kształt niepozornej kulki, która umieszczona w gorącej wodzie przekształca się w piękny rozłożysty kwiat. Możemy więc dopieścić nie tylko podniebienia delikatnym smakiem unikatowych kompozycji, ale także nacieszyć oczy prawdziwym spektaklem, jakim jest rozkwitanie pączka w dzbanku. Niezwykłe specjały, mogą być nie tylko kwitnącym ukoronowaniem wystawnej kolacji, lub obiadu z przyjaciółmi. Świetnie nadają się także na prezent, będąc zaskakującą niespodzianką.;1;http://localhost/images/product_images/kwiatnadziei/img_0.jpg;1
;1;KWIAT PRZYJAŹNI;Herbata,Herbata Kwitnąca;8.9;1;67;Ręcznie zwijana biała herbata kwitnąca.;Herbata ręcznie zwijana z kwiatem goździka. Rozwinięta zachwyca różowym kwiatem. Herbacianą kulkę wystarczy umieścić w dzbanku z wodą o odpowiedniej temperaturze, by po chwili cieszyć się pięknym widokiem rozkwitniętego pączka oraz delektować się smacznym naparem o niezwykle delikatnym smaku.;1;http://localhost/images/product_images/kwiatprzyjani/img_0.jpg;1
;1;KWIAT RADOŚCI;Herbata,Herbata Kwitnąca;8.9;1;86;Ręcznie zwijana biała herbata kwitnąca.;Herbata biała zwinięta wraz z kwiatem chryzantemy, jaśminu oraz wiecznika kulistego. Przed zaparzeniem herbata ma kształt niepozornej kulki, która umieszczona w gorącej wodzie przekształca się w piękny rozłożysty kwiat. Możemy więc dopieścić nie tylko podniebienia delikatnym smakiem unikatowych kompozycji, ale także nacieszyć oczy prawdziwym spektaklem, jakim jest rozkwitanie pączka w dzbanku. Niezwykłe specjały, mogą być nie tylko kwitnącym ukoronowaniem wystawnej kolacji, lub obiadu z przyjaciółmi. Świetnie nadają się także na prezent, będąc zaskakującą niespodzianką.;1;http://localhost/images/product_images/kwiatradoci/img_0.jpg;1
;1;KWIAT SERDECZNOŚCI;Herbata,Herbata Kwitnąca;8.9;1;6;Ręcznie zwijana czarna herbata Black Needle.;Herbata czarna Black Needle, ręcznie zwijana. Herbata pochodzi z chińskiej prowincji Fujian. Przed zaparzeniem herbata ma kształt niepozornej kulki, która umieszczona w gorącej wodzie przekształca się w piękny rozłożysty kwiat. Możemy więc dopieścić nie tylko podniebienia delikatnym smakiem unikatowych kompozycji, ale także nacieszyć oczy prawdziwym spektaklem, jakim jest rozkwitanie pączka w dzbanku. Niezwykłe specjały, mogą być nie tylko kwitnącym ukoronowaniem wystawnej kolacji, lub obiadu z przyjaciółmi. Świetnie nadają się także na prezent, będąc zaskakującą niespodzianką.;1;http://localhost/images/product_images/kwiatserdecznoci/img_0.jpg;1
;1;KWIAT SPEŁNIENIA;Herbata,Herbata Kwitnąca;8.9;1;35;Ręcznie zwijana biała herbata kwitnąca.;Herbata ręcznie zwijana wraz z kwiatem wiecznika kulistego oraz kwiatem hibiskusa. Formowana w kształt kuli, która umieszczona w dzbanku z gorącą wodą rozkwita, ukazując różowe kwiaty oraz zielone listki. Napar charakteryzuje się delikatnym smakiem oraz kolorem. Kwiaty wraz z herbatą tworzą formę koszyczka, kwiaty zaś tworzą barwny jego pałąk. Przed zaparzeniem herbata ma kształt niepozornej kulki, która umieszczona w gorącej wodzie przekształca się w piękny rozłożysty kwiat. Możemy więc dopieścić nie tylko podniebienia delikatnym smakiem unikatowych kompozycji, ale także nacieszyć oczy prawdziwym spektaklem, jakim jest rozkwitanie pączka w dzbanku. Niezwykłe specjały, mogą być nie tylko kwitnącym ukoronowaniem wystawnej kolacji, lub obiadu z przyjaciółmi. Świetnie nadają się także na prezent, będąc zaskakującą niespodzianką.;1;http://localhost/images/product_images/kwiatspenienia/img_0.jpg;1
;1;ZESTAW HERBAT KWITNĄCYCH;Herbata,Herbata Kwitnąca,Zestawy prezentowe;49.9;1;1;Bombonierka w złotym opakowaniu;Herbaty kwitnące to wyjątkowe produkty, który wymagają pięknej oprawy. Prezent na każdą okazję zarówno dla kobiet, jak i mężczyzn w różnym wieku, a także wspaniały dodatek do innych produktów. Bombonierka z herbatami kwitnącymi to błyszczący, złoty, atrakcyjny design, różnorodność - aż 9 różnych kwiatów w środku, kompaktowe opakowanie i wspaniały, wyjątkowy prezent.;1;http://localhost/images/product_images/zestawherbatkwitncych/img_0.jpg, http://localhost/images/product_images/zestawherbatkwitncych/img_1.jpg, http://localhost/images/product_images/zestawherbatkwitncych/img_2.jpg, http://localhost/images/product_images/zestawherbatkwitncych/img_3.jpg;1
;1;ZESTAW KWITNĄCA MIŁOŚĆ;Prezenty,Herbata Kwitnąca,Zestawy prezentowe,Prezenty dla mamy,Prezenty dla kobiety,Prezenty dla zakochanych,Prezenty dla Babci i Dziadka;29.9;1;71;Cztery herbaty kwitnące w wyjątkowym opakowaniu.;Herbaty kwitnące to wyjątkowe produkty, który wymagają pięknej oprawy. Prezent na każdą okazję zarówno dla kobiet, jak i mężczyzn w różnym wieku, a także wspaniały dodatek do innych produktów. Bombonierka z herbatami kwitnącymi to atrakcyjny design, różnorodność - 4 różne kwiaty w środku, kompaktowe opakowanie i wspaniały, wyjątkowy prezent.;1;http://localhost/images/product_images/zestawkwitncamio/img_0.jpg;1
;1;ALEJA GWIAZD;Herbata,Kompozycje,Herbata Czarna z dodatkami,Herbaty urodzinowe,Herbaty Adwentowe,Promocja urodzinowa,Herbaty cejlońskie;24.95;1;30;Czarna herbata Ceylon z dodatkiem cytryny, truskawki, żurawiny oraz...;Wysokiej jakości herbata Ceylon High Grown z wyraźną w smaku cytryną oraz delikatnymi owocami brzoskwini, żurawiny i truskawki, a także barwnymi płatkami bławatka.;1;http://localhost/images/product_images/alejagwiazd/img_0.jpg;1
;1;BAJECZNE ŚWIĘTA;Herbata,Herbata Czarna z dodatkami,Herbaty świąteczne,Herbaty na zimę;20.95;1;70;Czarna herbata OP z dodatkiem truskawki, wiśni, płatków śniegu oraz...;Pełna smaku kompozycja czarnej herbaty, która przypomni jak niezwykły i bajeczny może być czas świąt. Owocowa moc dzikiej róży, jabłka, wiśni, żurawiny i truskawki przeniesie do magicznej krainy. W tym bajecznym świecie pełnym kwitnących hibiskusów i róż padają płatki słodkiego, cukrowego śniegu.;1;http://localhost/images/product_images/bajecznewita/img_0.jpg;1
;1;CASABLANCA;Herbata,Kompozycje,Herbata Czarna z dodatkami,Herbaty cejlońskie;23.95;1;88;Czarna herbata Ceylon z dodatkiem melisy, kawałków jabłek oraz...;Czarna herbata Ceylon High Grown z dodatkiem melisy oraz kawałków jabłek, truskawek i ananasa w połączeniu z naturalnymi aromatami truskawki i ananasa.;1;http://localhost/images/product_images/casablanca/img_0.jpg;1
;1;CHWILA PRZY KOMINKU;Herbata,Kompozycje,Herbata Czarna z dodatkami,Herbaty rozgrzewające,Herbata wietnamska;19.45;1;20;Herbata czarna OP oraz zielona Sencha z dodatkiem rodzynek, pomarańczy oraz...;Wspaniałe, korzenne połączenie czarnej wietnamskiej herbaty z zielonymi listkami herbaty Sencha. Oryginalności dodają kawałki cynamonu, skórka pomarańczowa, płatki róży oraz słodkie rodzynki. Złocisty cynamonowo-pomarańczowy napar umili długie jesienne i zimowe wieczory, rozgrzewając oraz wprowadzając nas w wyjątkowy nastrój.;1;http://localhost/images/product_images/chwilaprzykominku/img_0.jpg;1
;1;CZEKOLADOWA LAGUNA;Herbata Czarna z dodatkami,Herbaty na lato,Herbaty świąteczne,Herbaty na zimę,Herbaty na jesień;21.45;1;92;Herbata czarna cejlońska z dodatkiem pistacji.;Smak: Deserowy, gładki i wyrazisty. Dominują nuty pistacji i gorzkiej czekolady, wspierane przez klasyczny, lekko cierpki charakter herbaty Ceylon. Smak pełny, harmonijny, bez goryczy. Dobrze wyważony – nieprzesłodzony, ale intensywny. Idealny do picia solo lub jako zamiennik słodkich napojów.  Aromat: Bardzo intensywny i stabilny. Dominują pistacje z wyraźną nutą czekolady – zarówno w suchym suszu, jak i po zaparzeniu. Aromat nie traci na mocy po zalaniu wodą. Pachnie jak orzechowy deser – ciepło i słodko.;1;http://localhost/images/product_images/czekoladowalaguna/img_0.jpg;1
;1;EARL GREY;Herbata,Kompozycje,Herbata Czarna z dodatkami,Herbata Earl Grey,Herbaty po angielsku,Herbaty cejlońskie,Herbaty do gastronomii,Herbaty do biura;18.45;1;21;Klasyczny Earl Grey.;Jedna z najbardziej znanych i cenionych kompozycji na świecie. Jej wspaniały smak i aromat uzyskuje się poprzez dodanie olejku z bergamotki. Herbata Earl Grey swój niepowtarzalny smak i aromat zawdzięcza olejkowi z bergamotki. Nazwę bergamotka wprowadzili Turcy określając tym mianem uprawiany w strefie śródziemnomorskiej owoc Książęcej Gruszki zbliżony kształtem do owoców cytrusowych, posiadający grubą, mięsistą skórkę. Właśnie z tej skóry tłoczony jest aromatyczny olejek dodawany między innymi do herbat typu Earl Grey. Pojawienie się herbaty Earl Grey w Europie jest prawdopodobnie związane z transportem herbaty z Chin. Podczas długiej podróży liście herbaty zabezpieczano olejkiem bergamotowym, umieszczając go w lukach transportowych, tak aby ochronić ładunek przed działaniem pleśni oraz specyficznym zapachem ryb. Herbata Earl Grey posiada także właściwości zdrowotne. Substancje zawarte w olejku bergamotowym wzmacniają układ odpornościowy, zwiększają produkcję endorfin, odpowiedzialnych za poprawę nastroju oraz stymulują pracę mózgu. To wspaniała propozycja do śniadania, która zapewni nam dobry nastrój przez cały dzień.;1;http://localhost/images/product_images/earlgrey/img_0.jpg;1
;1;EARL GREY LAWENDOWY;Herbata,Kompozycje,Herbata Czarna z dodatkami,Herbata Earl Grey,Herbaty kwiatowe;19.95;1;84;Herbata Ceylon z dodatkiem suszonej lawendy.;Tradycyjna herbata Earl Grey skomponowana na bazie Ceylonu z dodatkiem suszonej lawendy. W smaku wyczuwalne są charakterystyczne nuty bergamoty delikatnie przełamane aromatem lawendy. Napar ma kolor czerwono-brązowy.;1;http://localhost/images/product_images/earlgreylawendowy/img_0.jpg;1
;1;EARL GREY LEMON;Herbata,Kompozycje,Herbata Czarna z dodatkami,Herbata Earl Grey,Herbaty po angielsku,Herbaty do kawiarni,Herbaty do biura;18.95;1;10;Herbata Earl Grey z dodatkiem skórki cytrynowej.;Klasyczna kompozycja herbaty Earl Grey wzbogacona skórką dojrzałej cytryny. Orzeźwiający smak egzotycznego owocu podkreśla bogaty bukiet naparu nadając mu przyjemnego kwaskowego wyrazu. Herbata Earl Grey swój niepowtarzalny smak i aromat zawdzięcza olejkowi z bergamotki. Nazwę bergamotka wprowadzili Turcy określając tym mianem uprawiany w strefie śródziemnomorskiej owoc Książęcej Gruszki zbliżony kształtem do owoców cytrusowych, posiadający grubą, mięsistą skórkę. Właśnie z tej skóry tłoczony jest aromatyczny olejek dodawany między innymi do herbat typu Earl Grey.;1;http://localhost/images/product_images/earlgreylemon/img_0.jpg;1
;1;EARL GREY MADAM GREY;Herbata,Kompozycje,Herbata Czarna z dodatkami,Herbata Earl Grey,Herbaty w puszkach firmowych,Promocja urodzinowa,Herbata wietnamska;18.95;1;15;Herbata Earl Grey z dodatkiem kawałków pomarańczy.;Interesujące zestawienie klasycznej herbaty Earl Grey z kawałkami ożywczej pomarańczy. Kompozycję stworzono na bazie dwóch czarnych herbat: wietnamskiej oraz cejlońskiej. Dzięki cząsteczkom cytrusa herbata posiada niesamowicie egzotyczną i orzeźwiającą nutę, jednocześnie nie tracąc swojego wykwintnego charakteru. To doskonała propozycja uzupełniająca każde spotkanie towarzyskie. Herbata Earl Grey swój niepowtarzalny smak i aromat zawdzięcza olejkowi z bergamotki. Nazwę bergamotka wprowadzili Turcy określając tym mianem uprawiany w strefie śródziemnomorskiej owoc Książęcej Gruszki zbliżony kształtem do owoców cytrusowych, posiadający grubą, mięsistą skórkę. Właśnie z tej skóry tłoczony jest aromatyczny olejek dodawany między innymi do herbat typu Earl Grey.;1;http://localhost/images/product_images/earlgreymadamgrey/img_0.jpg, http://localhost/images/product_images/earlgreymadamgrey/img_1.jpg;1
;1;EARL GREY NIEBIESKI KWIAT;Herbata,Kompozycje,Herbata Czarna z dodatkami,Herbata Earl Grey,Herbaty po angielsku,Herbaty w puszkach firmowych,Herbaty cejlońskie,Herbaty do restauracji;18.45;1;100;Herbata Earl Grey z dodatkiem płatków bławatka.;Tradycyjna herbata Earl Grey dopełniona aromatycznymi, błękitnymi płatkami bławatka. Wspaniale komponuje się również z mlekiem i odrobiną cukru trzcinowego, tworząc doskonałe uzupełnienie codziennych posiłków czy spotkań przy odrobinie czegoś słodkiego. Herbata Earl Grey swój niepowtarzalny smak i aromat zawdzięcza olejkowi z bergamotki. Nazwę bergamotka wprowadzili Turcy określając tym mianem uprawiany w strefie śródziemnomorskiej owoc Książęcej Gruszki zbliżony kształtem do owoców cytrusowych, posiadający grubą, mięsistą skórkę. Właśnie z tej skóry tłoczony jest aromatyczny olejek dodawany między innymi do herbat typu Earl Grey.;1;http://localhost/images/product_images/earlgreyniebieskikwiat/img_0.jpg, http://localhost/images/product_images/earlgreyniebieskikwiat/img_1.jpg;1
;1;EARL GREY ROYAL;Herbata,Kompozycje,Herbata Czarna z dodatkami,Herbata Earl Grey,Herbaty po angielsku,Herbaty urodzinowe,Herbaty do gastronomii;34.45;1;6;Czarna herbata Yun ming z dodatkiem oleju z bergamoty.;Skosztuj Earl Grey w iście królewskim wydaniu. Niech szlachetny smak herbaty Yun Ming wspólnie z aromatem oleju z bergamoty zawładnie Twoim podniebieniem.;1;http://localhost/images/product_images/earlgreyroyal/img_0.jpg, http://localhost/images/product_images/earlgreyroyal/img_1.jpg;1
;1;EARL GREY RÓŻANY;Herbata,Kompozycje,Herbata Czarna z dodatkami,Herbata Earl Grey,Herbaty po angielsku;19.45;1;21;Earl Grey z dodatkiem płatków róży.;Tradycyjna herbata Earl Grey na bazie czarnej herbaty Ceylon, otulona wspaniałym aromatem płatków róży. Idealna w porze śniadaniowej, a także jako dodatek do poobiednich słodkości. Herbata Earl Grey swój niepowtarzalny smak i aromat zawdzięcza olejkowi z bergamotki. Nazwę bergamotka wprowadzili Turcy określając tym mianem uprawiany w strefie śródziemnomorskiej owoc Książęcej Gruszki zbliżony kształtem do owoców cytrusowych, posiadający grubą, mięsistą skórkę. Właśnie z tej skóry tłoczony jest aromatyczny olejek dodawany między innymi do herbat typu Earl Grey.;1;http://localhost/images/product_images/earlgreyrany/img_0.jpg;1
;1;EARL GREY SERCE MATKI;Herbata,Kompozycje,Herbata Czarna z dodatkami,Herbata Earl Grey,Promocja urodzinowa,Herbaty do gastronomii,Herbata wietnamska;19.95;1;54;Czarna herbata z dodatkiem skórki cytrynowej kandyzowanej, maliny oraz...;Wyjątkowa propozycja, która z każdym kolejnym łykiem otula nas przyjemnym zapachem domowego ogniska. Skórka cytryny, wyraziste maliny oraz delikatne jabłko rozpływające się wokół listków wietnamskiej czarnej herbaty to idealna propozycja na długie jesienne wieczory. Jej lekko cytrusowa nuta w połączeniu z kostkami lodu, świeżą miętą i owocami sprawdzi się także jako kojący napój w letnie dni.;1;http://localhost/images/product_images/earlgreysercematki/img_0.jpg;1
;1;EARL GREY SPICY;Herbata,Kompozycje,Herbata Czarna z dodatkami,Herbata Earl Grey,Herbata z imbirem,Herbaty po angielsku,Herbaty rozgrzewające,Herbaty świąteczne,Herbaty na zimę,Herbaty na jesień;19.45;1;56;Czarna herbata Earl grey z dodatkiem kardamonu, pieprzu oraz...;Pozwól rozgrzać się odważnemu smakowi czarnej herbaty Ceylon z dodatkiem imbiru, czerwonego pieprzu i kardamonu oraz oleju z bergamoty.;1;http://localhost/images/product_images/earlgreyspicy/img_0.jpg;1
;1;EARL GREY WEHIKUŁ CZASU;Herbata,Kompozycje,Herbata Czarna z dodatkami,Herbata Earl Grey,Herbaty w puszkach firmowych,Herbaty cejlońskie,Herbaty do biura;23.95;1;56;Herbata czarna Ceylon High Grown z dodatkiem liści limonki, maliny oraz...;Herbata czarna Ceylon High Grown z dodatkiem liści limonki, maliny oraz olejku z owoców bergamotki.  Składniki: herbata czarna Ceylon High Grown, limonka liść, malina liofilizowana, aromat  Wartość odżywcza w 100g: wartość energetyczna 63,0 kJ / 15,0 kcal, tłuszcze 0,0 g, węglowodany 1,8g (w tym cukry 1,5g), błonnik 2,2g, białko 0,0 g, sól 0,0g, sód 0,0g.;1;http://localhost/images/product_images/earlgreywehikuczasu/img_0.jpg, http://localhost/images/product_images/earlgreywehikuczasu/img_1.jpg;1
;1;GWIAZDKOWY SEKRET;Herbata,Kompozycje,Herbata Czarna z dodatkami,Herbaty świąteczne,Herbaty na zimę;20.95;1;96;Herbata czarna Ceylon z dodatkiem jabłek, kokosa, kakaowca oraz kawy.;Smak: Aromatyczny, deserowy i lekko kremowy. Na pierwszym planie delikatna baza czarnej herbaty cejlońskiej, harmonijnie łączy się z nutami kokosa, kakao i pistacji. Subtelna słodycz jabłka oraz lekki posmak cappuccino tworzą łagodny, przyjemny profil, idealny na zimowe popołudnie. Całość utrzymana w harmonii, bez nadmiernej intensywności.;1;http://localhost/images/product_images/gwiazdkowysekret/img_0.jpg;1
;1;HISZPAŃSKA MANDARYNKA;Herbata,Kompozycje,Herbata Czarna z dodatkami,Herbaty urodzinowe,Herbaty w puszkach firmowych;18.95;1;81;Czarna herbata z dodatkiem mandarynki, skórki pomarańczowej oraz...;Cytrusowy smak cząstek mandarynki, orzeźwiająca skórka pomarańczy, a także wonne płatki róży, które otulają czarną, wietnamską herbatę to idealne zaproszenie do popołudniowego relaksu w towarzystwie książki czy w gronie przyjaciół. Jasnozłoty napar to prawdziwa feeria smaków: słodko-kwaśny charakter owoców doskonale uzupełnia kwiatowy akcent płatków róży.;1;http://localhost/images/product_images/hiszpaskamandarynka/img_0.jpg, http://localhost/images/product_images/hiszpaskamandarynka/img_1.jpg;1
;1;ICE TEA BRZOSKWINIOWA RUMBA;Herbata,Kompozycje,Herbata Czarna z dodatkami,Herbaty limitowane,Herbaty na lato;18.95;1;69;Czarna herbata dodatkiem brzoskwini, owocu dzikiej róży;Kompozycja dedykowana na lato.;1;http://localhost/images/product_images/iceteabrzoskwiniowarumba/img_0.jpg;1
;1;ICE TEA CYTRYNOWA SAMBA;Herbata,Kompozycje,Herbata Czarna z dodatkami,Herbaty na lato;18.95;1;27;Czarna herbata cejlońska z dodatkiem cytryny, owocu dzikiej róży oraz stewii.;Herbata czarna Ceylon, skórka cytrynowa, skórka owocu róży, stewia. Kompozycja dedykowana na lato.;1;http://localhost/images/product_images/iceteacytrynowasamba/img_0.jpg;1
;1;ICE TEA MANGO TWIST;Herbata,Kompozycje,Herbata Czarna z dodatkami,Herbaty limitowane,Herbaty na lato;18.95;1;57;Czarna herbata z dodatkiem mango, mięty i limonki;Kompozycja dedykowana na lato.;1;http://localhost/images/product_images/iceteamangotwist/img_0.jpg;1
;1;ALOE VERA;Herbata,Kompozycje,Herbata Zielona z dodatkami,Herbaty urodzinowe,Herbaty w puszkach firmowych,Herbaty do restauracji,Herbaty na zimno;19.45;1;87;Herbata zielona Gunpowder z dodatkiem pokrzywy, aloesu i płatków róży.;Kompozycja zielonej herbaty Gunpowder, w której skrywa się zdrowotne bogactwo pokrzywy oraz aloesu, okraszone wonnymi płatkami róży. Aloes jest niesamowitą roślina leczniczą pełną drogocennych wartości odżywczych. Zawiera wiele witamin, w tym A, C, E, kwas foliowy (B9), B1, B2, B3 (niacyna), B6. Aloes jest również jedyną z niewielu roślin zawierających witaminę B12. Zawiera także wiele niezbędnych mikroelementów: wapń, magnez, cynk, chrom, selen, sód, potas, żelazo, miedź oraz mangan. Pomaga także w oczyszczaniu organizmu oraz w trawieniu pokarmu.;1;http://localhost/images/product_images/aloevera/img_0.jpg, http://localhost/images/product_images/aloevera/img_1.jpg;1
;1;CHWILA DLA CIEBIE;Herbata,Kompozycje,Herbata Zielona z dodatkami,Herbata z miętą,Herbaty urodzinowe,Herbaty na lato,Herbaty do kawiarni,Herbaty na zimno;19.95;1;93;Połączenie zielonej herbaty Sencha, białej Pai Mu Tan, ananasa, acai oraz...;Połączenie zielonej herbaty Sencha, białej Pai Mu Tan, ananasa, owocu acai, marakui i kwiatu słonecznika. Intensywnie owocowa herbata, której nie może zabraknąć w żadnym salonie sieci Czas na Herbatę.  Nasza propozycja przyrządzenia herbaty na zimno: Składniki: herbata Chwila dla Ciebie, ananas, mięta. Listki mięty włóż do pojemnika na lód i zalej wodą. Zamroź. Zaparz 1-1,5 łyżeczki herbaty w 200 ml wody i odstaw do schłodzenia. Pokrój ananasa w plastry, a następnie w trójkąty. Wrzuć ananasa wraz z przygotowanymi kostkami lodu i zalej herbatą. Smacznego!;1;http://localhost/images/product_images/chwiladlaciebie/img_0.jpg;1
;1;DOTYK ANIOŁA;Herbata,Kompozycje,Herbata Zielona z dodatkami;19.95;1;78;Herbata zielona Gunpowder z dodatkiem skórki pomarańczowej oraz...;Słodka gruszka, aromatyczna skórka pomarańczy i soczysta brzoskwinia otulone zieloną herbatą Gunpowder Super i przystrojone płatkami różowego bławatka.;1;http://localhost/images/product_images/dotykanioa/img_0.jpg;1
;1;EARL GREY FANTASY;Herbata,Kompozycje,Herbata Zielona z dodatkami,Herbata Earl Grey,Herbaty po angielsku,Herbaty kwiatowe,Herbaty wielkanocne;21.45;1;46;Zielona herbata Sencha z dodatkiem winogron, wiśni, rumianku, lippii oraz...;Odwiedź pełną bergamotkowej magii krainę, w której wśród zielonej herbaty Sencha skosztujesz owoców winogron i wiśni, zachwycisz się aromatem werbeny oraz odpoczniesz wśród kwiatów rumianku i bławatka.;1;http://localhost/images/product_images/earlgreyfantasy/img_0.jpg;1
;1;ELIKSIR SZCZĘŚCIA;Herbata,Kompozycje,Herbata Zielona z dodatkami,Herbaty urodzinowe;19.95;1;28;Zielona herbata Sencha z dodatkiem ananasa, mango, kwiatu lotosu oraz...;Zielona herbata Sencha z aromatycznym mango i słodkim ananasem, pełnym energii kwiatem granatu oraz orientalnym kwiatem lotosu. Każdy łyk naparu powoduje uśmiech na twarzy.;1;http://localhost/images/product_images/eliksirszczcia/img_0.jpg, http://localhost/images/product_images/eliksirszczcia/img_1.jpg;1
;1;GINGER&LEMON;Herbata,Kompozycje,Herbata Zielona z dodatkami,Herbata z imbirem,Herbaty rozgrzewające,Herbaty Adwentowe,Herbaty w puszkach firmowych,Herbaty do gastronomii,Herbaty na zimno;19.45;1;50;Zielona herbata Sencha z dodatkiem imbiru, trawy cytrynowej oraz...;Autorska, orzeźwiająca propozycja oparta na bazie zielonej herbaty Sencha, wzbogacona została o cząstki imbiru oraz trawę cytrynową. Rewelacyjnie gasi pragnienie, oczyszcza organizm, a także pobudza do życia.;1;http://localhost/images/product_images/gingerlemon/img_0.jpg, http://localhost/images/product_images/gingerlemon/img_1.jpg;1
;1;GREEN ORANGE;Herbata,Kompozycje,Herbata Zielona z dodatkami,Herbata z hibiskusem,Herbaty w puszkach firmowych,Herbaty do biura;19.95;1;90;Herbata zielona Sencha z dodatkiem truskawki, pomarańczy, jabłka oraz...;Kompozycja, o której się nie zapomina. Już podczas otwarcia torebki zaskakuje nas paletą barw i zapachów. Soczyste plastry truskawek, ćwiartki pomarańczy, cząstki jabłek, kwiaty pomarańczy oraz trawa cytrynowa tworzą prawdziwe bogactwo herbaty Green Orange. Drobne listki zielonej herbaty Sencha niemal giną wśród barwnej kolekcji owoców. Jednak to właśnie ona nadaje kompozycji charakterystyczny smak. Wonne płatki hibiskusa równoważą słodki smak truskawek i pomarańczy. Jest to wspaniała wariacja na temat zielonej herbaty, która umili nam dzień, niezależnie od pory roku.;1;http://localhost/images/product_images/greenorange/img_0.jpg, http://localhost/images/product_images/greenorange/img_1.jpg;1
;1;JAŚMINOWA DAMA;Herbata,Kompozycje,Herbata Zielona z dodatkami,Herbata z jaśminem,Herbaty urodzinowe;19.95;1;54;Herbata jaśminowa z imbirem.;Herbata idealna dla kobiet, stworzona z myślą o nich z okazji ich dnia - 8 marca. Jest to wyjątkowa kompozycja, która niczym bukiet jaśminów, łączy delikatność zielonej herbaty z kwiatowym aromatem tych kwiatów i charakterystyczną nutą imbiru. Subtelne kwiaty i pąki jaśminu nadają naparowi romantyczny, lekko słodkawy charakter, a imbir wnosi do bukietu rozgrzewający charakter. Każdy łyk tej herbaty to chwila relaksu i harmonii – doskonała zarówno na poranne przebudzenie, jak i popołudniowe ukojenie. Jaśminowa Dama zachwyca swoim wyrafinowanym smakiem, który pobudza zmysły i otula elegancką wonią. Idealna dla miłośników herbaty ceniących wyrafinowane połączenia smaków. Uwaga: ta kompozycja nie zawiera aromatów – jej subtelny aromat i smak zawdzięcza jedynie naturalnym składnikom.  Składniki: herbata zielona Yunnan, kwiat jaśminu, pąki jaśminu, imbir.  Kraj: Chiny;1;http://localhost/images/product_images/jaminowadama/img_0.jpg;1
;1;JAŚMINOWA PREMIUM;Herbata,Kompozycje,Herbata Zielona z dodatkami,Herbata z jaśminem,Promocja urodzinowa;22.95;1;20;Herbata zielona Sencha z dodatkiem jaśminu.;Klasyczna zielona herbata Sencha odznaczająca się delikatnym, aczkolwiek wykwintnym smakiem, harmonijnie połączona z aromatycznymi kwiatami jaśminu to propozycja idealna dla wszystkich herbacianych koneserów doceniający kompozycje o najwyższej jakości;1;http://localhost/images/product_images/jaminowapremium/img_0.jpg;1
;1;KWITNĄCA WIŚNIA;Herbata,Kompozycje,Herbata Zielona z dodatkami,Promocja urodzinowa;19.45;1;36;Herbata zielona Sencha z wiśnią i bławatkiem.;Spróbuj kwitnącej wiśni i wybierz się w aromatyczną podróż na Daleki Wschód. Klasyczna zielona Sencha w połączeniu z apetyczną wiśnią, ozdobiona wonnymi płatkami bławatka różowego tworzy kompozycję, której nie można się oprzeć.;1;http://localhost/images/product_images/kwitncawinia/img_0.jpg;1
;1;LA DOLCE VITA! LIMONCELLA VERDE;Herbata,Kompozycje,Herbata Zielona z dodatkami,Herbaty limitowane,Herbaty urodzinowe,Herbaty na lato;36.9;1;67;Herbata zielona Sencha z dodatkiem pomarańczy, trawy cytrynowej, imbiru oraz bazylii.;Smak: Herbata o wyraźnie cytrusowym, świeżym i lekko ziołowym profilu, z naturalną słodyczą pochodzącą ze stewii i kandyzowanej pomarańczy. Sencha stanowi łagodną, roślinną bazę, a dodatki takie jak trawa cytrynowa, mięta, imbir i bazylia nadają jej charakterystycznej lekkości z pikantno-orzeźwiającym finiszem.  Aromat: Świeży, cytrusowo-ziołowy z wyraźną nutą mięty, bazylii i skórki pomarańczowej. Pachnie jak letnia lemoniada z ogrodu – naturalnie słodka, ale rześka.  Wygląd: Zielona herbata Sencha z dodatkiem barwnych składników – pomarańczy, nagietka, stewii i trawy cytrynowej. Po zaparzeniu napar ma jasnożółty, przejrzysty kolor z zielonkawym odcieniem.;1;http://localhost/images/product_images/ladolcevitalimoncellaverde/img_0.jpg, http://localhost/images/product_images/ladolcevitalimoncellaverde/img_1.jpg, http://localhost/images/product_images/ladolcevitalimoncellaverde/img_2.jpg;1
;1;LAPONIA;Herbata,Herbata Zielona z dodatkami,Herbaty świąteczne,Herbaty na zimę;18.45;1;64;Herbata zielona Sencha z dodatkiem herbaty białej Pai Mu Tan, jabłka oraz...;Wyjątkowe połączenie zielonej herbaty Sencha oraz otrzymywanej z wyselekcjonowanych liści herbaty białej Pai Mu Tan, o delikatnym smaku. Dodatek jabłka podkreśla wyjątkowość naparu, a pieprz czerwony nadaje mu oryginalnego, wyrazistego charakteru.;1;http://localhost/images/product_images/laponia/img_0.jpg;1
;1;LEMONIADA KAKTUSOWA;Herbata,Kompozycje,Herbata Zielona z dodatkami,Herbaty na lato;19.95;1;39;Herbata zielona Sencha z dodatkiem opuncji, kwiatu pomarańczy oraz...;Lemoniada Kaktusowa to nasza wakacyjna nowość. Wyselekcjonowane składniki, znane ze swoich licznych właściwości, połączone z wyrazistym smakiem kaktusa oraz opuncji, tworzą lemoniadę, która zachwyci smakiem i aromatem. Pyszna kaktusowa propozycja o słodkim aromacie i delikatnym, ale orzeźwiającym smaku, polecana dla wszystkich, którzy chcą spróbować wyjątkowych, letnich smaków kompozycji herbacianych. Może być podawana na zimno – jest idealna na gorące dni. Doskonale nawadnia i gasi pragnienie. Baza zielonej Senchy czyni ją wyjątkowo lekką, natomiast dodatek trawy cytrynowej i kwiatu pomarańczy dodaje jej orzeźwiającego charakteru.  Wartość odżywcza w 100 g produktu: wartość energetyczna kJ / kcal 0 kJ / 0 kcal tłuszcz 0 g, w tym kwasy tłuszczowe nasycone 0 g, węglowodany 0 g, w tym cukry 0 g, błonnik 0 g, białko 0 g, sól 0 g.  Składniki: herbata zielona Sencha, opuncja, kwiat pomarańczy, trawa cytrynowa, aromat.  Kraj pochodzenia: Chiny;1;http://localhost/images/product_images/lemoniadakaktusowa/img_0.jpg;1
;1;LETNIE ORZEŹWIENIE;Herbata,Kompozycje,Herbata Zielona z dodatkami,Herbata z miętą,Herbaty na lato,Herbaty na zimno;22.45;1;71;Zielona herbata Sencha z cytryną, miętą i liśćmi limonki.;Słoneczne dni, aż proszą się o rześki powiew, najlepiej w postaci herbacianej kompozycji. „Letnie orzeźwienie” stanowi idealne dopełnienie wakacyjnych przygód. W tej kompozycji znajdziemy wysokogatunkową, zieloną herbatę Sencha pełną nie tylko właściwości smakowych, ale i zdrowotnych, jak i ożywcze cząstki cytryny, a także listki limonki oraz mięty. Herbata doskonale smakuje na zimno z dodatkiem kostek lodu.;1;http://localhost/images/product_images/letnieorzewienie/img_0.jpg;1
;1;MADAM BUTTERFLY;Herbata,Kompozycje,Herbata Zielona z dodatkami,Herbata z jaśminem,Herbaty Adwentowe,Herbaty w puszkach firmowych,Promocja urodzinowa;19.95;1;74;Zielona herbata Sencha z dodatkiem wiśni kandyzowanej, ananasa oraz....;Kompozycja łagodnej zielonej herbaty Sencha połączonej z wyrazistymi kandyzowanymi wiśniami, soczystym ananasem oraz wonnym jaśminem. Jaśmin podkreśla smak owoców, przez co doświadczamy wielu wrażeń podczas degustowania herbaty.;1;http://localhost/images/product_images/madambutterfly/img_0.jpg, http://localhost/images/product_images/madambutterfly/img_1.jpg;1
;1;MALINA Z LIPĄ;Herbata,Kompozycje,Herbata Zielona z dodatkami,Herbaty rozgrzewające,Herbaty na jesień;23.45;1;66;Zielona herbata Sencha z dodatkiem maliny i lipy.;Aromatyczna kompozycja zielonej herbaty Sencha otulonej kwiatostanami lipy oraz malinami. Już po otwarciu torebki pomieszczenie wypełnia się cudownym zapachem świeżych malin, który harmonijnie łączy się z intensywnym zapachem kwiatu lipy. Herbata ta idealnie sprawdzi się w okresie obniżonej odporności, w czasie wzmożonej zachorowalności na przeziębienia i grypę. Od wieków lipa dawała wiele korzyści, a jej kwiatostan od zawsze był cenionym lekiem ludowym. Kwiat lipy szczególnie polecany jest przy przeziębieniach, grypie, kaszlu, anginie, zapaleniu gardła, krtani i oskrzeli, działa przede wszystkim napotnie. Wykazuje też właściwości przeciwskurczowe, żółciopędne oraz przeciwbólowe.;1;http://localhost/images/product_images/malinazlip/img_0.jpg;1
;1;MAROKAŃSKA;Herbata,Kompozycje,Herbata Zielona z dodatkami,Herbata z miętą,Herbaty do gastronomii;15.95;1;89;Herbata zielona Gunpowder z dodatkiem mięty.;Smaczne i zdrowe połączenie zielonej herbaty Gunpowder z aromatyczną miętą. Herbata Miętowa pozwala zadbać o prawidłowe funkcjonowanie organizmu, a także o szczupłą sylwetkę. Dodatkowo poprawia perystaltykę jelit, łagodzi zaparcia i problemy żołądkowe oraz orzeźwia. Doskonale smakuje również w wersji na zimno, z kostkami lodu, listkami świeżej mięty oraz plasterkami świeżej cytryny. W Maroku taką herbatę nazywa się Touareg i pija się ją namiętnie, w sposób szczególny witając nią gości.;1;http://localhost/images/product_images/marokaska/img_0.jpg;1
;1;MIŁOSNY UŚMIECH;Herbata,Kompozycje,Herbata Zielona z dodatkami,Herbaty urodzinowe,Herbaty do restauracji,Herbaty do biura;19.45;1;60;Zielona herbata Sencha i Gunpowder z dodatkiem ananasa oraz...;Kompozycja, obok której nikt nie przejdzie obojętnie - zachwyca nie tylko smakiem, lecz także zapachem. Już przy otwarciu torebki w powietrzu unosi się cudownie słodki zapach egzotycznych owoców: papai oraz ananasa, które połączono z listkami dwóch zielonych herbat: Sencha i Gunpowder. Doskonała propozycja dla miłośników słodkich smaków. Po pierwszym łyku naparu uśmiech na twarzy gwarantowany!;1;http://localhost/images/product_images/miosnyumiech/img_0.jpg;1
;1;NA DOBRY DZIEŃ;Herbata,Kompozycje,Herbata Zielona z dodatkami,Herbaty po angielsku,Produkty na Wielkanoc,Herbaty kwiatowe,Herbaty wielkanocne;20.95;1;95;Herbata zielona Gunpowder z dodatkiem skórki cytryny, wiśni, kocanki i piwonii.;Herbata zielona Gunpowder z dodatkiem skórki cytryny, wiśni, kocanki i piwonii.;1;http://localhost/images/product_images/nadobrydzie/img_0.jpg;1
;1;OWOCOWA LAGUNA;Herbata,Kompozycje,Herbata Zielona z dodatkami,Promocja urodzinowa,Herbaty do kawiarni;22.45;1;88;Herbata zielona Sencha z dodatkiem truskawek, żurawiny, melona oraz...;W poszukiwaniu smaku lata zanurz się w tropikalnej Owocowej Lagunie. Już pierwszy łyk otworzy przed Tobą drzwi do krainy egzotyki pełnej delikatnego, a zaraz wykwintnego smaku i aromatu zielonej herbaty Sencha, urozmaiconej orzeźwiającymi kawałkami melona, truskawki, żurawiny, maliny oraz jasnożółtymi kwiatami słonecznika.;1;http://localhost/images/product_images/owocowalaguna/img_0.jpg;1
;1;AKSAMITNY POCAŁUNEK;Herbata,Kompozycje,Herbata Pu Erh z dodatkami,Herbaty Adwentowe;21.95;1;28;Herbata czerwona Pu erh z dodatkiem czarnej porzeczki, żurawiny oraz...;Finezyjny związek czerwonej herbaty Pu Erh z żurawiną, porzeczką oraz malinami, który oczarowuje smakiem oraz zapachem, który rozprzestrzenia się w całym pomieszczeniu. Słodycz owoców, a zarazem ich orzeźwiający charakter kojarzą się z pierwszym pocałunkiem, który zawsze jest czymś nowym, ekscytującym i wyjątkowym. Czymś, co mogłoby się nigdy nie kończyć – tak jak herbata Aksamitny Pocałunek.;1;http://localhost/images/product_images/aksamitnypocaunek/img_0.jpg;1
;1;OGNISTY SMOK;Herbata,Kompozycje,Herbata Pu Erh z dodatkami,Herbaty urodzinowe;19.95;1;78;Herbata czerwona Pu erh z dodatkiem ananasa, skórki pomarańczowej oraz...;Bogate połączenie czerwonej herbaty Pu Erh z Rooibosem, które dopełniono słodkim ananasem, kawałkami jabłek i truskawek oraz skórką pomarańczy. Uroku dodają złociste płatki słonecznika, które wspaniale kontrastują z czerwienią Rooibosa czy truskawek. Po zaparzeniu otrzymujemy owocowo-cytrusowy napar, który doskonale harmonizuje z ziemistym posmakiem czerwonej herbaty.   Napar z czerwonej herbaty działa pobudzająco na wytwarzanie soków trawiennych oraz stymuluje pracę jelit, co przyśpiesza metabolizm, a w efekcie końcowym wspomaga spalanie tłuszczów. Czerwona herbata obniża poziom cholesterolu i ciśnienie krwi, co poprawia również krążenie. To podstawa diety osób, które zdecydowały się na odchudzanie oraz tych, którym zależy na naturalnym oczyszczaniu organizmu.  Składniki: herbata czerwona Pu-erh, ananas kandyzowany (ananas, cukier, kwas cytrynowy), skórka pomarańczowa suszona, jabłko suszone, Rooibos, truskawka liofilizowana, kwiat słonecznika, aromaty  Wartość odżywcza w 100g: wartość energetyczna 240,0kJ / 57,0kcal, tłuszcze 0,0g, węglowodany 12,0g (w tym cukry 9,7g), błonnik 1,8g, białko 0,6g, sól 0,0g, sód 0,0g.  Kraj pochodzenia: Chiny;1;http://localhost/images/product_images/ognistysmok/img_0.jpg;1
;1;ORANGE SPRITZ;Herbata,Kompozycje,Herbata Pu Erh z dodatkami;19.95;1;72;Herbata czerwona Pu erh z pomarańczą, hibiskusem,suszoną skórką grejpfruta...;Smak: Wyrazisty, lekko gorzkawy z wyczuwalną słodyczą i cytrusowym orzeźwieniem. Ziemista baza Pu Erh została zestawiona z nutami pomarańczy, grejpfruta i hibiskusa, tworząc smak inspirowany klasycznym włoskim drinkiem Aperol Spritz. Lukrecja nadaje subtelnej słodyczy, a mięta dopełnia kompozycję chłodnym, świeżym akcentem.;1;http://localhost/images/product_images/orangespritz/img_0.jpg;1
;1;PU ERH FITNESS;Herbata,Kompozycje,Herbata Pu Erh z dodatkami;19.95;1;100;Herbata czerwona Pu erh z dodatkiem yerba mate, jabłka oraz...;Napar z czerwonej herbaty działa pobudzająco na wytwarzanie soków trawiennych oraz stymuluje pracę jelit, co przyśpiesza metabolizm, a w efekcie końcowym wspomaga spalanie tłuszczów. Czerwona herbata obniża poziom cholesterolu i ciśnienie krwi, co poprawia również krążenie. To podstawa diety osób, które zdecydowały się na odchudzanie oraz tych, którym zależy na naturalnym oczyszczaniu organizmu.  Składniki: herbata czerwona Pu erh 63,3%, yerba mate, jabłko suszone, wiśnia liofilizowana, nagietek 0,7%, aromaty    Wartość odżywcza w 100g: wartość energetyczna 342,0 kJ / 81,0 kcal, tłuszcze 0,0 g, węglowodany 17,0g (w tym cukry 12,0g), błonnik 3,3g, białko 1,0g, sól 0,0g, sód 0,0g.       Kraj pochodzenia: Chiny;1;http://localhost/images/product_images/puerhfitness/img_0.jpg;1
;1;PU ERH MALAKKA;Herbata,Kompozycje,Herbata Pu Erh z dodatkami,Herbata z imbirem,Herbaty urodzinowe,Herbaty do kawiarni;21.45;1;70;Herbata czerwona Pu erh z dodatkiem czerwonej porzeczki, truskawki oraz...;Odwiedź Malakkę, miasto będące perłą Malezji. Na Czerwonym Placu znajdziesz czerwoną herbatę, a dookoła niego porzeczkę, truskawki, wiśnie. Wycieczce pikanterii doda imbir, a całość ubarwią kwiaty ślazu i pomarańczy.  Napar z czerwonej herbaty działa pobudzająco na wytwarzanie soków trawiennych oraz stymuluje pracę jelit, co przyśpiesza metabolizm, a w efekcie końcowym wspomaga spalanie tłuszczów. Czerwona herbata obniża poziom cholesterolu i ciśnienie krwi, co poprawia również krążenie. To podstawa diety osób, które zdecydowały się na odchudzanie oraz tych, którym zależy na naturalnym oczyszczaniu organizmu.  Składniki: herbata czerwona Pu Erh 72%, czerwona porzeczka. truskawka liofilizowana, wiśnia liofilizowana, imbir, ślaz, kwiat pomarańczy, aromaty;1;http://localhost/images/product_images/puerhmalakka/img_0.jpg;1
;1;PU ERH O SMAKU WIŚNIOWO-RUMOWYM;Herbata,Kompozycje,Herbata Pu Erh z dodatkami,Herbaty Adwentowe;19.45;1;61;Herbata czerwona Pu erh z dodatkiem wiśni kandyzowanej.;Wyrazista kompozycja czerwonej herbaty Pu Erh z kandyzowanymi wiśniami, skąpanymi w wonnym rumie. Herbata jest wspaniałą alternatywą dla osób, które nie przepadają za ziemistym smakiem klasycznej Pu Erh, w tym przypadku jest on praktycznie niewyczuwalny. Doskonała deserowa propozycja, której nie może zabraknąć w Twoim domu!;1;http://localhost/images/product_images/puerhosmakuwiniowo-rumowym/img_0.jpg;1
;1;RED ORANGE;Herbata,Kompozycje,Herbata Pu Erh z dodatkami,Herbata z hibiskusem;19.95;1;70;Herbata czerwona Pu erh z dodatkiem trawy cytrynowej, truskawki oraz...;Wyjątkowo smaczna kompozycja, która już podczas otwarcia torebki zapiera dech w piersi. Listki czerwonej herbaty Pu Erh są niemal niewidoczne pośród całej palety barw dodatków. Suszone ćwiartki pomarańczy, spore plasterki truskawek, soczyste cząstki jabłka, trawa cytrynowa, hibiskus i kwiat pomarańczy tworzą barwne, doskonałe połączenie. Ziemisty posmak czerwonej herbaty jest zdominowany przez owoce. Wyśmienita propozycja jako uzupełnienie deserów podczas rodzinnych czy towarzyskich spotkań.;1;http://localhost/images/product_images/redorange/img_0.jpg;1
;1;LA DOLCE VITA! SYCYLIJSKA LEMONIADA;Herbata,Herbata Biała z dodatkami,Herbaty limitowane,Herbaty urodzinowe,Herbaty na lato;45.9;1;86;Herbata biała Pai Mu Tan z dodatkiem pomelo, limonki oraz rozmarynu.;Smak: Delikatny, lekko cytrusowy z wyczuwalną słodyczą mango i pomelo. Biała herbata Pai Mu Tan nadaje łagodną, roślinną bazę, którą uzupełniają orzeźwiające nuty limonki, pomarańczy i ziołowy akcent rozmarynu. Kompozycja przywodzi na myśl smak domowej lemoniady – subtelnie słodkiej, naturalnej i świeżej.;1;http://localhost/images/product_images/ladolcevitasycylijskalemoniada/img_0.jpg, http://localhost/images/product_images/ladolcevitasycylijskalemoniada/img_1.jpg, http://localhost/images/product_images/ladolcevitasycylijskalemoniada/img_2.jpg;1
;1;MAMMA MIA;Herbata,Kompozycje,Herbata Biała z dodatkami;29.95;1;66;Herbata biała Pai Mu Tan z dodatkiem truskawki.;Kompozycja, która budzi zainteresowanie już po otwarciu torebki. Rozkoszny zapach soczystych truskawek skąpanych w śmietanie, pośród listków białej herbaty Pai Mu Tan, wypełnia pomieszczenie w kilka chwil. Doskonała propozycja do przygotowywania i delektowania się nią w wyjątkowych chwilach. Pozwala zapomnieć o otaczającej codzienności, a dodatkowo ma zbawienny wpływ na nasz organizm. Biała herbata ma bowiem właściwości likwidujące napięcie umysłowe, przywracające koncentrację, orzeźwiające, odmładzające skórę, nawilżające, antymutagenne oraz przeciwutleniające.;1;http://localhost/images/product_images/mammamia/img_0.jpg;1
;1;OGRÓD ZMYSŁÓW;Herbata,Kompozycje,Herbata Biała z dodatkami;34.95;1;58;Herbata biała Silver Needle z dodatkiem jabłka, migdałów, igieł świerku oraz....;Smak: Silver Needle wprowadza delikatność i lekko roślinny, neutralny profil. Słodycz jabłka i migdałów przeplata się z wyrazistą korzennością cynamonu. Owoc kakaowca wnosi głębię i lekko gorzkawą nutę, a świerkowy akcent dodaje świeżości. Aromat marcepanowy dopełnia całość słodką, wyraźną nutą o charakterze deserowym. Smak naparu jest złożony i harmonijny, dobrze zbalansowany.;1;http://localhost/images/product_images/ogrdzmysw/img_0.jpg;1
;1;PEŁNIA SZCZĘŚCIA;Herbata,Kompozycje,Herbata Biała z dodatkami,Produkty na Wielkanoc,Herbaty kwiatowe,Herbaty wielkanocne;29.95;1;39;Herbata biała Pai Mu Tan z dodatkiem ananasa, marakui, jagód inkaskich oraz...;Herbata biała Pai Mu Tan z dodatkiem ananasa, marakui, jagód inkaskich, kocanki i bławatka.;1;http://localhost/images/product_images/peniaszczcia/img_0.jpg;1
;1;ROZKOSZNA SŁODYCZ;Herbata,Kompozycje,Herbata Biała z dodatkami,Herbata z miętą,Herbaty urodzinowe,Herbaty do kawiarni;24.95;1;69;Herbata biała Pai Mu Tan z dodatkiem jabłka, trawy cytrynowej oraz...;Ciekawe, intrygujące połączenie białej herbaty Pai Mu Tan z kawałkami soczystych jabłek, orzeźwiającą trawą cytrynową i miętą, płatkami róży oraz słodkimi cząstkami mango. Tak dobrane składniki gwarantują bogaty bukiet smaków i zapachów, które pieszczą zmysły od pierwszej chwili skosztowania naparu. Zaparzona do porannego posiłku bezbłędnie wprawi nas w doskonały nastrój oraz doda energii na cały dzień.;1;http://localhost/images/product_images/rozkosznasodycz/img_0.jpg;1
;1;SPICY WHITE;Herbata Biała z dodatkami,Herbaty limitowane;18.95;1;22;Pikantna wersja białej herbaty.;Skład: herbata biała Pai Mu tan 78%, skórka owocu dzikiej róży, płatki i pąki róży, pieprz czerwony, imbir, aromat;1;http://localhost/images/product_images/spicywhite/img_0.jpg;1
;1;SYCYLIJSKA LEMONIADA;Herbata,Herbata Biała z dodatkami,Herbaty limitowane,Herbaty urodzinowe,Herbaty na lato;32.45;1;55;Herbata biała Pai Mu Tan z dodatkiem pomelo, limonki oraz rozmarynu.;Smak: Delikatny, lekko cytrusowy z wyczuwalną słodyczą mango i pomelo. Biała herbata Pai Mu Tan nadaje łagodną, roślinną bazę, którą uzupełniają orzeźwiające nuty limonki, pomarańczy i ziołowy akcent rozmarynu. Kompozycja przywodzi na myśl smak domowej lemoniady – subtelnie słodkiej, naturalnej i świeżej.;1;http://localhost/images/product_images/sycylijskalemoniada/img_0.jpg;1
;1;TAJEMNICA INKÓW;Herbata,Kompozycje,Herbata Biała z dodatkami;24.95;1;24;Doskonała biała herbata Pai Mu Tan z jagodą inkaską, morwą i bławatkiem.;Biała herbata Pai Mu Tan w towarzystwie tajemniczych jagód inkaskich, morwy i aromatycznego bławatka. Jagoda inkaska inaczej miechunka, nie bez powodu nazywana jest złotą jagodą. Nazwa świadczy o ogromnej zawartości zbawiennych dla naszego organizmu składników odżywczych, m.in. witamin A i C, beta karotenu czy fosforu. To również doskonałe źródło protein. Biała herbata jest doskonałym antidotum na zmęczenie ze względu na swoje właściwości pobudzające i orzeźwiające. Nazywana „eliksirem młodości” chroni organizm (dokładnie polifenole w niej zawarte) przed wolnymi rodnikami.;1;http://localhost/images/product_images/tajemnicainkw/img_0.jpg;1
;1;WHITE ICE TEA;Herbata,Kompozycje,Herbata Biała z dodatkami;32.45;1;98;Herbata biała Pai Mu Tan z dodatkiem truskawki, cytryny, papai oraz...;Mocno orzeźwiające zestawienie białej herbaty Pai Mu Tan z truskawkami, skórką dojrzałych cytryn, egzotyczną papają oraz kwiatem pomarańczy. Z natury delikatna biała herbata, dzięki owocowym dodatkom, zyskała zupełnie inny charakter. Doskonale gasi pragnienie, ma świeży smak, a także gwarantuje niebywałe doznania zapachowe. Ze względu na właściwości białej herbaty jest to idealna propozycja, gdy potrzebujemy dodatkowej porcji energii czy koncentracji. Znakomicie sprawdzi się również w wersji na zimno – podana z kostkami lodu, świeżymi owocami oraz listkami mięty.;1;http://localhost/images/product_images/whiteicetea/img_0.jpg;1
;1;WHITE ROSE;Herbata,Kompozycje,Herbata Biała z dodatkami,Herbaty urodzinowe,Herbaty kwiatowe;24.95;1;40;Biała herbata China Pai Mu Tan wzbogacona płatkami róży.;Upajająca zapachem kompozycja białej herbaty Pai Mu Tan z wonnymi płatkami róży, która pobudza zmysły już podczas otwarcia opakowania. Różany dodatek w sposób wysublimowany skomponował się z białą herbatą, co odczuwamy także po przygotowaniu naparu. Polecana podczas długich dni w pracy, ponieważ biała herbata jest doskonałym antidotum na zmęczenie. Pobudza, orzeźwia, co pozwala dłużej zachować zdolność koncentracji.;1;http://localhost/images/product_images/whiterose/img_0.jpg;1
;1;WINOGRONOWE MUSCATO;Herbata,Herbata Biała z dodatkami,Herbaty urodzinowe,Herbaty wielkanocne;39.45;1;83;Kompozycja premium na bazie herbaty białej Premium Silver Needle;Wysublimowana kompozycja na bazie herbaty białej Premium Silver Needle, która już od pierwszego spotkania z jej aromatem uwodzi wyjątkowo subtelnym zapachem winogron typu Muscat. Po zaparzeniu aromat napar głębi, a słodki, wykwintny smak herbaty staje się wyjątkowym towarzyszem spotkań i rozmów. W składzie znajdują się także kawałki soczystych winogron, które doskonale uzupełniają tę kompozycję.;1;http://localhost/images/product_images/winogronowemuscato/img_0.jpg;1
;1;EARL GREY YELLOW;Herbata,Herbata Żółta z dodatkami,Herbata Earl Grey,Herbaty limitowane;25.95;1;58;Żółta herbata z dodatkiem olejku bergamotowego.;Skład: herbata żółta Yellow buds, olejek bergamotowy;1;http://localhost/images/product_images/earlgreyyellow/img_0.jpg;1
;1;NOCE I DNIE;Herbata,Kompozycje,Herbata Oolong kompozycje,Herbaty urodzinowe;24.95;1;40;Turkusowa herbata Oolong z dodatkiem żurawiny, truskawki, jabłka oraz...;Wyjątkowa kompozycja turkusowej herbaty Oolong z tropikalnym melonem, pełną witamin żurawiną i delikatną truskawką ozdobiona aromatycznym kwiatem pomarańczy.;1;http://localhost/images/product_images/noceidnie/img_0.jpg;1
;1;WHISKY KIOTO;Herbata,Kompozycje,Herbata Oolong kompozycje;27.45;1;26;Turkusowa herbata Oolong z dodatkiem czarnej porzeczki, śliwką...;Smak: Pełny i wielowarstwowy – bazę stanowi szlachetny oolong o łagodnym, lekko słodowym charakterze. Czarna porzeczka i jej liść wprowadzają owocową głębię i subtelną cierpkość, którą równoważy naturalna słodycz śliwki liofilizowanej. Kwiat granatu dodaje delikatnego kwiatowego niuansu, a skórka cytrynowa nadaje kompozycji lekkiego cytrusowego akcentu. Całość przypomina spokojny, dojrzały profil smakowy zainspirowany whisky – ale zamknięty w filiżance herbaty.;1;http://localhost/images/product_images/whiskykioto/img_0.jpg;1
;1;BORA BORA;Herbata,Kompozycje,Herbata Owocowa,Herbata z hibiskusem,Herbaty urodzinowe,Herbaty z Egiptu;23.45;1;15;Na kompozycję składają się hibiskus, jabłko, papaja, czarny bez, malina oraz...;Wspaniale fantazyjne połączenie owoców: jabłka, papai, owocu czarnego bzu, maliny oraz truskawki w towarzystwie hibiskusa, delikatnych płatków słonecznika i aromatycznego bławatka. Z każdym kolejnym łykiem przenosi nas w cudowny klimat egzotyki. Wyśmienita do podawania jako słodki dodatek podczas spotkań z rodziną czy przyjaciółmi.;1;http://localhost/images/product_images/borabora/img_0.jpg;1
;1;CYTRUSOWA POKUSA;Herbata,Kompozycje,Herbata Owocowa,Herbaty na zimno;22.95;1;30;Na kompozycję składają się ananas, papaja, malina, rodzynki i jabłko.;Wyjątkowo orzeźwiająca kompozycja pysznych owoców: ananasa, papai i rodzynek, które nadają cudownie słodkiego smaku, przełamanego wyrazistym smakiem malin i soczystego jabłka. Idealna propozycja dla łasuchów: zaraz po zaparzeniu możemy oddać się przyjemności wyjadania wszystkich owoców! Po prostu pycha!;1;http://localhost/images/product_images/cytrusowapokusa/img_0.jpg;1
;1;GORĄCE RYTMY;Herbata,Kompozycje,Herbata Owocowa,Herbaty urodzinowe,Promocja urodzinowa;21.95;1;23;Gorąca kompozycja owocowa z ananasem, papają, jabłkiem oraz...;Cóż może być przyjemniejszego niż połączenie smaku egzotycznych owoców z rodzimymi jabłkami i wiśniami skąpanymi w kwiatach bławatka, nagietka i safloru. Przygotowany napar na długo rozgrzeje nasze myśli i duszę, powrócimy wspomnieniami do gorących dni wakacji.;1;http://localhost/images/product_images/gorcerytmy/img_0.jpg;1
;1;GRZANIEC;Herbata,Kompozycje,Herbata Owocowa,Herbata z hibiskusem,Herbaty rozgrzewające,Herbaty świąteczne,Herbaty na zimę;21.45;1;97;Kompozycja zawiera hibiskus, jarzębinę, owoc głogu, cynamon, goździki oraz...;Wyjątkowo aromatyczna i bogata w smaku kompozycja cynamonu, goździków, owocu czarnego bzu, tarniny, jagody, aronii, owocu głogu, jarzębiny, jabłka, skórki owocu róży oraz hibiskusa, która sprawia, że czas zatrzymuje się w miejscu. Nie istnieje nic poza cudownie otulającym bukietem smaków. Propozycja idealna na chłodne jesienne i zimowe dni, a także jako dodatek do grzanego wina.;1;http://localhost/images/product_images/grzaniec/img_0.jpg;1
;1;KRAINA ŁAGODNOŚCI;Herbata,Kompozycje,Herbata Owocowa,Herbata z hibiskusem;22.45;1;71;Owocowa kompozycja zawierająca suszone jabłko, rodzynki oraz...;Owocowa kompozycja pełna delikatnej słodkości suszonego jabłka, rodzynek, dobroczynnych owoców czarnego bzu, aronii, hibiskusa, śliwki, maliny, wiśni oraz różanych płatków sprawi, że już po pierwszym łyku przeniesiesz się do miejsca pełnego błogiego spokoju i relaksu.;1;http://localhost/images/product_images/krainaagodnoci/img_0.jpg;1
;1;MALINOWA RAPSODIA;Herbata,Kompozycje,Herbata Owocowa,Herbata z hibiskusem,Herbaty na jesień,Herbaty z Egiptu;22.45;1;93;Kompozycja zawiera owoc aroni, jabłka, jarzębiny, maliny, skórkę róży oraz...;Propozycja suszu owocowego, smakowite polskie owoce z sadów i lasów: aronia, jabłka, jarzębiny, maliny oraz skórka owocu róży, wzbogacone zostały o dodatkową dawkę witaminy C pochodzącą z hibiskusa oraz odrobinę słodyczy z rodzynek. Idealnie gasi pragnienie, a także postawi na nogi każdego podczas nie jednego przeziębienia.;1;http://localhost/images/product_images/malinowarapsodia/img_0.jpg;1
;1;OGRÓD BABUNI;Herbata,Kompozycje,Herbata Owocowa,Herbata z hibiskusem,Herbaty na jesień;22.45;1;64;Na naszą autorską kompozycję składają się kawałki ananasa oraz...;Doskonałe połączenie słodyczy ananasa, banana i rodzynek, dopełnione wyrazistym smakiem jagód, wiśni oraz hibiskusa. Z pewnością znajdzie uznanie wśród miłośników owocowych kompozycji. Idealnie smakuje podana klasycznie na ciepło, jednak przygotowana na zimno: ze świeżymi owocami oraz kostkami lodu – zachwyci niejedno podniebienie.;1;http://localhost/images/product_images/ogrdbabuni/img_0.jpg;1
;1;OGRODY EDENU;Herbata,Kompozycje,Herbata Owocowa,Herbata z hibiskusem,Herbaty do kawiarni;19.95;1;27;W skład kompozycji wchodzi papaja kandyzowana, mango, jabłko oraz...;Pełne smaku połączenie papai, mango, jabłka, pomarańczy, skórki owocu granatu oraz safloru. Słodycz owoców jest znakomicie zrównoważona przez lekką kwasowość hibiskusa.;1;http://localhost/images/product_images/ogrodyedenu/img_0.jpg;1
;1;OWOCOWE LOVE;Herbata,Kompozycje,Herbata Owocowa,Herbata z hibiskusem,Herbaty na jesień;23.45;1;2;W skład kompozycji wchodzi jabłko, skórka dzikiej róży oraz...;Kompozycja owocowa, w której skład wchodzi: jabłko, skórka dzikiej róży, skórka pomarańczy, hibiskus, malina i bławatek.;1;http://localhost/images/product_images/owocowelove/img_0.jpg;1
;1;OWOCOWY KARNAWAŁ;Herbata,Herbata Owocowa,Herbaty urodzinowe;14.95;1;89;Na kompozycję składają się rodzynki, hibiskus, ananas oraz wiśnie.;Smak: Na pierwszym planie dominują soczyste wiśnie i rumowa słodycz, przełamane lekko kwaskowym akcentem hibiskusa. Rodzynki i ananas wnoszą nuty deserowe, lekko miodowe i tropikalne. Całość tworzy bogaty, pełny smak o przyjemnej głębi i naturalnej słodyczy. Aromat: Bardzo intensywny i przyjemny – pachnie kompotem z wiśni, suszonymi owocami oraz delikatnym rumowym finiszem, przypominającym owocowy poncz. Zapach przywodzi na myśl świąteczne napoje i letnie koktajle.;1;http://localhost/images/product_images/owocowykarnawa/img_0.jpg;1
;1;PARIS PARIS;Herbata,Kompozycje,Herbata Owocowa,Herbata z hibiskusem,Promocja urodzinowa;27.95;1;91;Kompozycja owocowa - hibiskus, skórka dzikiej róży, truskawka, żurawina oraz...;Wybierz się na spacer uliczkami miasta miłości. W jego zakamarkach znajdziesz kwiaty intensywnego hibiskusa i delikatnej róży, skosztujesz owoców truskawki, żurawiny i wiśni, a także natkniesz się na romantyczne cukrowe serduszka, które osłodzą przechadzkę.;1;http://localhost/images/product_images/parisparis/img_0.jpg;1
;1;POZIOMKOWA ETIUDA;Herbata,Kompozycje,Herbata Owocowa,Herbata z hibiskusem,Herbaty z Egiptu;22.45;1;24;Owocowa kompozycja z hibiskusem, owocami i liśćmi poziomki oraz...;Doskonała kompozycja składająca się z owoców i liści poziomki oraz delikatnych jabłek, które obudzą w nas wspomnienia z dzieciństwa. Lekko kwaśny smak skórki dzikiej róży oraz hibiskusa harmonizuje z cudownie słodkimi rodzynkami. Wyśmienicie smakuje o każdej porze dnia i nocy (ze względu na brak teiny), a także w okresie obniżonej odporności ze względu na wysoką zawartość witaminy C;1;http://localhost/images/product_images/poziomkowaetiuda/img_0.jpg;1
;1;SANGRIADA;Herbata,Kompozycje,Herbata Owocowa;28.45;1;3;Kompozycja owocowa z pomarańczą, truskawką, cytryną...;Smak: Sangriada to herbaciana interpretacja hiszpańskiej sangrii – intensywnie owocowa, z przyjemną kwaskowatością hibiskusa i naturalną słodyczą truskawki oraz czerwonej porzeczki. Pomarańcza i cytryna wnoszą cytrusową świeżość, którą podbija delikatnie ziołowy mirt cytrynowy i subtelnie kwiatowa nuta kwiatu pomarańczy. Smak przywołuje skojarzenia z owocowym ponczem – rześkim, wielowarstwowym i soczystym.;1;http://localhost/images/product_images/sangriada/img_0.jpg;1
;1;SEN MIKOŁAJA;Herbata,Herbata Owocowa,Herbaty świąteczne;22.45;1;34;Kompozycja owocowa z dodatkiem daktyli, jabłek, malin oraz gruszek.;Smak: Naturalnie słodki i łagodny – dzięki daktylom i jabłku – z wyraźną, soczystą nutą malin i wiśni. Gruszka nadaje mu lekkości, aronia wprowadza delikatną cierpkość, a płatki róży subtelny, kwiatowy akcent. Całość tworzy harmonijny, deserowy profil, który smakuje zarówno dorosłym, jak i dzieciom.;1;http://localhost/images/product_images/senmikoaja/img_0.jpg;1
;1;SUSZ WIŚNIE W RUMIE;Herbata,Kompozycje,Herbata Owocowa,Herbata z hibiskusem,Herbaty rozgrzewające,Herbaty urodzinowe,Herbaty na jesień;22.45;1;16;Kompozycja w skład której wchodzą: jagoda, wiśnia, hibiskus oraz...;Upajające zapachem i smakiem połączenie jagody, soczystej wiśni, słodkiego ananasa, energetycznych rodzynek z pachnącym hibiskusem. Ma olbrzymie grono miłośników, polecana wielbicielom zdecydowanych smaków.  Składniki: hibiskus kwiat, ananas kandyzowany (ananas, cukier, kwas cytrynowy), jagoda suszona, rodzynki (rodzynki, olej roślinny), wiśnia liofilizowana 5%, aromaty  Wartość odżywcza w 100g: wartość energetyczna 632,0kJ / 149,0kcal, tłuszcze 0,0g, węglowodany 33,0g (w tym cukry 25,0g), błonnik 3,3g, białko 1,6g, sól 0,0g, sód 0,0g.;1;http://localhost/images/product_images/suszwiniewrumie/img_0.jpg;1
;1;TAJEMNICZY OGRÓD;Herbata,Kompozycje,Herbata Owocowa,Herbata z hibiskusem;22.45;1;40;Kompozycja z hibiskusem, jabłkiem, skórką owocu dzikiej róży oraz...;Któż z nas czytając powieść o tożsamej nazwie czy też oglądając film nakręcony na jej podstawie nie marzył o niezwykłych przygodach, wyjątkowych przyjaźniach. Opowieść o mistycznej sile natury, która potrafi zmienić codzienne życie jest jak nasza owocowa kompozycja składająca się z hibiskusa, jabłka, mango, skórki pomarańczowej, a także skórki dzikiej róży z dodatkiem kwiatów bławatka i słonecznika, z każdym łykiem przenosi nas do krainy łagodności i wewnętrznego spokoju. Podaruj sobie chwilę na pobyt w Tajemniczym Ogrodzie.;1;http://localhost/images/product_images/tajemniczyogrd/img_0.jpg;1
;1;BLASK ŚWIĄT;Herbata,Rooibos kompozycje,Herbaty świąteczne,Herbaty na zimę;18.95;1;38;Rooibos z dodatkiem jabłek, hibiskusa, cykorii oraz goździków.;Smak: Delikatny, naturalnie słodki i gładki dzięki rooibosowi, przełamany lekką kwaskowatością hibiskusa i jabłka. Cykoria wnosi nutę głębi, a goździk dodaje charakteru i świątecznego ciepła. Całość jest zbalansowana – rozgrzewająca, ale łagodna, bez goryczy.;1;http://localhost/images/product_images/blaskwit/img_0.jpg;1
;1;ELIKSIR KUMARU;Herbata,Rooibos kompozycje,Herbaty świąteczne,Herbaty na zimę;26.95;1;2;Rooibos z dodatkiem gruszki, fasoli Tonka, skórki pomarańczowej..;Smak: Otulający, słodki i głęboki – z wyczuwalnymi nutami gruszki, wanilii i migdałów pochodzącymi z fasoli tonka. Rooibos superior tworzy gładką, miodową bazę, którą przełamuje delikatna cytrusowa świeżość skórki pomarańczowej i liścia limonki. Suszone jabłko i malina dodają kompozycji naturalnej soczystości i lekkości, czyniąc napar aksamitnym i harmonijnym.;1;http://localhost/images/product_images/eliksirkumaru/img_0.jpg;1
;1;ROOIBOS CHILLOUT;Herbata,Kompozycje,Rooibos kompozycje,Herbata z miętą,Herbaty urodzinowe,Herbaty RPA;14.95;1;59;Rooibos z dodatkiem truskawki, lawendy i mięty.;Rooibos połączony z soczystymi truskawkami, dodającą witalności lawendą i nutką orzeźwiającej mięty. Wyśmienity w smaku i aromacie.;1;http://localhost/images/product_images/rooiboschillout/img_0.jpg;1
;1;ROOIBOS CUBA LIBRE;Herbata,Kompozycje,Rooibos kompozycje;15.95;1;21;Rooibos z dodatkami cytrusowymi i liśćmi eukaliptusa.;Niech smak Cię wyzwoli! Miodowy aromat rooibosa połączony ze świeżym smakiem skórki i kwiatów pomarańczy oraz orzeźwiającymi liśćmi limonki i eukaliptusa.;1;http://localhost/images/product_images/rooiboscubalibre/img_0.jpg;1
;1;ROOIBOS KWIAT AFRYKI;Herbata,Kompozycje,Rooibos kompozycje,Herbaty RPA;14.95;1;89;Rooibos z dodatkiem jabłka, płatków róży oraz nagietka.;Drogocenne połączenie czerwonokrzewu afrykańskiego z łagodnym jabłkiem, aromatycznymi płatkami róży i słonecznika. Ze względu na delikatny smak naparu, a także brak zawartości teiny, Rooibos polecany jest dzieciom, kobietom w ciąży (zapobiega mdłościom!) czy w czasie karmienia piersią oraz osobom starszym, gdyż nie ma właściwości pobudzających i drażniących. Doskonały do spożywania bezpośrednio przed snem, wycisza i ułatwia zasypianie.;1;http://localhost/images/product_images/rooiboskwiatafryki/img_0.jpg;1
;1;ROOIBOS LIMETKA;Herbata,Kompozycje,Rooibos kompozycje,Herbaty do kawiarni;14.95;1;98;Rooibos, trawa cytrynowa, skórka cytrynowa oraz limetka.;Wyjątkowa kompozycja powstała na bazie Rooibosa z dodatkiem trawy cytrynowej oraz suszonej skórki cytrynowej.;1;http://localhost/images/product_images/rooiboslimetka/img_0.jpg;1
;1;ROOIBOS ZACHÓD SŁOŃCA;Herbata,Kompozycje,Rooibos kompozycje,Herbaty urodzinowe,Herbaty RPA;14.95;1;37;Rooibos z dodatkiem kawałków pomarańczy oraz płatków nagietka.;Kompozycja przygotowana na bazie Rooibosa z dodatkiem płatków słonecznika oraz skórki pomarańczowej.;1;http://localhost/images/product_images/rooiboszachdsoca/img_0.jpg;1
;1;ROOIBOSEK MALINOWO-TRUSKAWKOWY;Herbata,Kompozycje,Rooibos kompozycje,Herbaty na zimno,Herbaty RPA;22.45;1;33;Rooibos z dodatkiem dużej ilości malin i truskawek o delikatnym smaku.;Wyselekcjonowane liście Rooibos, znane ze swoich licznych właściwości, połączone z dużą ilością malin i truskawek, tworzą napar, który zachwyci smakiem i aromatem. Pyszna malinowo-truskawkowa propozycja o delikatnym smaku, polecana dla najmłodszych od 3 r.ż., ale też dla osób, które preferują napary na bazie rooibosa. Rooibos jest źródłem antyoksydantów, które wspomagają odporność, a dodatek owoców wzbogaca napar o dodatkowe witaminy i minerały. Może być podawany na ciepło lub na zimno – w zależności od upodobań. W upalne dni przyrządzisz z niego pyszną lemoniadę. Idealny dla dzieci, ponieważ Rooibos jest naturalnie wolny od kofeiny. To gwarancja, że Twoje dziecko może cieszyć się pysznym napojem o każdej porze dnia.;1;http://localhost/images/product_images/rooibosekmalinowo-truskawkowy/img_0.jpg;1
;1;SEN NOCY LETNIEJ;Herbata,Kompozycje,Rooibos kompozycje,Herbaty urodzinowe;19.45;1;59;Rooibos z dodatkiem czerwonej i czarnej porzeczki, jeżyny i kwiatu głogu.;"Autorska kompozycja zbudowana na bazie rooibos uzupełniona czarną i czerwoną porzeczką, jeżyną oraz kwiatem głogu. Rooibos jest krzewem uprawianym w RPA, niespokrewnionym z herbatą z którą łączy go tylko sposób zaparzania. Utarło się jednak określać napar z czerwonokrzewu właśnie ""herbatą"". Herbata rooibos powstaje z liści krzewu, które ususzeniu tnie się na drobne kawałki. Napar ma kolor słomkowy, a jego smak wyróżnia nuta miodowa. Napar charakteryzuje się łagodnością i brakiem typowego w herbatach zielonych lub czarnych posmaku goryczy, ponieważ nie zawiera garbników będących jego przyczyną. Nie zawiera także kofeiny, dlatego może być pity bez ograniczeń przez dzieci oraz przed snem. Zalecany jest także kobietom w ciąży ponieważ obfituje w żelazo i zapobiega mdłościom.";1;http://localhost/images/product_images/sennocyletniej/img_0.jpg;1
;1;SUNSET SWEET;Herbata,Kompozycje,Rooibos kompozycje,Herbaty na zimno,Herbaty RPA;19.95;1;87;Zielony Rooibos z dodatkiem mango i marakui.;Delikatny, zielony Rooibos z dodatkiem mango, marakui i kwiatów granatu. Ta tropikalna kompozycja przywodzi na myśl wypełnione relaksem gorące, letnie wieczory.;1;http://localhost/images/product_images/sunsetsweet/img_0.jpg;1
;1;ORANGE DREAM;Herbata,Kompozycje,Herbata Czarna z dodatkami,Herbata z hibiskusem,Herbaty urodzinowe,Promocja urodzinowa;19.95;1;80;Herbata czarna OP z trawą cytrynową, truskawką, pomarańczą oraz..;Bajecznie kolorowa, a także absolutnie aromatyczna kompozycja, która już podczas otwarcia torebki zachwyci swoim wyglądem i zapachem. Soczyste plasterki truskawek i pomarańczy oraz cząsteczki jabłka cudownie kontrastują ze słomkową trawą cytrynową i rubinowymi płatkami hibiskusa. Całość tworzy bardzo orzeźwiający napar, który doskonale smakuje na ciepło, a także na zimno z kostkami lodu oraz kawałkami świeżych owoców.;1;http://localhost/images/product_images/orangedream/img_0.jpg;1
;1;MASALA CHAI;Herbata,Kompozycje,Herbata Czarna z dodatkami,Herbata z imbirem,Herbaty rozgrzewające,Herbaty świąteczne,Herbaty indyjskie Assam,Herbaty na zimę;22.95;1;87;Czarna herbata Assam z intensywną mocą imbiru, goździków oraz...;Ta propozycja zabierze nas do tajemniczego Dalekiego Wschodu, z jego bogactwem smaków i zapachów. W kompozycji tej połączyliśmy czarną herbatę Assam Dekorai z dodatkiem azjatyckich przypraw oraz trawy cytrynowej. Swój orientalny smak zawdzięcza bogatemu aromatycznemu bukietowi który tworzą imbir, goździki, cynamon, kardamon, pieprz, anyż oraz gałka muszkatołowa. Idealna w chłodne wieczory, a także jako dodatek do potraw kuchni Dalekiego Wschodu. Znakomicie smakuje podawana z mlekiem.;1;http://localhost/images/product_images/masalachai/img_0.jpg;1
;1;WELLNESS&SPA;Herbata z imbirem,Herbata z miętą;12.95;1;33;Liście mięty, liście czarnej porzeczki, trawa cytrynowa, mango, oraz...;Liście mięty, liście czarnej porzeczki, trawa cytrynowa, mango, kwiat słonecznika, lukrecja, werbena cytrynowa, jaśmin i imbir – wszystko to sprawia, że bez konieczności wyjścia z domu w ciągu chwili stworzymy atmosferę relaksu, spokoju i ciepła. Świeża i orzeźwiająca kompozycja wspomaga regenerację organizmu oraz pozwala zapomnieć o trudach dnia codziennego. Prawdziwe Wellness&Spa we własnym domu!  Nasza propozycja przyrządzenia herbaty na zimno: Składniki: herbata Wellness&Spa, plastry cytryny i limonki, mięta.  Listki mięty włóż do pojemnika na lód i zalej wodą. Zamroź. Z Zaparz 1-1,5 łyżeczki herbaty w 200 ml wody i odstaw do schłodzenia. Wrzuć plastry cytryny i limonki wraz z przygotowanymi kostkami lodu i zalej je herbatą. Smacznego!  Składniki: liść porzeczki, mięta, trawa cytrynowa, mango kandyzowane (mango, cukier, kwas cytrynowy), lukrecja, kwiat słonecznika, lippia, imbir, jaśmin, aromat  Wartość odżywcza w 100g: wartość energetyczna 122,0 kJ / 29,0 kcal, tłuszcze 0,0 g, węglowodany 6,4g (w tym cukry 4,7g), błonnik 0,7g, białko 0,0g, sól 0,0g, sód 0,0g.     Zalecany sposób parzenia: 1-2 łyżeczki na 200 ml wody, temperatura wody 100 stopni, czas zaparzania około 5 minut pod przykryciem. Po tym czasie powinno oddzielić się fusy od naparu.;1;http://localhost/images/product_images/wellnessspa/img_0.jpg;1
;1;CHWILA DLA CIEBIE Z IMBIREM;Herbaty w kartonikach okazjonalnych,Herbaty limitowane,ALLEGRO;28.9;1;88;Kompozycja zielona 70g;Imbirowa harmonia smaków – wyjątkowa kompozycja dla koneserów. Chwila dla Ciebie z Imbirem łączy w sobie wysokiej jakości zieloną herbatę Sencha oraz delikatną białą Pai Mu Tan, tworząc idealną bazę dla owocowych akcentów. Nuty imbiru, owocu acai i marakui nadają naparowi intensywnie owocowy charakter, a dodatek kwiatu słonecznika wzbogaca go nie tylko wizualnie, ale i aromatycznie. To doskonały wybór dla miłośników pełnych smaków, który na zagościł w ofercie Czas na Herbatę jako edycja limitowana. Spróbuj tej wyjątkowej mieszanki i pozwól sobie na chwilę relaksu z filiżanką doskonałej herbaty.;1;http://localhost/images/product_images/chwiladlaciebiezimbirem/img_0.jpg, http://localhost/images/product_images/chwiladlaciebiezimbirem/img_1.jpg;1
;1;IMBIROWE GORĄCE RYTMY KARTONIK;Herbaty w kartonikach okazjonalnych,Herbaty limitowane,ALLEGRO;44.9;1;54;Kompozycja owocowa 100g;Herbaciana uczta – wyjątkowa kompozycja składników  Przedstawiamy naszą starannie dobraną mieszankę limitowanej edycji kompozycji Gorące Rytmy wzbogaconą o imbir - to prawdziwa eksplozja smaków i aromatów. Słodycz kandyzowanego imbiru, papai i mango doskonale komponuje się z naturalnym smakiem suszonego jabłka oraz delikatną nutą rodzynek. Dodatek liofilizowanej wiśni nadaje mieszance subtelnej kwaskowatości, a kwiatowe akcenty – różowy bławatek i nagietek – wzbogacają jej wygląd i aromat. Całość dopełniają starannie dobrane aromaty, które podkreślają owocowy charakter tej wyjątkowej kompozycji. Spróbuj i odkryj harmonię naturalnych składników w każdej filiżance.;1;http://localhost/images/product_images/imbirowegorcerytmykartonik/img_0.jpg, http://localhost/images/product_images/imbirowegorcerytmykartonik/img_1.jpg;1
;1;MADAM BUTTERFLY Z IMBIREM;Herbaty w kartonikach okazjonalnych,Herbaty limitowane,ALLEGRO;27.9;1;52;Kompozycja zielona 70g;Poznaj edycję limitowaną wyjątkowej kompozycji Madam Butterfly z dodatkiem imbiru. Delikatna zielona herbata Sencha łączy się tutaj z intensywną słodyczą kandyzowanych wiśni, imbiru oraz aromatycznym jaśminem, tworząc wyjątkową kompozycję pełną kontrastów. Jaśmin subtelnie podkreśla owocowe nuty, nadając naparowi głębię i elegancję. Każdy łyk tej herbaty to podróż przez bogactwo smaków i aromatów, które zachwycają i intrygują. Idealna propozycja dla tych, którzy cenią wyrafinowane połączenia i niezapomniane doznania podczas degustacji.;1;http://localhost/images/product_images/madambutterflyzimbirem/img_0.jpg, http://localhost/images/product_images/madambutterflyzimbirem/img_1.jpg;1
;1;PIKANTNA DYNIA;Herbata,Kompozycje,Herbata Czarna z dodatkami,Herbaty limitowane,Herbaty rozgrzewające,Herbaty na jesień;21.95;1;98;Herbata czarna Ceylon z dodatkiem dyni.;Herbata z kawałkami dyni oraz z papryczką chili to niebanalna propozycja na chłodniejsze dni, ale i świetny towarzysz hallowenowych spotkań. Zawiera niespodziankę w postaci cukrowych dyni, które rozpuszczają się przy zaparzaniu uwalniając delikatną słodycz. Swoją pikantność zawdzięcza dzięki obecności papryczki chili.;1;http://localhost/images/product_images/pikantnadynia/img_0.jpg;1
;1;TEA LOVE;Herbata,Kompozycje,Herbata Zielona z dodatkami,Herbaty limitowane;19.95;1;60;Zielona herbata Yunnan z dodatkiem żurawiny, skórki dzikiej róży oraz...;Zakochaj się w kompozycji zielonej herbaty Yunnan, która uwiedzie Cię słodką truskawką z dodatkiem jabłka puffing, a żurawina i dzika róża dodadzą temu związkowi charakteru.;1;http://localhost/images/product_images/tealove/img_0.jpg;1
;1;WIOSENNY SPACER;Herbata,Kompozycje,Herbata Czarna z dodatkami,Herbaty limitowane,Herbaty na wiosnę,Herbaty kwiatowe;17.95;1;41;Herbata czarna cejlońska z owocowo-kwiatowymi dodatkami;Edycja limitowana. Kompozycja na bazie herbaty czarnej Ceylon High Grown OP o wyjątkowo świeżym i owocowym zapachu i smaku. Dodatki w postaci niebieskiego bławatka, truskawki, ananasa i papai wspaniale komponują się z bazą czarnej herbaty.;1;http://localhost/images/product_images/wiosennyspacer/img_0.jpg;1
;1;PIEROŃSKA GRUSZKA;Herbata,Kompozycje,Herbata Zielona z dodatkami,Herbaty rozgrzewające,Herbaty na jesień;19.95;1;61;Gen Mai Cha z dodatkiem gruszki, pomarańczy  i pieprzu.;Pierońska Gruszka powstała na bazie zielonej herbaty Gen Mai Cha, z dodatkiem orzeźwiającej gruszki oraz czerwonego pieprzu, pomarańczą i trawą cytrynową. Lekko słodki smak gruszki i orzecha zawdzięcza swojemu składowi, napar ma delikatny jasnozielony kolor i gruszkowy zapach z cytrusową nutą. Kompozycja pasuje idealnie zarówno do dań słodkich jak i wytrawnych. Jest idealna do picia podczas jesiennych chwil relaksu.;1;http://localhost/images/product_images/pieroskagruszka/img_0.jpg;1
;1;POEZJA SMAKU;Herbata,Kompozycje,Herbata Czarna z dodatkami,Herbaty rozgrzewające,Herbaty na jesień,Herbata wietnamska;22.45;1;67;Herbata czarna OP z dodatkiem maliny, cynamonu, pomarańczy, jabłka.;Wyśmienity przekrój doznań: z jednej strony dominująca i orzeźwiająca pomarańcza, z drugiej wyrazista malina i delikatne jabłko. Wszystko podkreślone aromatycznym cynamonem, który nadaje herbacie wyjątkowy korzenny klimat. Idealna w chłodne wieczory, a także w cieplejsze dni, podawana na zimno z kostkami lodu oraz świeżymi owocami.;1;http://localhost/images/product_images/poezjasmaku/img_0.jpg;1
;1;ŚNIEŻNA HISTORIA;Herbata,Kompozycje,Herbata Czarna z dodatkami,Herbaty rozgrzewające,Herbaty świąteczne,Herbaty na zimę;19.45;1;44;Herbata czarna Sencha Black z korzennymi dodatkami.;Świąteczna nowość Śnieżna Historia to wyjątkowa kompozycja na bazie herbaty czarnej Sencha Black, która idealnie łączy się z aromatycznym jabłkiem, rozgrzewającym cynamonem i delikatnie pikantnym pieprzem czerwonym. To doskonała propozycja na zimowe wieczory, pełna harmonii smaków, która wprowadza w świąteczny nastrój i rozgrzewa w chłodne dni. Idealna do podkreślenia wyjątkowej atmosfery świąt!  Składniki: herbata czarna Sencha Black, jabłko, cynamon, pieprz czerwony.  Wartości odżywcze w 100g: wartość energetyczna 131kJ / 31kcal, tłuszcz 0g , węglowodany 5,8g w tym cukry 5g, błonnik 1,2g, białko 0g, sól 0g;1;http://localhost/images/product_images/nienahistoria/img_0.jpg;1
;1;POLE LAWENDOWE;Herbata,Herbata Zielona z dodatkami,Herbata z miętą,Herbaty na zimno;19.95;1;20;Zielona herbata Sencha z dodatkiem cytryny, ananasa, lawendy, mięty oraz...;Zielona herbata Sencha z dodatkiem cytryny, ananasa, lawendy, mięty oraz rozmarynu. W smaku wyczujemy orzeźwiające nuty mięty i cytryny, słodycz ananasa, delikatnie podbite rozmarynem. Całość kompozycji dopełnia suszona lawenda. Napar ma intensywny żółto-zielony kolor.;1;http://localhost/images/product_images/polelawendowe/img_0.jpg;1
;1;KWIAT GRANATU;Kompozycje,Herbata Czarna z dodatkami,Herbaty na lato,Herbaty na wiosnę;22.95;1;29;Herbata czarna Wietnam z dodatkiem kwiatu granatu, nagietka i berberysu.;Poczuj wyjątkowe połączenie głębokiego smaku czarnej herbaty i owocowej świeżości w naszej herbacie Kwiat Granatu. Aromatyczna czarna herbata z Wietnamu zachwyca swoją pełnią i aksamitnym charakterem, tworząc idealną bazę dla owocowo-kwiatowych dodatków. Kwiat granatu wprowadza delikatną egzotyczną nutę, podczas gdy nagietek nadaje subtelnej lekkości i złocistego blasku naparowi. Owoc berberysu dodaje lekko kwaskowej nuty, przełamując kompozycję i nadając jej harmonijną równowagę. Intensywny aromat sprawia, że każdy łyk przenosi Cię do pełnego słońca orientalnego ogrodu, gdzie zmysły rozkwitają przy każdej filiżance. .;1;http://localhost/images/product_images/kwiatgranatu/img_0.jpg;1
;1;ŚWIĄTECZNA CHWILA;Herbata,Kompozycje,Herbata Zielona z dodatkami,Herbaty na lato,Herbaty wielkanocne;18.45;1;25;Kompozycja zielona na Wielkanoc;Nasza nowość – kompozycja herbaciana Świąteczna Chwila to starannie skomponowana mieszanka, która łączy w sobie delikatność zielonej herbaty Sencha z egzotycznymi dodatkami.;1;http://localhost/images/product_images/witecznachwila/img_0.jpg;1
;1;TROPIKALNA POKUSA;Herbata,Kompozycje,Herbata Czarna z dodatkami,Herbaty na lato;23.45;1;20;Herbata czarna z dodatkiem pomarańczy, cytryny oraz mirtu cytrynowego.;Smak: Baza czarnej herbaty z Wietnamu spotyka się z orzeźwiającą cytrusową świeżością. Na pierwszy plan wysuwa się słodka pomarańcza i lekko kwaskowa cytryna, przełamane chrupiącym, owocowym akcentem pomarańczowego crunchu. Smak jest zbalansowany – głęboki, ale jednocześnie lekki i soczyście świeży.  Aromat: Intensywny i rześki. Wyczuwalne są nuty cytrusowego ogrodu – słodka pomarańcza, świeża cytryna i subtelna herbaciana głębia. Całość pachnie jak tropikalne wakacje – słonecznie, energetyzująco, z nutą egzotycznej przygody.;1;http://localhost/images/product_images/tropikalnapokusa/img_0.jpg;1
;1;TRUSKAWKI ZE ŚMIETANĄ;Herbata,Kompozycje,Herbata Czarna z dodatkami,Herbaty urodzinowe,Herbaty na lato;33.95;1;11;Herbata czarna z dodatkiem truskawek, poziomek oraz jabłka.;Wyselekcjonowane liście herbaty, połączone z dużą ilością i wyrazistym smakiem truskawek i delikatną nutą wanilii, tworzą napar, który zachwyci smakiem i aromatem. Pyszna truskawkowo-śmietankowa propozycja o owocowym smaku, polecana dla wszystkich miłośników owocowych herbat. Ta wyjątkowa mieszanka łączy w sobie słodycz dojrzałych truskawek z kremowym akcentem śmietany, tworząc napój idealny na każdą porę dnia. Herbata Truskawki ze Śmietaną jest bogata w antyoksydanty, które wspomagają odporność, a dodatek owoców wzbogaca napar o dodatkowe witaminy i minerały. Może być podawana na ciepło, przynosząc przyjemność podczas chłodniejszych dni, jak i na zimno, doskonale orzeźwiając w upalne lato. Idealna jako towarzysz deserów, chwili relaksu czy spotkań z przyjaciółmi. To gwarancja, że każda filiżanka tej herbaty dostarczy Ci wyjątkowych doznań smakowych i przyjemności.;1;http://localhost/images/product_images/truskawkizemietan/img_0.jpg;1
;1;ZŁOTE WSPOMNIENIA;Herbata Czarna z dodatkami,Herbaty na lato,Herbaty na zimno;18.45;1;60;Herbata czarna z dodatkiem pomarańczy, cytryny oraz mirtu.;Smak: ciepły, korzenny z wyczuwalną naturalną słodyczą. Na pierwszym planie daktyle, jabłko i cynamon, wspierane przez imbir, goździki i kardamon. Czarna herbata z Wietnamu stanowi łagodną, niegoryczkową bazę. Kompozycja dobrze zbalansowana – bez dominacji jednego składnika, wyraźna, ale nienachalna.  Aromat: wyraźnie przyprawowy z owocowo-kwiatowym tłem. Zarówno w suchym suszu, jak i po zaparzeniu dominują zapachy goździków, płatków róży, daktyli, kardamonu, imbiru oraz jabłka. Aromat utrzymuje się stabilnie – nie słabnie po zalaniu wrzątkiem. Profil przypomina lekką wersję herbat świątecznych, ale bez ciężkich nut.  Wygląd naparu: kolor: złoto-bursztynowy, klarowny. Napar estetyczny, ciepły wizualnie. W suszu widoczne są elementy przypraw i kwiatów, co sprawia, że herbata dobrze prezentuje się zarówno w filiżance, jak i w szklance.  Zastosowanie: • Odpowiednia do picia po posiłkach lub jako wieczorna herbata relaksująca • Można pić bez dodatków lub z niewielką ilością miodu • Dobrze sprawdza się w chłodniejsze dni jako delikatnie rozgrzewająca mieszanka • Polecana osobom lubiącym herbaty przyprawowe o zbalansowanym, naturalnym profilu;1;http://localhost/images/product_images/zotewspomnienia/img_0.jpg;1
;1;ZIELONA O SMAKU POMARAŃCZY Z NAGIETKIEM;Herbata,Kompozycje,Herbata Zielona z dodatkami,Herbaty na wiosnę,Herbaty do gastronomii;14.95;1;55;Herbata zielona Gunpowder z dodatkiem pomarańczy i nagietka.;Zielona herbata Gunpowder połączona z aromatyczną skórką pomarańczy oraz nagietkiem. Wyrazisty smak i świeżość zawdzięcza dodatkowi skórki pomarańczowej.;1;http://localhost/images/product_images/zielonaosmakupomaraczyznagietkiem/img_0.jpg;1
;1;MAGIA ŚWIĄT;Herbata,Herbata Czarna z dodatkami,Herbaty świąteczne,Herbaty na zimę;20.45;1;39;Czarna herbata OP z dodatkiem grejpfruta, mango, anyżu, goździka i pieprzu czerwonego.;Każdy z nas tęskni przez cały rok za magicznym czasem świąt. Na myśl przychodzą bliscy, przyjaciele, radosne spotkania… Aby zatrzymać ten wyjątkowy, nadchodzący czas na dłużej, przygotowaliśmy dla Państwa wyjątkową, czarną herbatę łączącą ze sobą aromatycznego grejpfruta, egzotyczne mango, okraszoną gwiazdkami anyżu, goździkami oraz czerwonym pieprzem  Składniki: herbata czarna OP, grejpfrut, mango, anyż, goździk, pieprz czerwony, aromat  Wartość odżywcza w 100g: wartość energetyczna 326,0kJ / 77,0kcal, tłuszcze 0,0 g, węglowodany 16,0g (w tym cukry 12,0g), błonnik 2,6g, białko 0,8g, sól 0,0g, sód 0,0g.;1;http://localhost/images/product_images/magiawit/img_0.jpg;1
;1;NOWOROCZNA;Herbata,Herbata Czarna z dodatkami,Herbaty świąteczne,Herbaty na zimę;19.95;1;69;Czarna herbata Ceylon z dodatkiem brzoskwini, igieł świerku, safloru i bławatka białego.;Czarna herbata Ceylon z dodatkiem brzoskwini, igieł świerku, safloru i bławatka białego. W smaku odnajdziemy słodycz brzoskwini przełamaną cytrusową nutą oraz słodkawo-korzenny, delikatnie pikantny aromat cynamonu, który podkreśla zimowy charakter herbaty. Napar urzeka bursztynową barwą i bogatym bukietem świąteczno – zimowych aromatów.;1;http://localhost/images/product_images/noworoczna/img_0.jpg;1
;1;OPOWIEŚĆ WIGILIJNA;Herbata,Herbata Czarna z dodatkami,Herbaty świąteczne,Herbaty na zimę;21.45;1;86;Herbata czarna z dodatkiem maliny, cynamonu, pomarańczy oraz...;Kompozycja, która w ciągu chwili przeniesie Cię w odległy świat. Taki, w którym czas nie istnieje. Jesteś tylko Ty i filiżanka aromatycznej herbaty. Cudowny smak soczystych malin oraz delikatnego jabłka uzupełnia orzeźwiająca nuta plastrów pomarańczy, a korzenny zapach cynamonu pozwala zapomnieć o codzienności. Całość ukrywa w sobie maleńkie, białe cukrowe płatki śniegu, które rozkosznie topnieją w filiżance gorącego naparu. Magia…czyż nie?;1;http://localhost/images/product_images/opowiewigilijna/img_0.jpg;1
;1;TAJEMNICA ŚWIĄT;Herbata,Herbata Zielona z dodatkami,Herbaty świąteczne,Herbaty na zimę;20.45;1;34;Zielona herbata Gunpowder z dodatkiem daktyli, malin, kakaowca oraz pomarańczy.;Smak: Zaskakująco złożony i przyjemnie owocowo-przyprawowy. Klasyczna, lekko dymna nuta herbaty Gunpowder łączy się z naturalną słodyczą daktyli i malin. Całość dopełniają delikatne akcenty róży, cynamonu i anyżu – subtelnie korzenne, ale nie dominujące. Herbata pełna niuansów, łagodna, ale wyrazista.;1;http://localhost/images/product_images/tajemnicawit/img_0.jpg;1
;1;WIGILIJNA;Herbata,Herbata Czarna z dodatkami,Herbaty świąteczne,Herbaty na zimę;19.95;1;46;Herbata czarna OP z dodatkiem skórki pomarańczowej, żurawiny, goździków oraz...;Świąteczny klimat zamknięty w smaku herbaty. Korzenny zapach goździków, egzotyczne nuty pomarańczy, kwaskowa żurawina oraz przywodzące na myśl domowe ciasto i ciepło kominka drzewo sandałowe. Idealna na rodzinny, Wigilijny wieczór.;1;http://localhost/images/product_images/wigilijna/img_0.jpg;1
;1;ZIMOWY CZAR;Herbata,Herbata Zielona z dodatkami,Herbaty świąteczne,Herbaty na zimę;20.95;1;85;Zielona herbata Gunpowder z dodatkiem cukrowych płatków, pomarańczy oraz...;Autorska propozycja idealna na zimowe, długie wieczory. Wyjątkowe połączenie inkaskich jagód z soczystymi pomarańczami w towarzystwie aromatycznych goździków oraz imbiru, zwieńczone barwnym dodatkiem kwiatów granatu, płatków śniegu oraz trawy cytrynowej.;1;http://localhost/images/product_images/zimowyczar/img_0.jpg;1
;1;IMIĘ RÓŻY;Herbata,Kompozycje,Herbata Czarna z dodatkami,Herbaty kwiatowe;24.95;1;38;Czarna herbata cejlońska z dodatkiem jabłka, maliny, płatków róży oraz...;Główni bohaterowie, czyli malina i płatki róży wraz ze swoim kompanem jabłkiem, porywają nas do świata pełnego kolorów (za sprawą bławatka i nagietka), w którym akcja toczy się wśród liści czarnej herbaty Ceylon. Limit dziennego spożycia 4 filiżanki.;1;http://localhost/images/product_images/imiry/img_0.jpg;1
;1;SUNRISE;Herbata,Kompozycje,Herbata Czarna z dodatkami,Herbaty kwiatowe;19.95;1;45;Czarna herbata Yunnan z dodatkiem liści limonki i safloru.;Wschód słońca, który nie tylko możesz zobaczyć, ale i poczuć za sprawą pobudzającej, czarnej, wysokogatunkowej herbaty Yunnan podanej w towarzystwie bogatych w witaminy nasion arbuza, odświeżających iści limonki oraz pełnego barw poranka - safloru.;1;http://localhost/images/product_images/sunrise/img_0.jpg;1
;1;PYCHOTKA;Herbata,Kompozycje,Herbata Czarna z dodatkami,Herbaty do gastronomii,Herbaty wielkanocne,Herbata wietnamska;15.95;1;18;Czarna herbata OP z dodatkiem jabłka i truskawki oraz kwiatów słonecznika.;Kompozycja na bazie czarnej herbaty z dodatkiem jabłka i truskawki oraz kwiatów słonecznika. W nutach zapachowych dominuje truskawka. To idealna propozycja dla osób lubiących czarną herbatę z owocową słodyczą.  Składniki: herbata czarna OP, jabłko suszone, truskawka liofilizowana, słonecznik kwiat, aromat.  Wartość odżywcza w 100g: wartość energetyczna 203,0kJ / 48,0kcal, tłuszcze 0,0 g, węglowodany 11,0g (w tym cukry 9,1), błonnik 1,6g, białko 0,0 g, sól 0,0g, sód 0,0g.  Kraj pochodzenia: Wietnam;1;http://localhost/images/product_images/pychotka/img_0.jpg;1
;1;WIŚNIE W RUMIE;Herbata,Kompozycje,Herbata Czarna z dodatkami,Herbaty w puszkach firmowych,Herbaty do gastronomii,Herbata wietnamska;18.45;1;94;Czarna herbata o smaku rumu z dodatkiem wiśni.;Herbata która po otwarciu roztacza wokół cudownie słodki zapach wiśni, skąpanych w finezyjnym aromacie rumu. Łagodny smak czarnej wietnamskiej herbaty, który miesza się z wyrazistym wiśniowym dodatkiem to propozycja na każdy dzień. Idealna podczas długiego dnia w pracy czy na spotkaniu z przyjaciółmi.;1;http://localhost/images/product_images/winiewrumie/img_0.jpg, http://localhost/images/product_images/winiewrumie/img_1.jpg;1
;1;SENCHA CYTRYNOWA;Herbata,Kompozycje,Herbata Zielona z dodatkami,Herbaty do kawiarni;15.95;1;42;Herbata zielona Sencha z dodatkiem kawałków cytryny.;Orzeźwiająca wersja zielonej herbaty Sencha wzbogaconej skórką cytryny oraz trawą cytrynową. Zaparzony napar ofiarowuje łagodny i delikatny smak, a aromat, który unosi się w powietrzu na długo nie pozwala zapomnieć o wypitej filiżance złocistego napoju.;1;http://localhost/images/product_images/senchacytrynowa/img_0.jpg;1
;1;SŁODKA POKUSA;Herbata,Kompozycje,Herbata Czarna z dodatkami,Herbaty do kawiarni,Herbaty do biura;19.95;1;59;Herbata czarna Assam z dodatkiem jabłka, białej czekolady oraz...;Składniki: Herbata czarna OP, jabłko, migdały, czerwona porzeczka, aromat;1;http://localhost/images/product_images/sodkapokusa/img_0.jpg;1
;1;OWOCOWY SZOT;Herbata,Kompozycje,Herbata Zielona z dodatkami,Herbaty w puszkach firmowych,Herbaty do biura;14.95;1;95;Zielona herbata Gunpowder z dodatkiem jabłka oraz czarnej porzeczki.;Zielona herbata Gunpowder z dodatkiem jabłka oraz czarnej porzeczki. Słodki zapach porzeczkowy zdecydowanie jest tu dominujący. W smaku odnajdziemy delikatną kwaskowość jabłka oraz słodką czarną porzeczkę.  Składniki: herbata zielona Gunpowder, owoce 15% (jabłko suszone, porzeczka czarna suszona), porzeczka liść, bławatek, aromat.  Wartość odżywcza w 100g: wartość energetyczna 221,0kJ / 52,0kcal, tłuszcze 0,0g, węglowodany 11,0g (w tym cukry 9,6g), błonnik 2,4g, białko 0,0 g, sól 0,0g, sód 0,0g.  Kraj pochodzenia: Chiny;1;http://localhost/images/product_images/owocowyszot/img_0.jpg, http://localhost/images/product_images/owocowyszot/img_1.jpg;1
;1;MALINOWA CHMURKA;Herbata,Kompozycje,Herbata Czarna z dodatkami,Herbaty wielkanocne;22.45;1;21;Herbata czarna wietnamska z dodatkiem malin, jabłek oraz poziomek.;Odkryj prawdziwą esencję ciepłych dni, zamkniętą w każdej filiżance naszej wyjątkowej nowości, herbaty z dodatkami: Malinowa Chmurka. To wyjątkowa kompozycja, która zachwyci Cię intensywnym smakiem soczystych malin i zapachem ciasta, przenosząc w świat słonecznych, letnich dni i beztroskich chwil. To nie tylko napój – to prawdziwa, malinowa podróż, która przeniesie Cię do wspomnień z letnich dni. Każda filiżanka to chwila prawdziwej przyjemności i błogiego relaksu. Dodatki w postaci jabłka i poziomki podkreślają owocowy charakter herbaty.;1;http://localhost/images/product_images/malinowachmurka/img_0.jpg;1
;1;BAJECZNE ŚWIĘTA KARTONIK;Herbaty świąteczne w kartonikach;29.9;1;64;Herbata czarna Bajeczne Święta w kartoniku okazjonalnym (70g).;Pełna smaku kompozycja czarnej herbaty, która przypomni jak niezwykły i bajeczny może być czas świąt. Owocowa moc dzikiej róży, jabłka, wiśni, żurawiny i truskawki przeniesie do magicznej krainy. W tym bajecznym świecie pełnym kwitnących hibiskusów i róż padają płatki słodkiego, cukrowego śniegu.;1;http://localhost/images/product_images/bajecznewitakartonik/img_0.jpg, http://localhost/images/product_images/bajecznewitakartonik/img_1.jpg;1
;1;BLASK ŚWIĄT KARTONIK;Herbaty świąteczne w kartonikach;29.9;1;49;Rooibos z dodatkiem jabłek, hibiskusa, cykorii oraz goździków.;Smak: Delikatny, naturalnie słodki i gładki dzięki rooibosowi, przełamany lekką kwaskowatością hibiskusa i jabłka. Cykoria wnosi nutę głębi, a goździk dodaje charakteru i świątecznego ciepła. Całość jest zbalansowana – rozgrzewająca, ale łagodna, bez goryczy.;1;http://localhost/images/product_images/blaskwitkartonik/img_0.jpg, http://localhost/images/product_images/blaskwitkartonik/img_1.jpg, http://localhost/images/product_images/blaskwitkartonik/img_2.jpg;1
;1;CHWILA PRZY KOMINKU KARTONIK;Herbaty świąteczne w kartonikach;29.9;1;65;Herbata w kartoniku okazjonalnym (70g).;Wspaniałe, korzenne połączenie czarnej wietnamskiej herbaty z zielonymi listkami herbaty Sencha. Oryginalności dodają kawałki cynamonu, skórka pomarańczowa, płatki róży oraz słodkie rodzynki. Złocisty cynamonowo-pomarańczowy napar umili długie jesienne i zimowe wieczory, rozgrzewając oraz wprowadzając nas w wyjątkowy nastrój.;1;http://localhost/images/product_images/chwilaprzykominkukartonik/img_0.jpg, http://localhost/images/product_images/chwilaprzykominkukartonik/img_1.jpg;1
;1;EARL GREY SPICY KARTONIK;Herbaty świąteczne w kartonikach;29.9;1;75;Herbata czarna w kartoniku okazjonalnym (70g).;Pozwól rozgrzać się odważnemu smakowi czarnej herbaty Ceylon z dodatkiem imbiru, czerwonego pieprzu i kardamonu oraz oleju z bergamoty.;1;http://localhost/images/product_images/earlgreyspicykartonik/img_0.jpg, http://localhost/images/product_images/earlgreyspicykartonik/img_1.jpg;1
;1;GRZANIEC KARTONIK;Herbaty świąteczne w kartonikach;29.9;1;73;Herbata owocowa Grzaniec w kartoniku okazjonalnym;Wyjątkowo aromatyczna i bogata w smaku kompozycja cynamonu, goździków, owocu czarnego bzu, tarniny, jagody, aronii, owocu głogu, jarzębiny, jabłka, skórki owocu róży oraz hibiskusa, która sprawia, że czas zatrzymuje się w miejscu. Nie istnieje nic poza cudownie otulającym bukietem smaków. Propozycja idealna na chłodne jesienne i zimowe dni, a także jako dodatek do grzanego wina.;1;http://localhost/images/product_images/grzanieckartonik/img_0.jpg, http://localhost/images/product_images/grzanieckartonik/img_1.jpg;1
;1;LAPONIA KARTONIK;Herbaty świąteczne w kartonikach;29.9;1;35;Herbata zielona Sencha z dodatkiem herbaty białej Pai Mu Tan, jabłka, pieprzu czerwonego.;Wyjątkowe połączenie zielonej herbaty Sencha oraz otrzymywanej z wyselekcjonowanych liści herbaty białej Pai Mu Tan, o delikatnym smaku. Dodatek jabłka podkreśla wyjątkowość naparu, a pieprz czerwony nadaje mu oryginalnego, wyrazistego charakteru.;1;http://localhost/images/product_images/laponiakartonik/img_0.jpg, http://localhost/images/product_images/laponiakartonik/img_1.jpg;1
;1;LAPONIA KARTONIK BIAŁY;Herbaty pakowane,Herbaty świąteczne w kartonikach;21.52;1;32;Herbata zielona 50g;Wyjątkowe połączenie zielonej herbaty Sencha oraz otrzymywanej z wyselekcjonowanych liści herbaty białej Pai Mu Tan, o delikatnym smaku. Dodatek jabłka podkreśla wyjątkowość naparu, a pieprz czerwony nadaje mu oryginalnego, wyrazistego charakteru.;1;http://localhost/images/product_images/laponiakartonikbiay/img_0.jpg, http://localhost/images/product_images/laponiakartonikbiay/img_1.jpg;1
;1;MAGIA ŚWIĄT KARTONIK;Herbaty świąteczne w kartonikach;29.9;1;61;Herbata czarna Magia Świąt w kartoniku okazjonalnym (70g).;Każdy z nas tęskni przez cały rok za magicznym czasem świąt. Na myśl przychodzą bliscy, przyjaciele, radosne spotkania… Aby zatrzymać ten wyjątkowy, nadchodzący czas na dłużej, przygotowaliśmy dla Państwa wyjątkową, czarną herbatę łączącą ze sobą aromatycznego grejpfruta, egzotyczne mango, okraszoną gwiazdkami anyżu, goździkami oraz czerwonym pieprzem.;1;http://localhost/images/product_images/magiawitkartonik/img_0.jpg, http://localhost/images/product_images/magiawitkartonik/img_1.jpg;1
;1;MASALA CHAI KARTONIK;Herbaty świąteczne w kartonikach;29.9;1;14;Herbata czarna Masala chai w kartoniku okazjonalnym (70g).;Ta propozycja zabierze nas do tajemniczego Dalekiego Wschodu, z jego bogactwem smaków i zapachów. W kompozycji tej połączyliśmy czarną herbatę Assam Dekorai z dodatkiem azjatyckich przypraw oraz trawy cytrynowej. Swój orientalny smak zawdzięcza bogatemu aromatycznemu bukietowi który tworzą imbir, goździki, cynamon, kardamon, pieprz, anyż oraz gałka muszkatołowa. Idealna w chłodne wieczory, a także jako dodatek do potraw kuchni Dalekiego Wschodu. Znakomicie smakuje podawana z mlekiem.;1;http://localhost/images/product_images/masalachaikartonik/img_0.jpg, http://localhost/images/product_images/masalachaikartonik/img_1.jpg;1
;1;NOWOROCZNA KARTONIK;Herbaty świąteczne w kartonikach;29.9;1;6;Herbata czarna w kartoniku okazjonalnym 70g;Czarna herbata Ceylon z dodatkiem brzoskwini, igieł świerku, safloru i bławatka białego. W smaku odnajdziemy słodycz brzoskwini przełamaną cytrusową nutą oraz słodkawo-korzenny, delikatnie pikantny aromat cynamonu, który podkreśla zimowy charakter herbaty. Napar urzeka bursztynową barwą i bogatym bukietem świąteczno – zimowych aromatów.;1;http://localhost/images/product_images/noworocznakartonik/img_0.jpg, http://localhost/images/product_images/noworocznakartonik/img_1.jpg;1
;1;OPOWIEŚĆ WIGILIJNA KARTONIK;Herbaty Adwentowe,Herbaty świąteczne w kartonikach;29.9;1;49;Herbata czarna w kartoniku okazjonalnym (70g).;Kompozycja, która w ciągu chwili przeniesie Cię w odległy świat. Taki, w którym czas nie istnieje. Jesteś tylko Ty i filiżanka aromatycznej herbaty. Cudowny smak soczystych malin oraz delikatnego jabłka uzupełnia orzeźwiająca nuta plastrów pomarańczy, a korzenny zapach cynamonu pozwala zapomnieć o codzienności. Całość ukrywa w sobie maleńkie, białe cukrowe płatki śniegu, które rozkosznie topnieją w filiżance gorącego naparu. Magia…czyż nie? Opakowanie jednostkowe: 70 g;1;http://localhost/images/product_images/opowiewigilijnakartonik/img_0.jpg, http://localhost/images/product_images/opowiewigilijnakartonik/img_1.jpg;1
;1;SEN MIKOŁAJA KARTONIK;Herbaty świąteczne w kartonikach;29.9;1;73;Kompozycja owocowa z dodatkiem daktyli, jabłek, malin oraz gruszek.;Smak: Naturalnie słodki i łagodny – dzięki daktylom i jabłku – z wyraźną, soczystą nutą malin i wiśni. Gruszka nadaje mu lekkości, aronia wprowadza delikatną cierpkość, a płatki róży subtelny, kwiatowy akcent. Całość tworzy harmonijny, deserowy profil, który smakuje zarówno dorosłym, jak i dzieciom.;1;http://localhost/images/product_images/senmikoajakartonik/img_0.jpg, http://localhost/images/product_images/senmikoajakartonik/img_1.jpg, http://localhost/images/product_images/senmikoajakartonik/img_2.jpg;1
;1;ŚNIEŻNA HISTORIA KARTONIK;Herbaty świąteczne w kartonikach;29.9;1;66;Herbata czarna w kartoniku okazjonalnym (70g).;Świąteczna nowość Śnieżna Historia to wyjątkowa kompozycja na bazie herbaty czarnej Sencha Black, która idealnie łączy się z aromatycznym jabłkiem, rozgrzewającym cynamonem i delikatnie pikantnym pieprzem czerwonym. To doskonała propozycja na zimowe wieczory, pełna harmonii smaków, która wprowadza w świąteczny nastrój i rozgrzewa w chłodne dni. Idealna do podkreślenia wyjątkowej atmosfery świąt!  Składniki: herbata czarna Sencha Black, jabłko, cynamon, pieprz czerwony.;1;http://localhost/images/product_images/nienahistoriakartonik/img_0.jpg, http://localhost/images/product_images/nienahistoriakartonik/img_1.jpg, http://localhost/images/product_images/nienahistoriakartonik/img_2.jpg;1
;1;ŚWIĄTECZNA PODRÓŻ KARTONIK;Herbaty świąteczne w kartonikach;29.9;1;54;Rooibos z dodatkiem pomarańczy, śliwki, goździka i pieprzu czerwonego.;Niezapomniana podróż smaku, w której Rooibos o miodowej słodyczy łączy się ze świątecznymi nutami skórki pomarańczowej, śliwki, a także goździka i pieprzu czerwonego. W smaku wyczujemy słodkawo-owocowy akcent, który uzupełnia korzenno-pikantny charakter kompozycji idealnej na zimowe dni.;1;http://localhost/images/product_images/witecznapodrkartonik/img_0.jpg, http://localhost/images/product_images/witecznapodrkartonik/img_1.jpg;1
;1;TAJEMNICA ŚWIĄT KARTONIK;Herbaty świąteczne w kartonikach;29.9;1;9;Zielona herbata Gunpowder z dodatkiem daktyli, malin, kakaowca oraz pomarańczy.;Smak: Zaskakująco złożony i przyjemnie owocowo-przyprawowy. Klasyczna, lekko dymna nuta herbaty Gunpowder łączy się z naturalną słodyczą daktyli i malin. Całość dopełniają delikatne akcenty róży, cynamonu i anyżu – subtelnie korzenne, ale nie dominujące. Herbata pełna niuansów, łagodna, ale wyrazista.;1;http://localhost/images/product_images/tajemnicawitkartonik/img_0.jpg, http://localhost/images/product_images/tajemnicawitkartonik/img_1.jpg, http://localhost/images/product_images/tajemnicawitkartonik/img_2.jpg;1
;1;WIGILIJNA KARTONIK;Herbaty świąteczne w kartonikach;29.9;1;49;Herbata czarna Wigilijna w kartoniku okazjonalnym (70g).;Świąteczny klimat zamknięty w smaku herbaty. Korzenny zapach goździków, egzotyczne nuty pomarańczy, kwaskowa żurawina oraz przywodzące na myśl domowe ciasto i ciepło kominka drzewo sandałowe. Idealna na rodzinny, Wigilijny wieczór.;1;http://localhost/images/product_images/wigilijnakartonik/img_0.jpg, http://localhost/images/product_images/wigilijnakartonik/img_1.jpg;1
;1;ZIMOWY CZAR KARTONIK;Herbaty świąteczne w kartonikach;29.9;1;83;Herbata zielona Zimowy czar w kartoniku okazjonalnym (70g).;Autorska propozycja idealna na zimowe, długie wieczory. Wyjątkowe połączenie inkaskich jagód z soczystymi pomarańczami w towarzystwie aromatycznych goździków oraz imbiru, zwieńczone barwnym dodatkiem kwiatów granatu, płatków śniegu oraz trawy cytrynowej.;1;http://localhost/images/product_images/zimowyczarkartonik/img_0.jpg, http://localhost/images/product_images/zimowyczarkartonik/img_1.jpg;1
;1;BAJECZNE ŚWIĘTA TOREBKA BIAŁA;Herbaty świąteczne w torebkach;43.9;1;25;Czarna herbata OP z dodatkiem truskawki, wiśni, płatków śniegu oraz...;Pełna smaku kompozycja czarnej herbaty, która przypomni jak niezwykły i bajeczny może być czas świąt. Owocowa moc dzikiej róży, jabłka, wiśni, żurawiny i truskawki przeniesie do magicznej krainy. W tym bajecznym świecie pełnym kwitnących hibiskusów i róż padają płatki słodkiego, cukrowego śniegu.;1;http://localhost/images/product_images/bajecznewitatorebkabiaa/img_0.jpg, http://localhost/images/product_images/bajecznewitatorebkabiaa/img_1.jpg, http://localhost/images/product_images/bajecznewitatorebkabiaa/img_2.jpg;1
;1;GRZANIEC TOREBKA BIAŁA;Herbaty świąteczne w torebkach;43.9;1;57;Kompozycja zawiera cynamon, goździki, czarny bez, tarnina, czarna jagoda oraz...;Wyjątkowo aromatyczna i bogata w smaku kompozycja cynamonu, goździków, owocu czarnego bzu, tarniny, jagody, aronii, owocu głogu, jarzębiny, jabłka, skórki owocu róży oraz hibiskusa, która sprawia, że czas zatrzymuje się w miejscu. Nie istnieje nic poza cudownie otulającym bukietem smaków. Propozycja idealna na chłodne jesienne i zimowe dni, a także jako dodatek do grzanego wina.;1;http://localhost/images/product_images/grzaniectorebkabiaa/img_0.jpg, http://localhost/images/product_images/grzaniectorebkabiaa/img_1.jpg, http://localhost/images/product_images/grzaniectorebkabiaa/img_2.jpg;1
;1;MAGIA ŚWIĄT TOREBKA CZERWONA;Herbaty świąteczne w torebkach;43.9;1;14;Czarna herbata OP z grejpfruta, mango, anyżu, goździka i pieprzu czerwonego.;Każdy z nas tęskni przez cały rok za magicznym czasem świąt. Na myśl przychodzą bliscy, przyjaciele, radosne spotkania… Aby zatrzymać ten wyjątkowy, nadchodzący czas na dłużej, przygotowaliśmy dla Państwa wyjątkową, czarną herbatę łączącą ze sobą aromatycznego grejpfruta, egzotyczne mango, okraszoną gwiazdkami anyżu, goździkami oraz czerwonym pieprzem  Składniki: herbata czarna OP, grejpfrut, mango, anyż, goździk, pieprz czerwony, aromat  Wartość odżywcza w 100g: wartość energetyczna 326,0 kJ / 77,0 kcal, tłuszcze 0,0 g, węglowodany 16,0g (w tym cukry 12,0g), błonnik 2,6g, białko 0,8g, sól 0,0g, sód 0,0g.  Kraj pochodzenia: Wietnam;1;http://localhost/images/product_images/magiawittorebkaczerwona/img_0.jpg, http://localhost/images/product_images/magiawittorebkaczerwona/img_1.jpg, http://localhost/images/product_images/magiawittorebkaczerwona/img_2.jpg;1
;1;NOWOROCZNA TOREBKA ZŁOTA;Herbaty świąteczne w torebkach;43.9;1;77;Czarna herbata Ceylon z dodatkiem brzoskwini, igieł świerku, safloru i bławatka białego;Czarna herbata Ceylon z dodatkiem brzoskwini, igieł świerku, safloru i bławatka białego. W smaku odnajdziemy słodycz brzoskwini przełamaną cytrusową nutą oraz słodkawo-korzenny, delikatnie pikantny aromat cynamonu, który podkreśla zimowy charakter herbaty. Napar urzeka bursztynową barwą i bogatym bukietem świąteczno – zimowych aromatów.;1;http://localhost/images/product_images/noworocznatorebkazota/img_0.jpg, http://localhost/images/product_images/noworocznatorebkazota/img_1.jpg, http://localhost/images/product_images/noworocznatorebkazota/img_2.jpg;1
;1;OPOWIEŚĆ WIGILIJNA TOREBKA ZIELONA;Herbaty świąteczne w torebkach;43.9;1;37;Herbata czarna z dodatkiem maliny, cynamonu, pomarańczy oraz...;Kompozycja, która w ciągu chwili przeniesie Cię w odległy świat. Taki, w którym czas nie istnieje. Jesteś tylko Ty i filiżanka aromatycznej herbaty. Cudowny smak soczystych malin oraz delikatnego jabłka uzupełnia orzeźwiająca nuta plastrów pomarańczy, a korzenny zapach cynamonu pozwala zapomnieć o codzienności. Całość ukrywa w sobie maleńkie, białe cukrowe płatki śniegu, które rozkosznie topnieją w filiżance gorącego naparu. Magia…czyż nie?;1;http://localhost/images/product_images/opowiewigilijnatorebkazielona/img_0.jpg, http://localhost/images/product_images/opowiewigilijnatorebkazielona/img_1.jpg, http://localhost/images/product_images/opowiewigilijnatorebkazielona/img_2.jpg;1
;1;TAJEMNICA ŚWIĄT TOREBKA ZIELONA;Herbaty świąteczne w torebkach;43.9;1;95;Zielona herbata Gunpowder z dodatkiem daktyli, malin, kakaowca oraz pomarańczy.;Smak: Zaskakująco złożony i przyjemnie owocowo-przyprawowy. Klasyczna, lekko dymna nuta herbaty Gunpowder łączy się z naturalną słodyczą daktyli i malin. Całość dopełniają delikatne akcenty róży, cynamonu i anyżu – subtelnie korzenne, ale nie dominujące. Herbata pełna niuansów, łagodna, ale wyrazista.;1;http://localhost/images/product_images/tajemnicawittorebkazielona/img_0.jpg, http://localhost/images/product_images/tajemnicawittorebkazielona/img_1.jpg, http://localhost/images/product_images/tajemnicawittorebkazielona/img_2.jpg;1
;1;ZIMOWY CZAR TOREBKA GRAFIT;Herbaty świąteczne w torebkach;43.9;1;23;Zielona herbata Gunpowder z dodatkiem cukrowych płatków, pomarańczy oraz...;Autorska propozycja idealna na zimowe, długie wieczory. Wyjątkowe połączenie inkaskich jagód z soczystymi pomarańczami w towarzystwie aromatycznych goździków oraz imbiru, zwieńczone barwnym dodatkiem kwiatów granatu, płatków śniegu oraz trawy cytrynowej.;1;http://localhost/images/product_images/zimowyczartorebkagrafit/img_0.jpg, http://localhost/images/product_images/zimowyczartorebkagrafit/img_1.jpg, http://localhost/images/product_images/zimowyczartorebkagrafit/img_2.jpg;1
;1;DLA MĘŻCZYZNY CHWILA PRZY KOMINKU;Herbaty w kartonikach okazjonalnych,Prezenty dla taty,Prezenty dla mężczyzny,Herbaty pakowane,Prezenty dla Babci i Dziadka;27.9;1;56;Herbata czarna OP oraz Sencha 70g;Wspaniałe, korzenne połączenie czarnej wietnamskiej herbaty z zielonymi listkami herbaty Sencha. Oryginalności dodają kawałki cynamonu, skórka pomarańczowa, płatki róży oraz słodkie rodzynki. Złocisty cynamonowo-pomarańczowy napar umili długie jesienne i zimowe wieczory, rozgrzewając oraz wprowadzając nas w wyjątkowy nastrój.;1;http://localhost/images/product_images/dlamczyznychwilaprzykominku/img_0.jpg, http://localhost/images/product_images/dlamczyznychwilaprzykominku/img_1.jpg;1
;1;DLA MĘŻCZYZNY ENGLISH BREAKFAST;Herbaty w kartonikach okazjonalnych,Prezenty dla taty,Prezenty dla mężczyzny;32.9;1;1;Czarna herbata 70g;Popularna kompozycja dwóch czarnych herbat gatunków Assam i Cejlon. Dedykowana jest do spożycia w godzinach porannych. Charakteryzuje się mocnym i wyrazistym smakiem i brązowo-bursztynową barwą. Herbata English Breakfast według wielu źródeł została wymyślona przez XIX–wiecznego brytyjskiego kupca z przeznaczeniem do spożycia przy śniadaniu. Duża moc naparu miała wpłynąć pobudzającą na pijącą ją osobę. Obecnie praktycznie każdy szanujący się producent herbaty posiada w ofercie autorską wersję kompozycji i nazywa ją oczywiście… English Breakfast, chociaż częstokroć znacznie różnią się między sobą zawartością. W naszym przypadku jest to kompozycja gatunkowych czarnych herbat pochodzących z Indii i Cejlonu.;1;http://localhost/images/product_images/dlamczyznyenglishbreakfast/img_0.jpg, http://localhost/images/product_images/dlamczyznyenglishbreakfast/img_1.jpg, http://localhost/images/product_images/dlamczyznyenglishbreakfast/img_2.jpg;1
;1;DLA MĘŻCZYZNY WIŚNIE Z RUMEM;Herbaty w kartonikach okazjonalnych,Prezenty dla taty,Prezenty dla mężczyzny,Herbaty pakowane,Prezenty dla zakochanych,Prezenty dla Babci i Dziadka;25.9;1;31;Czarna kompozycja Wiśnie w rumie 70g;Herbata która po otwarciu roztacza wokół cudownie słodki zapach wiśni, skąpanych w finezyjnym aromacie rumu. Łagodny smak czarnej wietnamskiej herbaty, który miesza się z wyrazistym wiśniowym dodatkiem to propozycja na każdy dzień. Idealna podczas długiego dnia w pracy czy na spotkaniu z przyjaciółmi.;1;http://localhost/images/product_images/dlamczyznywiniezrumem/img_0.jpg;1
;1;DLA NAUCZYCIELA EARL GREY NIEBIESKI KWIAT;Herbaty w kartonikach okazjonalnych,Herbaty pakowane,Prezenty dla nauczyciela;18.13;1;37;Herbata Earl grey niebieski kwiat 70g;Tradycyjna herbata Earl Grey dopełniona aromatycznymi, błękitnymi płatkami bławatka. Wspaniale komponuje się również z mlekiem i odrobiną cukru trzcinowego, tworząc doskonałe uzupełnienie codziennych posiłków czy spotkań przy odrobinie czegoś słodkiego. Herbata Earl Grey swój niepowtarzalny smak i aromat zawdzięcza olejkowi z bergamotki. Nazwę bergamotka wprowadzili Turcy określając tym mianem uprawiany w strefie śródziemnomorskiej owoc Książęcej Gruszki zbliżony kształtem do owoców cytrusowych, posiadający grubą, mięsistą skórkę. Właśnie z tej skóry tłoczony jest aromatyczny olejek dodawany między innymi do herbat typu Earl Grey.;1;http://localhost/images/product_images/dlanauczycielaearlgreyniebieskikwiat/img_0.jpg, http://localhost/images/product_images/dlanauczycielaearlgreyniebieskikwiat/img_1.jpg;1
;1;DLA NAUCZYCIELA EARL GREY ROYAL;Herbaty w kartonikach okazjonalnych,Herbaty pakowane,Cyber Monday,Prezenty dla nauczyciela;32.83;1;74;Earl Grey Royal kartonik dla nauczyciela 70g;Skosztuj Earl Grey w iście królewskim wydaniu. Niech szlachetny smak herbaty Yun Ming wspólnie z aromatem oleju z bergamoty zawładnie Twoim podniebieniem.;1;http://localhost/images/product_images/dlanauczycielaearlgreyroyal/img_0.jpg, http://localhost/images/product_images/dlanauczycielaearlgreyroyal/img_1.jpg, http://localhost/images/product_images/dlanauczycielaearlgreyroyal/img_2.jpg;1
;1;DLA NAUCZYCIELA MADAM BUTTERFLY;Herbaty w kartonikach okazjonalnych,Herbaty pakowane,Cyber Monday,Prezenty dla nauczyciela;19.53;1;51;Zielona kompozycja 70g;Kompozycja łagodnej zielonej herbaty Sencha połączonej z wyrazistymi kandyzowanymi wiśniami, soczystym ananasem oraz wonnym jaśminem. Jaśmin podkreśla smak owoców, przez co doświadczamy wielu wrażeń podczas degustowania herbaty.;1;http://localhost/images/product_images/dlanauczycielamadambutterfly/img_0.jpg, http://localhost/images/product_images/dlanauczycielamadambutterfly/img_1.jpg;1
;1;DLA NAUCZYCIELA NOCE I DNIE;Herbaty w kartonikach okazjonalnych,Herbaty pakowane,Cyber Monday,Prezenty dla nauczyciela;24.43;1;30;Kompozycja Oolong 70g;Wyjątkowa kompozycja turkusowej herbaty Oolong z tropikalnym melonem, pełną witamin żurawiną i delikatną truskawką ozdobiona aromatycznym kwiatem pomarańczy.;1;http://localhost/images/product_images/dlanauczycielanoceidnie/img_0.jpg, http://localhost/images/product_images/dlanauczycielanoceidnie/img_1.jpg;1
;1;DLA NAUCZYCIELA WINOGRONOWE MUSCATO;Herbaty w kartonikach okazjonalnych,Herbaty pakowane,Cyber Monday,Prezenty dla nauczyciela;34.93;1;10;Herbata Winogronowe muscato 70g;Wysublimowana kompozycja na bazie herbaty białej Premium Silver Needle, która już od pierwszego spotkania z jej aromatem uwodzi wyjątkowo subtelnym zapachem winogron typu Muscat. Po zaparzeniu aromat napar głębi, a słodki, wykwintny smak herbaty staje się wyjątkowym towarzyszem spotkań i rozmów. W składzie znajdują się także kawałki soczystych winogron, które doskonale uzupełniają tę kompozycję.;1;http://localhost/images/product_images/dlanauczycielawinogronowemuscato/img_0.jpg, http://localhost/images/product_images/dlanauczycielawinogronowemuscato/img_1.jpg, http://localhost/images/product_images/dlanauczycielawinogronowemuscato/img_2.jpg;1
;1;DO MIŁOŚCI... ELIKSIR;Herbaty w kartonikach okazjonalnych,Prezenty dla kobiety,Herbaty pakowane,Prezenty dla zakochanych;29.9;1;40;Zielona kompozycja 70g;Zielona herbata Sencha z aromatycznym mango i słodkim ananasem, pełnym energii kwiatem granatu oraz orientalnym kwiatem lotosu. Każdy łyk naparu powoduje uśmiech na twarzy.;1;http://localhost/images/product_images/domioci...eliksir/img_0.jpg, http://localhost/images/product_images/domioci...eliksir/img_1.jpg;1
;1;DO MIŁOŚCI... PARIS;Herbaty w kartonikach okazjonalnych,Prezenty dla kobiety,Herbaty pakowane,Prezenty dla zakochanych;37.9;1;11;Owocowa kompozycja Paris Paris 70g;Wybierz się na spacer uliczkami miasta miłości. W jego zakamarkach znajdziesz kwiaty intensywnego hibiskusa i delikatnej róży, skosztujesz owoców truskawki, żurawiny i wiśni, a także natkniesz się na romantyczne cukrowe serduszka, które osłodzą przechadzkę.;1;http://localhost/images/product_images/domioci...paris/img_0.jpg, http://localhost/images/product_images/domioci...paris/img_1.jpg;1
;1;DO MIŁOŚCI... SPACER;Herbaty w kartonikach okazjonalnych,Prezenty dla kobiety,Herbaty pakowane,Prezenty dla zakochanych;29.9;1;18;Kompozycja Spacer kochanków 70g;Maleńkie cukrowe serca skąpane w czarnej herbacie to idealna propozycja na wieczór tylko we dwoje. Rozpływające się rubinowe serduszka nadają naparowi delikatnie słodkiego posmaku, który łagodzi mocny smak czarnej herbaty. Zaparzona z odrobiną mleka stanowi także znakomite uzupełnienie domowych wypieków.;1;http://localhost/images/product_images/domioci...spacer/img_0.jpg, http://localhost/images/product_images/domioci...spacer/img_1.jpg;1
;1;DZIĘKUJĘ! ALOE VERA;Herbaty w kartonikach okazjonalnych,Prezenty dla mamy,Prezenty dla kobiety,Herbaty pakowane,Prezenty dla Babci i Dziadka;26.9;1;34;Zielona kompozycja 70g;Kompozycja zielonej herbaty Gunpowder, w której skrywa się zdrowotne bogactwo pokrzywy oraz aloesu, okraszone wonnymi płatkami róży. Aloes jest niesamowitą roślina leczniczą pełną drogocennych wartości odżywczych. Zawiera wiele witamin, w tym A, C, E, kwas foliowy (B9), B1, B2, B3 (niacyna), B6. Aloes jest również jedyną z niewielu roślin zawierających witaminę B12. Zawiera także wiele niezbędnych mikroelementów: wapń, magnez, cynk, chrom, selen, sód, potas, żelazo, miedź oraz mangan. Pomaga także w oczyszczaniu organizmu oraz w trawieniu pokarmu.;1;http://localhost/images/product_images/dzikujaloevera/img_0.jpg, http://localhost/images/product_images/dzikujaloevera/img_1.jpg, http://localhost/images/product_images/dzikujaloevera/img_2.jpg;1
;1;DZIĘKUJĘ! BORA BORA;Herbaty w kartonikach okazjonalnych,Prezenty dla mamy,Prezenty dla kobiety,Herbaty pakowane;32.9;1;30;Owocowa kompozycja 70g;Wspaniale fantazyjne połączenie owoców: jabłka, papai, owocu czarnego bzu, maliny oraz truskawki w towarzystwie hibiskusa, delikatnych płatków słonecznika i aromatycznego bławatka. Z każdym kolejnym łykiem przenosi nas w cudowny klimat egzotyki. Wyśmienita do podawania jako słodki dodatek podczas spotkań z rodziną czy przyjaciółmi.;1;http://localhost/images/product_images/dzikujborabora/img_0.jpg, http://localhost/images/product_images/dzikujborabora/img_1.jpg, http://localhost/images/product_images/dzikujborabora/img_2.jpg;1
;1;DZIĘKUJĘ! HISZPAŃSKA;Herbaty w kartonikach okazjonalnych,Prezenty dla mamy,Prezenty dla mężczyzny,Prezenty dla kobiety,Herbaty pakowane,Prezenty dla Babci i Dziadka;24.9;1;49;Kompozycja czarna 70g;Cytrusowy smak cząstek mandarynki, orzeźwiająca skórka pomarańczy, a także wonne płatki róży, które otulają czarną, wietnamską herbatę to idealne zaproszenie do popołudniowego relaksu w towarzystwie książki czy w gronie przyjaciół. Jasnozłoty napar to prawdziwa feeria smaków: słodko-kwaśny charakter owoców doskonale uzupełnia kwiatowy akcent płatków róży.;1;http://localhost/images/product_images/dzikujhiszpaska/img_0.jpg, http://localhost/images/product_images/dzikujhiszpaska/img_1.jpg, http://localhost/images/product_images/dzikujhiszpaska/img_2.jpg;1
;1;FLOWER POWER ALOE VERA;Herbaty w kartonikach okazjonalnych,Prezenty dla mamy,Prezenty dla kobiety,Herbaty pakowane,Prezenty dla zakochanych;26.9;1;78;Zielona kompozycja 70g;Kompozycja zielonej herbaty Gunpowder, w której skrywa się zdrowotne bogactwo pokrzywy oraz aloesu, okraszone wonnymi płatkami róży. Aloes jest niesamowitą roślina leczniczą pełną drogocennych wartości odżywczych. Zawiera wiele witamin, w tym A, C, E, kwas foliowy (B9), B1, B2, B3 (niacyna), B6. Aloes jest również jedyną z niewielu roślin zawierających witaminę B12. Zawiera także wiele niezbędnych mikroelementów: wapń, magnez, cynk, chrom, selen, sód, potas, żelazo, miedź oraz mangan. Pomaga także w oczyszczaniu organizmu oraz w trawieniu pokarmu.;1;http://localhost/images/product_images/flowerpoweraloevera/img_0.jpg, http://localhost/images/product_images/flowerpoweraloevera/img_1.jpg;1
;1;FLOWER POWER MADAM GREY;Herbaty w kartonikach okazjonalnych,Prezenty dla mamy,Prezenty dla kobiety,Herbaty pakowane,Prezenty dla zakochanych;25.9;1;88;Czarna kompozycja Earl Grey 70g;Interesujące zestawienie klasycznej herbaty Earl Grey z kawałkami ożywczej pomarańczy. Kompozycję stworzono na bazie dwóch czarnych herbat: wietnamskiej oraz cejlońskiej. Dzięki cząsteczkom cytrusa herbata posiada niesamowicie egzotyczną i orzeźwiającą nutę, jednocześnie nie tracąc swojego wykwintnego charakteru. To doskonała propozycja uzupełniająca każde spotkanie towarzyskie. Herbata Earl Grey swój niepowtarzalny smak i aromat zawdzięcza olejkowi z bergamotki. Nazwę bergamotka wprowadzili Turcy określając tym mianem uprawiany w strefie śródziemnomorskiej owoc Książęcej Gruszki zbliżony kształtem do owoców cytrusowych, posiadający grubą, mięsistą skórkę. Właśnie z tej skóry tłoczony jest aromatyczny olejek dodawany między innymi do herbat typu Earl Grey.;1;http://localhost/images/product_images/flowerpowermadamgrey/img_0.jpg, http://localhost/images/product_images/flowerpowermadamgrey/img_1.jpg;1
;1;FLOWER POWER SERCE MATKI;Herbaty w kartonikach okazjonalnych,Prezenty dla mamy,Prezenty dla kobiety,Herbaty pakowane,Prezenty dla zakochanych;26.9;1;56;Czarna kompozycja 70g;Wyjątkowa propozycja, która z każdym kolejnym łykiem otula nas przyjemnym zapachem domowego ogniska. Skórka cytryny, wyraziste maliny oraz delikatne jabłko rozpływające się wokół listków wietnamskiej czarnej herbaty to idealna propozycja na długie jesienne wieczory. Jej lekko cytrusowa nuta w połączeniu z kostkami lodu, świeżą miętą i owocami sprawdzi się także jako kojący napój w letnie dni.;1;http://localhost/images/product_images/flowerpowersercematki/img_0.jpg, http://localhost/images/product_images/flowerpowersercematki/img_1.jpg;1
;1;ALOE VERA TOREBKA NATURALNA;Prezenty dla kobiety,Herbaty pakowane,Herbaty w torebkach okazjonalnych;36.9;1;11;Zielona kompozycja 100g;Kompozycja zielonej herbaty Gunpowder, w której skrywa się zdrowotne bogactwo pokrzywy oraz aloesu, okraszone wonnymi płatkami róży. Aloes jest niesamowitą roślina leczniczą pełną drogocennych wartości odżywczych. Zawiera wiele witamin, w tym A, C, E, kwas foliowy (B9), B1, B2, B3 (niacyna), B6. Aloes jest również jedyną z niewielu roślin zawierających witaminę B12. Zawiera także wiele niezbędnych mikroelementów: wapń, magnez, cynk, chrom, selen, sód, potas, żelazo, miedź oraz mangan. Pomaga także w oczyszczaniu organizmu oraz w trawieniu pokarmu.;1;http://localhost/images/product_images/aloeveratorebkanaturalna/img_0.jpg, http://localhost/images/product_images/aloeveratorebkanaturalna/img_1.jpg;1
;1;BORA BORA TOREBKA ZIELONA;Herbaty pakowane,Herbaty w torebkach okazjonalnych;34.9;1;45;Owocowa kompozycja 100g;Wspaniale fantazyjne połączenie owoców: jabłka, papai, owocu czarnego bzu, maliny oraz truskawki w towarzystwie hibiskusa, delikatnych płatków słonecznika i aromatycznego bławatka. Z każdym kolejnym łykiem przenosi nas w cudowny klimat egzotyki. Wyśmienita do podawania jako słodki dodatek podczas spotkań z rodziną czy przyjaciółmi.;1;http://localhost/images/product_images/boraboratorebkazielona/img_0.jpg, http://localhost/images/product_images/boraboratorebkazielona/img_1.jpg;1
;1;DOTYK ANIOŁA TOREBKA BIAŁA;Prezenty dla mamy,Prezenty dla kobiety,Herbaty pakowane,Herbaty w torebkach okazjonalnych;38.9;1;60;Zielona kompozycja 100g;Słodka gruszka, aromatyczna skórka pomarańczy i soczysta brzoskwinia otulone zieloną herbatą Gunpowder Super i przystrojone płatkami różowego bławatka.;1;http://localhost/images/product_images/dotykanioatorebkabiaa/img_0.jpg, http://localhost/images/product_images/dotykanioatorebkabiaa/img_1.jpg;1
;1;EARL GREY MADAM GREY TOREBKA BIAŁA;Herbaty pakowane,Herbaty w torebkach okazjonalnych;34.9;1;53;Czarna kompozycja 100g;Interesujące zestawienie klasycznej herbaty Earl Grey z kawałkami ożywczej pomarańczy. Kompozycję stworzono na bazie dwóch czarnych herbat: wietnamskiej oraz cejlońskiej. Dzięki cząsteczkom cytrusa herbata posiada niesamowicie egzotyczną i orzeźwiającą nutę, jednocześnie nie tracąc swojego wykwintnego charakteru. To doskonała propozycja uzupełniająca każde spotkanie towarzyskie. Herbata Earl Grey swój niepowtarzalny smak i aromat zawdzięcza olejkowi z bergamotki. Nazwę bergamotka wprowadzili Turcy określając tym mianem uprawiany w strefie śródziemnomorskiej owoc Książęcej Gruszki zbliżony kształtem do owoców cytrusowych, posiadający grubą, mięsistą skórkę. Właśnie z tej skóry tłoczony jest aromatyczny olejek dodawany między innymi do herbat typu Earl Grey.;1;http://localhost/images/product_images/earlgreymadamgreytorebkabiaa/img_0.jpg, http://localhost/images/product_images/earlgreymadamgreytorebkabiaa/img_1.jpg;1
;1;ENGLISH BREAKFAST TOREBKA NATURALNA;Prezenty dla taty,Herbaty pakowane,Herbaty w torebkach okazjonalnych;40.9;1;32;Herbata czarna 100g;Popularna kompozycja dwóch czarnych herbat gatunków Assam i Cejlon. Dedykowana jest do spożycia w godzinach porannych. Charakteryzuje się mocnym i wyrazistym smakiem i brązowo-bursztynową barwą. Herbata English Breakfast według wielu źródeł została wymyślona przez XIX–wiecznego brytyjskiego kupca z przeznaczeniem do spożycia przy śniadaniu. Duża moc naparu miała wpłynąć pobudzającą na pijącą ją osobę. Obecnie praktycznie każdy szanujący się producent herbaty posiada w ofercie autorską wersję kompozycji i nazywa ją oczywiście… English Breakfast, chociaż częstokroć znacznie różnią się między sobą zawartością. W naszym przypadku jest to kompozycja gatunkowych czarnych herbat pochodzących z Indii i Cejlonu.;1;http://localhost/images/product_images/englishbreakfasttorebkanaturalna/img_0.jpg, http://localhost/images/product_images/englishbreakfasttorebkanaturalna/img_1.jpg;1
;1;IMIĘ RÓŻY TOREBKA CZERWONA;Prezenty dla mamy,Prezenty dla kobiety,Herbaty pakowane,Herbaty w torebkach okazjonalnych;39.9;1;12;Czarna kompozycja 100g;Główni bohaterowie, czyli malina i płatki róży wraz ze swoim kompanem jabłkiem, porywają nas do świata pełnego kolorów (za sprawą bławatka i nagietka), w którym akcja toczy się wśród liści czarnej herbaty Ceylon. Limit dziennego spożycia 4 filiżanki.;1;http://localhost/images/product_images/imirytorebkaczerwona/img_0.jpg, http://localhost/images/product_images/imirytorebkaczerwona/img_1.jpg;1
;1;OGNISTY SMOK TOREBKA CZERWONA;Prezenty dla kobiety,Herbaty pakowane,Herbaty w torebkach okazjonalnych;39.9;1;65;Czerwona kompozycja Pu erh 100g;Bogate połączenie czerwonej herbaty Pu Erh z Rooibosem, które dopełniono słodkim ananasem, kawałkami jabłek i truskawek oraz skórką pomarańczy. Uroku dodają złociste płatki słonecznika, które wspaniale kontrastują z czerwienią Rooibosa czy truskawek. Po zaparzeniu otrzymujemy owocowo-cytrusowy napar, który doskonale harmonizuje z ziemistym posmakiem czerwonej herbaty.;1;http://localhost/images/product_images/ognistysmoktorebkaczerwona/img_0.jpg, http://localhost/images/product_images/ognistysmoktorebkaczerwona/img_1.jpg;1
;1;OGRODY EDENU TOREBKA ZIELONA;Herbaty pakowane,Herbaty w torebkach okazjonalnych;39.9;1;9;Owocowa kompozycja 100g;Pełne smaku połączenie papai, mango, jabłka, pomarańczy, skórki owocu granatu oraz safloru. Słodycz owoców jest znakomicie zrównoważona przez lekką kwasowość hibiskusa.;1;http://localhost/images/product_images/ogrodyedenutorebkazielona/img_0.jpg, http://localhost/images/product_images/ogrodyedenutorebkazielona/img_1.jpg;1
;1;RAJSKI PTAK TOREBKA NATURALNA;Herbaty pakowane,Herbaty w torebkach okazjonalnych;36.9;1;3;Zielona kompozycja 100g;Zielona herbata Sencha z dodatkiem soczystego ananasa, słodkich liści i owoców papai, zmysłowego mango, kwaskowej żurawiny. Całość dopełniają płatki różowego bławatka i żółtego nagietka. Barwny susz rozraduje każdego, a wyjątkowy smak naparu ukoi zmysły.;1;http://localhost/images/product_images/rajskiptaktorebkanaturalna/img_0.jpg, http://localhost/images/product_images/rajskiptaktorebkanaturalna/img_1.jpg;1
;1;WIELKANOCNE ŚNIADANIE TOREBKA BIAŁA;Prezenty na Wielkanoc,Herbaty w torebkach okazjonalnych;19.96;1;30;Kompozycja czarna 100g;Perypetie owoców lasu (w tych rolach truskawka, jeżyna i jagoda), które spotykają liść limonki i różowy bławatek, prowadzą do wielu zaskakujących zwrotów akcji. Nad całością opiekę reżyserską sprawuje duet czarnych herbat z Assamu i Cejlonu.;1;http://localhost/images/product_images/wielkanocneniadanietorebkabiaa/img_0.jpg, http://localhost/images/product_images/wielkanocneniadanietorebkabiaa/img_1.jpg;1
;1;ASSAM DEKORAI PUSZKA CZARNA;Prezenty dla taty,Prezenty dla mężczyzny,Herbaty pakowane,Herbaty w puszkach;24.9;1;58;Herbata czarna Assam Dekorai 50g w puszce.;Prowincja Assam to region na północnym wschodzie Indii, gdzie uprawia się odmianę herbaty o nazwie Camellia assamica. Ze względu na wysoką jakość liście tej odmiany są często stosowane do uszlachetniania mieszanek herbat niższego gatunku. Herbaty z regionu Assam są zaliczane do pięciu najlepszych herbat na świecie. Standard TGFOP (Tippy Golden Flowery Orange Pekoe) oznacza główną klasę herbat pochodzących z regionów Assam oraz Darjeeling, zawierających duże ilości tzw. złotych tipsów, czyli dwóch pierwszych listków z krzewu wraz z pączkami. Napar posiada barwę brązowo-bursztynową i mocny, cierpkawy, ale równocześnie słodki smak. Filiżanka herbaty Assam dodaje energii i doskonale orzeźwia.;1;http://localhost/images/product_images/assamdekoraipuszkaczarna/img_0.jpg, http://localhost/images/product_images/assamdekoraipuszkaczarna/img_1.jpg, http://localhost/images/product_images/assamdekoraipuszkaczarna/img_2.jpg, http://localhost/images/product_images/assamdekoraipuszkaczarna/img_3.jpg;1
;1;EARL GREY SPICY PUSZKA CZARNA;Prezenty dla taty,Prezenty dla mężczyzny,Herbaty pakowane,Herbaty w puszkach;24.9;1;30;Herbata czarna Earl Grey Spicy 50g w puszce.;Pozwól rozgrzać się odważnemu smakowi czarnej herbaty Ceylon z dodatkiem imbiru, czerwonego pieprzu i kardamonu oraz oleju z bergamoty.;1;http://localhost/images/product_images/earlgreyspicypuszkaczarna/img_0.jpg, http://localhost/images/product_images/earlgreyspicypuszkaczarna/img_1.jpg, http://localhost/images/product_images/earlgreyspicypuszkaczarna/img_2.jpg, http://localhost/images/product_images/earlgreyspicypuszkaczarna/img_3.jpg;1
;1;SENCHA JAPAN STYLE PUSZKA CZARNA;Prezenty dla taty,Prezenty dla mężczyzny,Herbaty pakowane,Herbaty w puszkach;24.9;1;86;Herbata zielona Sencha Japan style 50g w puszce.;Herbatę zieloną Sencha otrzymuje się poddając suszeniu liście niezwłocznie po zerwaniu ich z krzewu, tak aby nie dopuścić do rozpoczęcia procesu utleniania. Dzięki temu utrzymuje ona więcej składników o leczniczych właściwościach, oraz posiada wiele walorów smakowych (ziołowy aromat oraz wyraźnie delikatniejszy smak niż pozostałe rodzaje herbat). Nasza Japońska Sencha pochodzi z chińskich plantacji, ale przygotowywana jest na sposób japoński. Obowiązujące w Japonii standardy dotyczące uprawy krzewów herbaty i obróbki suszu sprawiają, że herbata otrzymywana tą metodą jest najwyższej jakości.;1;http://localhost/images/product_images/senchajapanstylepuszkaczarna/img_0.jpg, http://localhost/images/product_images/senchajapanstylepuszkaczarna/img_1.jpg, http://localhost/images/product_images/senchajapanstylepuszkaczarna/img_2.jpg, http://localhost/images/product_images/senchajapanstylepuszkaczarna/img_3.jpg;1
;1;BOX ASSAM DEKORAI;Herbaty w Filtrach/Herbaciane kubki,Herbaty pakowane;24.9;1;7;Najlepsze herbaty zamknięte w wygodnym filtrze 10x3g.;Nasze najlepsze herbaty zamknęliśmy w wygodnej formie nylonowego filtra. Pozwala ona na parzenie herbaty bez konieczności odmierzania ilości suszu i używania zaparzacza. Jeden filtr to porcja herbaty idealna na filiżankę lub Twój ulubiony kubek. Dzięki otworowi znajdującemu się na zawieszce filtr można wygodnie założyć na ucho kubka. Od teraz możesz delektować się smakiem wybornej herbaty w każdych okolicznościach. Prowincja Assam to region na północnym wschodzie Indii, gdzie uprawia się odmianę herbaty o nazwie Camellia assamica. Ze względu na wysoką jakość liście tej odmiany są często stosowane do uszlachetniania mieszanek herbat niższego gatunku. Herbaty z regionu Assam są zaliczane do pięciu najlepszych herbat na świecie. Standard TGFOP (Tippy Golden Flowery Orange Pekoe) oznacza główną klasę herbat pochodzących z regionów Assam oraz Darjeeling, zawierających duże ilości tzw. złotych tipsów, czyli dwóch pierwszych listków z krzewu wraz z pączkami. Napar posiada barwę brązowo-bursztynową i mocny, cierpkawy, ale równocześnie słodki smak. Filiżanka herbaty Assam dodaje energii i doskonale orzeźwia.;1;http://localhost/images/product_images/boxassamdekorai/img_0.jpg, http://localhost/images/product_images/boxassamdekorai/img_1.jpg;1
;1;BOX BORA BORA;Herbaty w Filtrach/Herbaciane kubki,Herbaty pakowane;24.9;1;8;Najlepsze herbaty zamknięte w wygodnym filtrze 10x6g.;Nasze najlepsze herbaty zamknęliśmy w wygodnej formie nylonowego filtra. Pozwala ona na parzenie herbaty bez konieczności odmierzania ilości suszu i używania zaparzacza. Jeden filtr to porcja herbaty idealna na filiżankę lub Twój ulubiony kubek. Dzięki otworowi znajdującemu się na zawieszce filtr można wygodnie założyć na ucho kubka. Od teraz możesz delektować się smakiem wybornej herbaty w każdych okolicznościach. Madagaskar - kalejdoskop smaków i barw, który tworzy kompozycja czarnej herbaty z soczystymi truskawkami oraz orzeźwiającą skórką pomarańczy, całość otulają aromatyczne płatki bławatka. Już przy otwarciu torebki pomieszczenie wypełnia się uroczym, kwiatowym zapachem. Wraz z pierwszym łykiem przenosimy się w gorący klimat dalekich, egzotycznych krajów.;1;http://localhost/images/product_images/boxborabora/img_0.jpg, http://localhost/images/product_images/boxborabora/img_1.jpg;1
;1;BOX EARL GREY NIEBIESKI KWIAT;Herbaty w Filtrach/Herbaciane kubki,Herbaty pakowane;24.9;1;43;Najlepsze herbaty zamknięte w wygodnym filtrze 10x3g.;Nasze najlepsze herbaty zamknęliśmy w wygodnej formie nylonowego filtra. Pozwala ona na parzenie herbaty bez konieczności odmierzania ilości suszu i używania zaparzacza. Jeden filtr to porcja herbaty idealna na filiżankę lub Twój ulubiony kubek. Dzięki otworowi znajdującemu się na zawieszce filtr można wygodnie założyć na ucho kubka. Od teraz możesz delektować się smakiem wybornej herbaty w każdych okolicznościach. Tradycyjna herbata Earl Grey dopełniona aromatycznymi, błękitnymi płatkami bławatka. Wspaniale komponuje się również z mlekiem i odrobiną cukru trzcinowego, tworząc doskonałe uzupełnienie codziennych posiłków czy spotkań przy odrobinie czegoś słodkiego. Herbata Earl Grey swój niepowtarzalny smak i aromat zawdzięcza olejkowi z bergamotki. Nazwę bergamotka wprowadzili Turcy określając tym mianem uprawiany w strefie śródziemnomorskiej owoc Książęcej Gruszki zbliżony kształtem do owoców cytrusowych, posiadający grubą, mięsistą skórkę. Właśnie z tej skóry tłoczony jest aromatyczny olejek dodawany między innymi do herbat typu Earl Grey.;1;http://localhost/images/product_images/boxearlgreyniebieskikwiat/img_0.jpg, http://localhost/images/product_images/boxearlgreyniebieskikwiat/img_1.jpg, http://localhost/images/product_images/boxearlgreyniebieskikwiat/img_2.jpg;1
;1;BOX GUNPOWDER SUPER;Herbaty w Filtrach/Herbaciane kubki,Herbaty pakowane;24.9;1;68;Najlepsze herbaty zamknięte w wygodnym filtrze 10x2g.;Nasze najlepsze herbaty zamknęliśmy w wygodnej formie nylonowego filtra. Pozwala ona na parzenie herbaty bez konieczności odmierzania ilości suszu i używania zaparzacza. Jeden filtr to porcja herbaty idealna na filiżankę lub Twój ulubiony kubek. Dzięki otworowi znajdującemu się na zawieszce filtr można wygodnie założyć na ucho kubka. Od teraz możesz delektować się smakiem wybornej herbaty w każdych okolicznościach. Gunpowder super - herbata zaliczana do herbacianych specjałów. Liście formowane w małe. mocno zbite kulki. Napar charakteryzuje się wysoką wydajnością.;1;http://localhost/images/product_images/boxgunpowdersuper/img_0.jpg, http://localhost/images/product_images/boxgunpowdersuper/img_1.jpg;1
;1;BOX JAŚMINOWA;Herbaty w Filtrach/Herbaciane kubki,Herbaty pakowane;24.9;1;27;Najlepsze herbaty zamknięte w wygodnym filtrze 10x2g.;Nasze najlepsze herbaty zamknęliśmy w wygodnej formie nylonowego filtra. Pozwala ona na parzenie herbaty bez konieczności odmierzania ilości suszu i używania zaparzacza. Jeden filtr to porcja herbaty idealna na filiżankę lub Twój ulubiony kubek. Dzięki otworowi znajdującemu się na zawieszce filtr można wygodnie założyć na ucho kubka. Od teraz możesz delektować się smakiem wybornej herbaty w każdych okolicznościach. Jaśminowa - tradycyjna chińska zielona herbata Yunnan otulona nad wyraz aromatycznymi kwiatami jaśminu. To doskonała propozycja do ciężko strawnych posiłków jak i do poobiedniej sjesty.;1;http://localhost/images/product_images/boxjaminowa/img_0.jpg, http://localhost/images/product_images/boxjaminowa/img_1.jpg;1
;1;BOX MADAGASKAR;Herbaty w Filtrach/Herbaciane kubki,Herbaty pakowane;24.9;1;45;Najlepsze herbaty zamknięte w wygodnym filtrze 10x3g.;Nasze najlepsze herbaty zamknęliśmy w wygodnej formie nylonowego filtra. Pozwala ona na parzenie herbaty bez konieczności odmierzania ilości suszu i używania zaparzacza. Jeden filtr to porcja herbaty idealna na filiżankę lub Twój ulubiony kubek. Dzięki otworowi znajdującemu się na zawieszce filtr można wygodnie założyć na ucho kubka. Od teraz możesz delektować się smakiem wybornej herbaty w każdych okolicznościach. Madagaskar - kalejdoskop smaków i barw, który tworzy kompozycja czarnej herbaty z soczystymi truskawkami oraz orzeźwiającą skórką pomarańczy, całość otulają aromatyczne płatki bławatka. Już przy otwarciu torebki pomieszczenie wypełnia się uroczym, kwiatowym zapachem. Wraz z pierwszym łykiem przenosimy się w gorący klimat dalekich, egzotycznych krajów.;1;http://localhost/images/product_images/boxmadagaskar/img_0.jpg, http://localhost/images/product_images/boxmadagaskar/img_1.jpg;1
;1;BOX MIŁOSNY UŚMIECH;Herbaty w Filtrach/Herbaciane kubki,Herbaty pakowane;24.9;1;1;Najlepsze herbaty zamknięte w wygodnym filtrze 10x3g.;Nasze najlepsze herbaty zamknęliśmy w wygodnej formie nylonowego filtra. Pozwala ona na parzenie herbaty bez konieczności odmierzania ilości suszu i używania zaparzacza. Jeden filtr to porcja herbaty idealna na filiżankę lub Twój ulubiony kubek. Dzięki otworowi znajdującemu się na zawieszce filtr można wygodnie założyć na ucho kubka. Od teraz możesz delektować się smakiem wybornej herbaty w każdych okolicznościach. Miłosny uśmiech - kompozycja, obok której nikt nie przejdzie obojętnie - zachwyca nie tylko smakiem, lecz także zapachem. Już przy otwarciu torebki w powietrzu unosi się cudownie słodki zapach egzotycznych owoców: papai oraz ananasa, które połączono z listkami dwóch zielonych herbat: Sencha i Gunpowder. Doskonała propozycja dla miłośników słodkich smaków. Po pierwszym łyku naparu uśmiech na twarzy gwarantowany!;1;http://localhost/images/product_images/boxmiosnyumiech/img_0.jpg, http://localhost/images/product_images/boxmiosnyumiech/img_1.jpg, http://localhost/images/product_images/boxmiosnyumiech/img_2.jpg;1
;1;BOX ROOIBOS LIMETKA;Herbaty w Filtrach/Herbaciane kubki,Herbaty pakowane;24.9;1;34;Najlepsze herbaty zamknięte w wygodnym filtrze 10x3g.;"Nasze najlepsze herbaty zamknęliśmy w wygodnej formie nylonowego filtra. Pozwala ona na parzenie herbaty bez konieczności odmierzania ilości suszu i używania zaparzacza. Jeden filtr to porcja herbaty idealna na filiżankę lub Twój ulubiony kubek. Dzięki otworowi znajdującemu się na zawieszce filtr można wygodnie założyć na ucho kubka. Od teraz możesz delektować się smakiem wybornej herbaty w każdych okolicznościach. Rooibos jest krzewem uprawianym w RPA, niespokrewnionym z herbatą z którą łączy go tylko sposób zaparzania. Utarło się jednak określać napar z czerwonokrzewu właśnie ""herbatą"". Herbata rooibos powstaje z liści krzewu, które ususzeniu tnie się na drobne kawałki. Napar ma kolor słomkowy, a jego smak wyróżnia nuta miodowa. Napar charakteryzuje się łagodnością i brakiem typowego w herbatach zielonych lub czarnych posmaku goryczy, ponieważ nie zawiera garbników będących jego przyczyną. Nie zawiera także kofeiny, dlatego może być pity bez ograniczeń przez dzieci oraz przed snem. Zalecany jest także kobietom w ciąży ponieważ obfituje w żelazo i zapobiega mdłościom.";1;http://localhost/images/product_images/boxrooiboslimetka/img_0.jpg, http://localhost/images/product_images/boxrooiboslimetka/img_1.jpg;1
;1;HERBACIANY KUBEK EARL GREY NIEBIESKI KWIAT;Herbaty w Filtrach/Herbaciane kubki,Herbaty pakowane;28.9;1;16;Herbaciany kubek zawiera herbatę Earl grey niebieski kwiat 70g.;Herbaty z serii Herbaciany kubek to nasze najbardziej popularne kompozycje zapakowane w wygodny, biodegradowalny kubek.  Wygodne opakowanie wykonano z papieru z recyklingu oraz papieru celulozowego. Wewnątrz znajduje się zapewniająca szczelność powłoka z PLA biodegradowalnego tworzywa produkowanego z mączki kukurydzianej. Dzięki temu sypana herbata zachowuje świeżość i pełnię aromatu przez długi czas. Boxy są praktyczne, wygodne w użyciu oraz mają nowoczesny design to sprawia, że stanowią ciekawą alternatywę dla tradycyjnych puszek i pudełek na herbatę. Po wyczerpaniu zapasu można je wykorzystać ponownie napełniając ulubioną kompozycją.;1;http://localhost/images/product_images/herbacianykubekearlgreyniebieskikwiat/img_0.jpg, http://localhost/images/product_images/herbacianykubekearlgreyniebieskikwiat/img_1.jpg;1
;1;HERBACIANY KUBEK ENGLISH BREAKFAST;Herbaty w Filtrach/Herbaciane kubki,Herbaty pakowane;34.9;1;35;Herbaciany kubek zawiera herbatę English breakfast 70g.;Herbaty z serii Herbaciany kubek to nasze najbardziej popularne kompozycje zapakowane w wygodny, biodegradowalny kubek.  Wygodne opakowanie wykonano z papieru z recyklingu oraz papieru celulozowego. Wewnątrz znajduje się zapewniająca szczelność powłoka z PLA biodegradowalnego tworzywa produkowanego z mączki kukurydzianej. Dzięki temu sypana herbata zachowuje świeżość i pełnię aromatu przez długi czas. Boxy są praktyczne, wygodne w użyciu oraz mają nowoczesny design to sprawia, że stanowią ciekawą alternatywę dla tradycyjnych puszek i pudełek na herbatę. Po wyczerpaniu zapasu można je wykorzystać ponownie napełniając ulubioną kompozycją.;1;http://localhost/images/product_images/herbacianykubekenglishbreakfast/img_0.jpg, http://localhost/images/product_images/herbacianykubekenglishbreakfast/img_1.jpg;1
;1;HERBACIANY KUBEK JAŚMINOWA;Herbaty w Filtrach/Herbaciane kubki,Herbaty pakowane;31.9;1;89;Herbaciany kubek zawiera herbatę Jaśminową 80g;Herbaty z serii Herbaciany kubek to nasze najbardziej popularne kompozycje zapakowane w wygodny, biodegradowalny kubek.  Wygodne opakowanie wykonano z papieru z recyklingu oraz papieru celulozowego. Wewnątrz znajduje się zapewniająca szczelność powłoka z PLA biodegradowalnego tworzywa produkowanego z mączki kukurydzianej. Dzięki temu sypana herbata zachowuje świeżość i pełnię aromatu przez długi czas. Boxy są praktyczne, wygodne w użyciu oraz mają nowoczesny design to sprawia, że stanowią ciekawą alternatywę dla tradycyjnych puszek i pudełek na herbatę. Po wyczerpaniu zapasu można je wykorzystać ponownie napełniając ulubioną kompozycją.;1;http://localhost/images/product_images/herbacianykubekjaminowa/img_0.jpg, http://localhost/images/product_images/herbacianykubekjaminowa/img_1.jpg;1
;1;HERBACIANY KUBEK KRAINA ŁAGODNOŚCI;Herbaty w Filtrach/Herbaciane kubki,Herbaty pakowane;41.9;1;64;Herbaciany kubek zawiera herbatę Kraina łagodności 80g.;Herbaty z serii Herbaciany kubek to nasze najbardziej popularne kompozycje zapakowane w wygodny, biodegradowalny kubek.  Wygodne opakowanie wykonano z papieru z recyklingu oraz papieru celulozowego Wewnątrz znajduje się zapewniająca szczelność powłoka z PLA biodegradowalnego tworzywa produkowanego z mączki kukurydzianej Dzięki temu sypana herbata zachowuje świeżość i pełnię aromatu przez długi czas. Boxy są praktyczne, wygodne w użyciu oraz mają nowoczesny design to sprawia, że stanowią ciekawą alternatywę dla tradycyjnych puszek i pudełek na herbatę. Po wyczerpaniu zapasu można je wykorzystać ponownie napełniając ulubioną kompozycją.;1;http://localhost/images/product_images/herbacianykubekkrainaagodnoci/img_0.jpg, http://localhost/images/product_images/herbacianykubekkrainaagodnoci/img_1.jpg;1
;1;HERBACIANY KUBEK MADAGASKAR;Herbaty w Filtrach/Herbaciane kubki,Herbaty pakowane;29.9;1;80;Herbaciany kubek zawiera herbatę Madagaskar 60g.;Herbaty z serii Herbaciany kubek to nasze najbardziej popularne kompozycje zapakowane w wygodny, biodegradowalny kubek.  Wygodne opakowanie wykonano z papieru z recyklingu oraz papieru celulozowego. Wewnątrz znajduje się zapewniająca szczelność powłoka z PLA biodegradowalnego tworzywa produkowanego z mączki kukurydzianej. Dzięki temu sypana herbata zachowuje świeżość i pełnię aromatu przez długi czas. Boxy są praktyczne, wygodne w użyciu oraz mają nowoczesny design to sprawia, że stanowią ciekawą alternatywę dla tradycyjnych puszek i pudełek na herbatę. Po wyczerpaniu zapasu można je wykorzystać ponownie napełniając ulubioną kompozycją.;1;http://localhost/images/product_images/herbacianykubekmadagaskar/img_0.jpg, http://localhost/images/product_images/herbacianykubekmadagaskar/img_1.jpg;1
;1;HERBACIANY KUBEK OWOCOWA LAGUNA;Herbaty w Filtrach/Herbaciane kubki,Herbaty pakowane;33.9;1;95;Herbaciany kubek zawiera herbatę Owocowa laguna 60g;Herbaty z serii Herbaciany kubek to nasze najbardziej popularne kompozycje zapakowane w wygodny, biodegradowalny kubek.  Wygodne opakowanie wykonano z papieru z recyklingu oraz papieru celulozowego Wewnątrz znajduje się zapewniająca szczelność powłoka z PLA biodegradowalnego tworzywa produkowanego z mączki kukurydzianej Dzięki temu sypana herbata zachowuje świeżość i pełnię aromatu przez długi czas. Boxy są praktyczne, wygodne w użyciu oraz mają nowoczesny design to sprawia, że stanowią ciekawą alternatywę dla tradycyjnych puszek i pudełek na herbatę. Po wyczerpaniu zapasu można je wykorzystać ponownie napełniając ulubioną kompozycją.;1;http://localhost/images/product_images/herbacianykubekowocowalaguna/img_0.jpg, http://localhost/images/product_images/herbacianykubekowocowalaguna/img_1.jpg;1
;1;HERBACIANY KUBEK PU ERH MALAKKA;Herbaty w Filtrach/Herbaciane kubki,Herbaty pakowane;35.9;1;50;Herbaciany kubek zawiera herbatę Pu erh Malakka 70g.;Herbaty z serii Herbaciany kubek to nasze najbardziej popularne kompozycje zapakowane w wygodny, biodegradowalny kubek.  Wygodne opakowanie wykonano z papieru z recyklingu oraz papieru celulozowego Wewnątrz znajduje się zapewniająca szczelność powłoka z PLA biodegradowalnego tworzywa produkowanego z mączki kukurydzianej Dzięki temu sypana herbata zachowuje świeżość i pełnię aromatu przez długi czas. Boxy są praktyczne, wygodne w użyciu oraz mają nowoczesny design to sprawia, że stanowią ciekawą alternatywę dla tradycyjnych puszek i pudełek na herbatę. Po wyczerpaniu zapasu można je wykorzystać ponownie napełniając ulubioną kompozycją.;1;http://localhost/images/product_images/herbacianykubekpuerhmalakka/img_0.jpg, http://localhost/images/product_images/herbacianykubekpuerhmalakka/img_1.jpg;1
;1;HERBACIANY KUBEK RAJSKI PTAK;Herbaty w Filtrach/Herbaciane kubki,Herbaty pakowane;30.9;1;17;Herbaciany kubek zawiera herbatę Rajski ptak 60g;Herbaty z serii Herbaciany kubek to nasze najbardziej popularne kompozycje zapakowane w wygodny, biodegradowalny kubek.  Wygodne opakowanie wykonano z papieru z recyklingu oraz papieru celulozowego. Wewnątrz znajduje się zapewniająca szczelność powłoka z PLA biodegradowalnego tworzywa produkowanego z mączki kukurydzianej. Dzięki temu sypana herbata zachowuje świeżość i pełnię aromatu przez długi czas. Boxy są praktyczne, wygodne w użyciu oraz mają nowoczesny design to sprawia, że stanowią ciekawą alternatywę dla tradycyjnych puszek i pudełek na herbatę. Po wyczerpaniu zapasu można je wykorzystać ponownie napełniając ulubioną kompozycją.;1;http://localhost/images/product_images/herbacianykubekrajskiptak/img_0.jpg, http://localhost/images/product_images/herbacianykubekrajskiptak/img_1.jpg;1
;1;HERBACIANY KUBEK SEKRET PIĘKNA;Herbaty w Filtrach/Herbaciane kubki,Herbaty pakowane;29.9;1;60;Herbaciany kubek zawiera herbatę Sekret piękna 50g;Herbaty z serii Herbaciany kubek to nasze najbardziej popularne kompozycje zapakowane w wygodny, biodegradowalny kubek.  Wygodne opakowanie wykonano z papieru z recyklingu oraz papieru celulozowego. Wewnątrz znajduje się zapewniająca szczelność powłoka z PLA biodegradowalnego tworzywa produkowanego z mączki kukurydzianej. Dzięki temu sypana herbata zachowuje świeżość i pełnię aromatu przez długi czas. Boxy są praktyczne, wygodne w użyciu oraz mają nowoczesny design to sprawia, że stanowią ciekawą alternatywę dla tradycyjnych puszek i pudełek na herbatę. Po wyczerpaniu zapasu można je wykorzystać ponownie napełniając ulubioną kompozycją.;1;http://localhost/images/product_images/herbacianykubeksekretpikna/img_0.jpg, http://localhost/images/product_images/herbacianykubeksekretpikna/img_1.jpg;1
;1;HERBACIANY KUBEK ŚNIADANIE U TIFFANY'EGO;Herbaty w Filtrach/Herbaciane kubki,Herbaty pakowane;37.9;1;91;Herbaciany kubek zawiera herbatę Śniadanie u Tiffany'ego 70g;Herbaty z serii Herbaciany kubek to nasze najbardziej popularne kompozycje zapakowane w wygodny, biodegradowalny kubek.  Wygodne opakowanie wykonano z papieru z recyklingu oraz papieru celulozowego. Wewnątrz znajduje się zapewniająca szczelność powłoka z PLA biodegradowalnego tworzywa produkowanego z mączki kukurydzianej. Dzięki temu sypana herbata zachowuje świeżość i pełnię aromatu przez długi czas. Boxy są praktyczne, wygodne w użyciu oraz mają nowoczesny design to sprawia, że stanowią ciekawą alternatywę dla tradycyjnych puszek i pudełek na herbatę. Po wyczerpaniu zapasu można je wykorzystać ponownie napełniając ulubioną kompozycją.;1;http://localhost/images/product_images/herbacianykubekniadanieutiffanyego/img_0.jpg, http://localhost/images/product_images/herbacianykubekniadanieutiffanyego/img_1.jpg;1
;1;HERBACIANY KUBEK WIŚNIE W RUMIE;Herbaty w Filtrach/Herbaciane kubki,Herbaty pakowane;31.9;1;23;Herbaciany kubek zawiera herbatę Wiśnie w rumie 70g;Herbaty z serii Herbaciany kubek to nasze najbardziej popularne kompozycje zapakowane w wygodny, biodegradowalny kubek.  Wygodne opakowanie wykonano z papieru z recyklingu oraz papieru celulozowego. Wewnątrz znajduje się zapewniająca szczelność powłoka z PLA biodegradowalnego tworzywa produkowanego z mączki kukurydzianej. Dzięki temu sypana herbata zachowuje świeżość i pełnię aromatu przez długi czas. Boxy są praktyczne, wygodne w użyciu oraz mają nowoczesny design to sprawia, że stanowią ciekawą alternatywę dla tradycyjnych puszek i pudełek na herbatę. Po wyczerpaniu zapasu można je wykorzystać ponownie napełniając ulubioną kompozycją.;1;http://localhost/images/product_images/herbacianykubekwiniewrumie/img_0.jpg, http://localhost/images/product_images/herbacianykubekwiniewrumie/img_1.jpg;1
;1;ZESTAW DEGUSTACYJNY EARL GREY;Zestawy Degustacyjne,Herbaty pakowane;25.9;1;4;Zestaw kompozycji Earl Grey 5x10g;Zestaw degustacyjny to idealna możliwość spróbowania naszych autorskich kompozycji i znalezienia swojego ulubionego smaku. W skład zestawu wchodzi 5 kompozycji Earl Grey, każda po 10g :;1;http://localhost/images/product_images/zestawdegustacyjnyearlgrey/img_0.jpg, http://localhost/images/product_images/zestawdegustacyjnyearlgrey/img_1.jpg, http://localhost/images/product_images/zestawdegustacyjnyearlgrey/img_2.jpg, http://localhost/images/product_images/zestawdegustacyjnyearlgrey/img_3.jpg, http://localhost/images/product_images/zestawdegustacyjnyearlgrey/img_4.jpg, http://localhost/images/product_images/zestawdegustacyjnyearlgrey/img_5.jpg;1
;1;ZESTAW DEGUSTACYJNY HERBATY CZARNE;Zestawy Degustacyjne,Herbaty pakowane;25.9;1;75;Zestaw herbat czarnych 5x10g;Zestaw degustacyjny to idealna możliwość spróbowania naszych autorskich kompozycji i znalezienia swojego ulubionego smaku. W skład zestawu wchodzi 5 klasycznych herbat czarnych, każda po 10g :;1;http://localhost/images/product_images/zestawdegustacyjnyherbatyczarne/img_0.jpg, http://localhost/images/product_images/zestawdegustacyjnyherbatyczarne/img_1.jpg, http://localhost/images/product_images/zestawdegustacyjnyherbatyczarne/img_2.jpg, http://localhost/images/product_images/zestawdegustacyjnyherbatyczarne/img_3.jpg, http://localhost/images/product_images/zestawdegustacyjnyherbatyczarne/img_4.jpg, http://localhost/images/product_images/zestawdegustacyjnyherbatyczarne/img_5.jpg;1
;1;ZESTAW DEGUSTACYJNY KOMPOZYCJE CZARNE;Zestawy Degustacyjne,Herbaty pakowane;23.9;1;81;Zestaw kompozycji czarnych 5x10g;Zestaw degustacyjny to idealna możliwość spróbowania naszych autorskich kompozycji i znalezienia swojego ulubionego smaku. W skład zestawu wchodzi 5 herbat czarnych z dodatkami, każda po 10g :;1;http://localhost/images/product_images/zestawdegustacyjnykompozycjeczarne/img_0.jpg, http://localhost/images/product_images/zestawdegustacyjnykompozycjeczarne/img_1.jpg, http://localhost/images/product_images/zestawdegustacyjnykompozycjeczarne/img_2.jpg, http://localhost/images/product_images/zestawdegustacyjnykompozycjeczarne/img_3.jpg, http://localhost/images/product_images/zestawdegustacyjnykompozycjeczarne/img_4.jpg, http://localhost/images/product_images/zestawdegustacyjnykompozycjeczarne/img_5.jpg;1
;1;ZESTAW DEGUSTACYJNY KOMPOZYCJE OWOCOWE;Zestawy Degustacyjne,Herbaty pakowane;29.9;1;10;Zestaw herbat owocowych 6x10g;Zestaw degustacyjny to idealna możliwość spróbowania naszych autorskich kompozycji i znalezienia swojego ulubionego smaku. W skład zestawu wchodzi 6 kompozycji owocowych, każda po 10g :;1;http://localhost/images/product_images/zestawdegustacyjnykompozycjeowocowe/img_0.jpg, http://localhost/images/product_images/zestawdegustacyjnykompozycjeowocowe/img_1.jpg, http://localhost/images/product_images/zestawdegustacyjnykompozycjeowocowe/img_2.jpg, http://localhost/images/product_images/zestawdegustacyjnykompozycjeowocowe/img_3.jpg, http://localhost/images/product_images/zestawdegustacyjnykompozycjeowocowe/img_4.jpg, http://localhost/images/product_images/zestawdegustacyjnykompozycjeowocowe/img_5.jpg, http://localhost/images/product_images/zestawdegustacyjnykompozycjeowocowe/img_6.jpg;1
;1;ZESTAW DEGUSTACYJNY KOMPOZYCJE PU ERH;Zestawy Degustacyjne,Herbaty pakowane;19.9;1;40;Zestaw kompozycji pu erh 5x10g;Zestaw degustacyjny to idealna możliwość spróbowania naszych autorskich kompozycji i znalezienia swojego ulubionego smaku. W skład zestawu wchodzi 5 kompozycji Pu Erh, każda po 10g :;1;http://localhost/images/product_images/zestawdegustacyjnykompozycjepuerh/img_0.jpg, http://localhost/images/product_images/zestawdegustacyjnykompozycjepuerh/img_1.jpg, http://localhost/images/product_images/zestawdegustacyjnykompozycjepuerh/img_2.jpg, http://localhost/images/product_images/zestawdegustacyjnykompozycjepuerh/img_3.jpg, http://localhost/images/product_images/zestawdegustacyjnykompozycjepuerh/img_4.jpg, http://localhost/images/product_images/zestawdegustacyjnykompozycjepuerh/img_5.jpg;1
;1;ZESTAW DEGUSTACYJNY KOMPOZYCJE ZIELONE;Zestawy Degustacyjne,Herbaty pakowane;23.9;1;67;Zestaw kompozycji zielonych 5x10g;Zestaw degustacyjny to idealna możliwość spróbowania naszych autorskich kompozycji i znalezienia swojego ulubionego smaku. W skład zestawu wchodzi 5 herbat zielonych japońskich, każda po 10g :;1;http://localhost/images/product_images/zestawdegustacyjnykompozycjezielone/img_0.jpg, http://localhost/images/product_images/zestawdegustacyjnykompozycjezielone/img_1.jpg, http://localhost/images/product_images/zestawdegustacyjnykompozycjezielone/img_2.jpg, http://localhost/images/product_images/zestawdegustacyjnykompozycjezielone/img_3.jpg, http://localhost/images/product_images/zestawdegustacyjnykompozycjezielone/img_4.jpg, http://localhost/images/product_images/zestawdegustacyjnykompozycjezielone/img_5.jpg;1
;1;ZESTAW DEGUSTACYJNY ROOIBOS;Zestawy Degustacyjne,Herbaty pakowane;21.9;1;23;Zestaw kompozycji rooibos 5x10g;Zestaw degustacyjny to idealna możliwość spróbowania naszych autorskich kompozycji i znalezienia swojego ulubionego smaku. W skład zestawu wchodzi 5 kompozycji Rooibos, każda po 10g :;1;http://localhost/images/product_images/zestawdegustacyjnyrooibos/img_0.jpg, http://localhost/images/product_images/zestawdegustacyjnyrooibos/img_1.jpg, http://localhost/images/product_images/zestawdegustacyjnyrooibos/img_2.jpg, http://localhost/images/product_images/zestawdegustacyjnyrooibos/img_3.jpg, http://localhost/images/product_images/zestawdegustacyjnyrooibos/img_4.jpg, http://localhost/images/product_images/zestawdegustacyjnyrooibos/img_5.jpg;1
;1;SUSHI TEA - JAŚMINOWA;Herbaty pakowane,Cyber Monday,Herbaty do Sushi;26.9;1;37;Jaśminowa klasyczna zielona herbata Yunnan (70g).;Jaśminowa klasyczna zielona herbata Yunnan odznaczająca się delikatnym, aczkolwiek wykwintnym smakiem, harmonijnie połączona z aromatycznymi kwiatami jaśminu to propozycja idealna dla wszystkich smakoszy sushi.;1;http://localhost/images/product_images/sushitea-jaminowa/img_0.jpg;1
;1;SUSHI TEA - MANGO WHITE;Herbaty pakowane,Cyber Monday,Herbaty do Sushi;18.9;1;33;Pai Mu Tan z dodatkiem mango, trawy cytrynowej, mięty oraz płatków róży (35g).;Mango White stworzona na bazie herbaty białej Pai Mu Tan z dodatkiem mango, trawy cytrynowej, mięty oraz płatków róży. Wyróżnia się delikatną nutą słodyczy, a także orzeźwiającym smakiem. Polecana do Nigiri ze względu na jej delikatność.;1;http://localhost/images/product_images/sushitea-mangowhite/img_0.jpg;1
;1;SUSHI TEA - SAKURA GREEN;Herbaty pakowane,Cyber Monday,Herbaty do Sushi;26.9;1;31;Zielona herbata z dodatkiem wiśni (70g).;Sakura Green - kompozycja stworzona na bazie zielonej herbaty z dodatkiem wiśni. Zainspirowana smakiem kraju kwitnącej wiśni. Polecana do wszystkich rodzajów sushi z uwagi na jej delikatny smak z wyczuwalną nutą kwaskowości.;1;http://localhost/images/product_images/sushitea-sakuragreen/img_0.jpg;1
;1;JAPANESE MATCHA;Matcha,Herbaty pakowane;71.9;1;28;Japońska Matcha najwyższej jakości (op 30g).;"Niezwykła, sproszkowana herbata otrzymywana w procesie mielenia liści zielonej herbaty z pierwszych wiosennych zbiorów. Bogata w składniki odżywcze (aminokwasy, antyoksydanty, witaminy, minerały, błonnik). Jedna filiżanka naparu równa się dziesięciu filiżankom naparu z Senchy. Uspokaja, zmniejsza stres i niepokój. Picie Matchy działa relaksująco, pobudza umysł i ciało do aktywności. Krzewy herbaty przeznaczonej na Matchę poddawane są specjalnej procedurze opracowanej w epoce Azuchi-Momoyama. Na dwa tygodnie przed zbiorami krzewy ocieniane są matami, przez co spowolniony zostaje ich wzrost. Liście nabierają koloru bladej zieleni i wytwarzają aminokwasy, dzięki czemu herbata jest słodsza i bardziej aromatyczna. Matcha używana jest w ceremonii picia herbaty cha-no-yu (dosł. ""gorąca woda na herbatę""). Stosowana jest także w kulinariach jako dodatek do ciast, babeczek, deserów opartych na jogurtach i świeżych owocach. Japońska Matcha (30g) marki Tea Time produkowana jest w całości z Tencha, czyli wyłącznie z części miękkiej blaszki liścia, bez nerwów głównych i bocznych. Tencha jest mielona tradycyjnie na kamiennych płytach z granitu, które pozwalają zamienić liście w proszek, którego pojedyncze drobinki maja średnicę paru mikronów. By utrzymać wysoki poziom jakości, hermetycznie zapakowana Matcha jest transportowana do Europy wyłącznie drogą lotniczą, unikając dużych zmian temperatury podczas transportu.";1;http://localhost/images/product_images/japanesematcha/img_0.jpg;1
;1;KOLOROWA MATCHA BLACK ENERGY;Matcha,Herbaty pakowane;39.9;1;98;Mieszanka o pobudzającym działaniu 75g;Matcha Black Energy to mieszanka na bazie czarnej herbaty Argentyna OP. Jest to wyśmienita, czarna herbata prosto z Argentyńskich plantacji. W smaku wyczujemy delikatny, gładki smak przeplatany słodkawą nutą. W składzie znajduje się również aktywny węgiel o działaniu detoksykującym, surowe ziarno kakao o silnych właściwościach antyoksydacyjnych i przeciwzapalnych oraz pobudzająca, mielona guarana. Całość dopełniona jest podnoszącymi siły witalne, koncentrację i pamięć jagodami acai,dodającą energii macą, lucumą - naturalnym zamiennikiem cukru, łagodzącą stres wanilią oraz źródłem błonnika w postaci inuliny.;1;http://localhost/images/product_images/kolorowamatchablackenergy/img_0.jpg, http://localhost/images/product_images/kolorowamatchablackenergy/img_1.jpg, http://localhost/images/product_images/kolorowamatchablackenergy/img_2.jpg;1
;1;KOLOROWA MATCHA BLUE RELAX;Matcha,Herbaty pakowane;41.9;1;50;Mieszanka o właściwościach wyciszających 75g;Kolorowa Matcha Blue Relax, to herbata na bazie sproszkowanego kwiatu Klitorii Ternateńskiej oraz herbaty Oolong. Te ta główne składniki to doskonałe źródło właściwości pozytywnie wpływających na nasz organizm. Piękne, niebieskie kwiaty Klitorii słyną z cech przeciwzapalnych, przeciwbólowych i antybakteryjnych, a dodatkowo mogą mieć wpływ na złagodzenie stanów lękowych i depresyjnych.;1;http://localhost/images/product_images/kolorowamatchabluerelax/img_0.jpg, http://localhost/images/product_images/kolorowamatchabluerelax/img_1.jpg, http://localhost/images/product_images/kolorowamatchabluerelax/img_2.jpg;1
;1;KOLOROWA MATCHA GREEN DETOX;Matcha,Herbaty pakowane;41.9;1;46;Mieszanka zapewniająca lepsze samopoczucie 75g;Matcha Green Detox to herbata na bazie tradycyjnej Matchy. To jeden z najstarszych gatunków japońskiej herbaty, produkowany z liści Tencha, specjalnie selekcjonowanych i preparowanych jeszcze przed zerwaniem. Posiada procesy wspomagające metabolizm, poprawiające koncentrację i pamięć. Dodaje energii i oczyszcza organizm. W składzie znajduje się również orzeźwiająca mięta wspomagająca procesy trawienne, łagodząca niestrawność  i poprawiająca nastrój trawa cytrynowa. Całość dopełniona jest wspomagającą odporność chlorellą, dodającą energii macą, lucumą - naturalnym zamiennikiem cukru oraz źródłem błonnika w postaci inuliny,;1;http://localhost/images/product_images/kolorowamatchagreendetox/img_0.jpg, http://localhost/images/product_images/kolorowamatchagreendetox/img_1.jpg, http://localhost/images/product_images/kolorowamatchagreendetox/img_2.jpg;1
;1;KOLOROWA MATCHA WHITE HAPPINESS;Matcha,Herbaty pakowane;39.9;1;57;Mieszanka cechująca się słodkim, ananasowo-kokosowym smakiem 75g;Matcha white happiness to herbata na bazie mleka kokosowego oraz sproszkowanej, białej herbaty. Te ta główne składniki to doskonałe źródło właściwości pozytywnie wpływających na nasz organizm. Mleko kokosowe posiada właściwości antybakteryjne oraz wspierające odporność. Świetnie poprawia również kodycję włosów i skóry. Herbata Pai Mu Tan posiada przeciwutleniacze opóźniające starzenie komórek, wspomaga koncentrację oraz posiada właściwości antywirusowe. Dodatkowo w składzie znajdziemy liofilizowanego, sproszkowanego ananasa, adaptogen w postaci mielonej Ashwagandy, lucumę-naturalny zamiennik cukru oraz dodającą energii macę.;1;http://localhost/images/product_images/kolorowamatchawhitehappiness/img_0.jpg, http://localhost/images/product_images/kolorowamatchawhitehappiness/img_1.jpg, http://localhost/images/product_images/kolorowamatchawhitehappiness/img_2.jpg;1
;1;KOLOROWA MATCHA YELLOW IMMUNITY;Matcha,Herbaty pakowane;41.9;1;69;Mieszanka o właściwościach wzmacniających 75g;Matcha Yellow Immunity, to herbata na bazie sproszkowanej, białej herbaty Pai Mu Tan oraz kurkumy. Te dwa główne składniki to doskonałe źródło właściwości pozytywnie wpływających na nasz organizm. Herbata Pai Mu Tan posiada przeciwutleniacze opóźniające starzenie komórek, wspomaga koncentrację oraz posiada właściwości antywirusowe. Kurkuma ma działanie przeciwzapalne i przeciwbakteryjne. Słynie również ze skuteczności pobudzenia, trawienia wspomagając układ pokarmowy. Dodatkowo w składzie znajdziemy oczyszczającą, liofilizowaną dynię, surowe ziarna kakao o dużej zawartości antyoksydantów, bogatą w witaminę C acerolę, lucumę-naturalny zamiennik cukru, łagodzącą stres wanilię oraz rozgrzewający imbir, goździki i kardamon.;1;http://localhost/images/product_images/kolorowamatchayellowimmunity/img_0.jpg, http://localhost/images/product_images/kolorowamatchayellowimmunity/img_1.jpg, http://localhost/images/product_images/kolorowamatchayellowimmunity/img_2.jpg;1
;1;MATCHA 50G;Matcha,Herbaty pakowane;23.9;1;82;Herbata zielona sproszkowana;Niezwykła herbata otrzymywana w procesie mielenia liści zielonej herbaty z pierwszych wiosennych zbiorów. Bogata w składniki odżywcze (aminokwasy, antyoksydanty, witaminy, minerały, błonnik). Jedna filiżanka naparu równa się dziesięciu filiżankom naparu z Senchy. Uspokaja, zmniejsza stres i niepokój. Picie Matchy działa relaksująco, pobudza umysł i ciało do aktywności.;1;http://localhost/images/product_images/matcha50g/img_0.jpg;1
;1;MATCHA JAPOŃSKA UJICHA;Matcha,Herbaty pakowane;77.9;1;90;Zielona sproszkowana herbata 100%;Matcha - tradycyjna herbata japońska w formie proszku już w XIII wieku pomagała buddyjskim mnichom osiągnąć skupienie podczas medytacji. Powstaje z wysuszonych i zmielonych liści herbacianych i wyróżnia się intensywnym, zielonym kolorem. Posiada mnóstwo wartościowych składników, takich jak polifenole: L-teanina, antyoksydanty, które dodatkowo pozytywnie wpływają na metabolizm, a także witaminy A i C, potas, wapno, żelazo i cynk.  Dodatkowo, zawiera więcej kofeiny niż kawa i wykazuje działanie hamujące powstawanie komórek nowotworowych. Nasza Matcha Japońska Ujicha pochodzi z regionu Uji z Kioto, słynącego z wyjątkowo czystych wód i żyznej gleby. Bardzo dobrze smakuje z mlekiem, napojem roślinnym oraz lub z ulubionym sokiem.;1;http://localhost/images/product_images/matchajaposkaujicha/img_0.jpg;1
;1;HARMONIA;Herbaty z adaptogenami;23.9;1;44;Zen & Relaks 80g;Autorska receptura na bazie herbaty zielonej China Gunpowder z dodatkiem ziół, owoców i adaptogenu o wyjątkowym zastosowaniu. Ta herbatka jest dla Ciebie, jeśli poszukujesz równowagi i harmonii ducha.;1;http://localhost/images/product_images/harmonia/img_0.jpg;1
;1;PIĘKNO;Herbaty z adaptogenami;23.9;1;54;Hair & Beauty 80g;Autorska receptura na bazie herbaty Oolong z dodatkiem ziół, owoców i adaptogenu, o wyjątkowym zastosowaniu. Ta herbatka jest dla Ciebie, jeśli poszukujesz pomocy w dbaniu o swoje piękno.;1;http://localhost/images/product_images/pikno/img_0.jpg;1
;1;RADOŚĆ;Herbaty z adaptogenami;23.9;1;32;Feel happiness 80g;Autorska receptura na bazie herbaty Sencha Black z dodatkiem ziół, owoców i adaptogenu, o wyjątkowym zastosowaniu wpływającym pozytywnie na samopoczucie.;1;http://localhost/images/product_images/rado/img_0.jpg;1
;1;SZCZUPŁA SYLWETKA;Herbaty z adaptogenami;23.9;1;66;Slim & fit 80g;Autorska receptura na bazie herbaty Pu Erh z dodatkiem ziół, owoców i adaptogenu o wyjątkowym zastosowaniu. Ta herbatka jest dla Ciebie, jeśli poszukujesz pomocy w procesie redukcji wagi i przy odchudzaniu.;1;http://localhost/images/product_images/szczupasylwetka/img_0.jpg;1
;1;WITALNOŚĆ;Herbaty z adaptogenami;23.9;1;35;EnergyBoost 80g;Autorska receptura na bazie herbaty czarnej Wietnam z dodatkiem ziół, owoców i adaptogenu, o wyjątkowym zastosowaniu dodającym energii.;1;http://localhost/images/product_images/witalno/img_0.jpg;1
;1;Assam Mokalbari SF Black;;24.95;1;50;Assam Mokalbari to herbata pochodząca z północno-wschodniego regionu Indii położonego wzdłuż doliny rzeki Brahmaputry u podnóży Himalajów. Prowincja ta słynie z uprawy odmiany czarnej herbaty Camellia Assamica, która zachwyca słodowymi nutami i bogatym smakiem naparu.;;1;http://localhost/images/product_images/assammokalbarisfblack/img_0.jpg, http://localhost/images/product_images/assammokalbarisfblack/img_1.jpg;1
;1;Assam Satrupa;;19.95;1;59;Assam Satrupa zaskakuje złożonym smakiem i aromatem. Rośnie w północno-wschodnim regionie Indii, słynącym z upraw jednych z najlepszych herbat czarnych. Klasyczne nuty z delikatnie przeplatającymi się słodowymi smakami, to idealne połączenie i uzupełnienie wyjątkowych śniadań. Smakuje również z mlekiem.;;1;http://localhost/images/product_images/assamsatrupa/img_0.jpg, http://localhost/images/product_images/assamsatrupa/img_1.jpg, http://localhost/images/product_images/assamsatrupa/img_2.jpg;1
;1;MALINOWA;Herbata,Kompozycje,Herbata Czarna z dodatkami,Herbaty Adwentowe,Herbaty cejlońskie;23.45;1;43;Herbata czarna Ceylon z dodatkiem dużej ilości malin.;Czarna herbata Ceylon oraz zanurzone w niej soczyste kawałki malin to propozycja polecana zwłaszcza przy walce z przeziębieniem i grypą. Doskonale rozgrzeje nie tylko miłośników tego owocu. Nadaje się także jako napój przyrządzany na zimo w letnie, długie wieczory. W towarzystwie kostek lodu oraz soczystych kawałków świeżych owoców doskonale będzie zaspokajała pragnienie.;1;http://localhost/images/product_images/malinowa/img_0.jpg, http://localhost/images/product_images/malinowa/img_1.jpg;1
;1;LAZY DAY;Strona główna,Herbata,Kompozycje,Herbata Czarna z dodatkami,Herbaty w puszkach firmowych,Herbata wietnamska;15.95;1;43;Czarna herbata z dodatkiem papai, pomarańczy oraz maliny.;Czarna herbata z dodatkiem egzotycznej papai oraz orzeźwiającej pomarańczy, dopełniona liśćmi malin. Napar po zaparzeniu ma piękną, bursztynową barwę. W smaku możemy wyczuć słodycz papai. Całość kompozycji jest niezwykle aromatyczna. W zapachu odnajdziemy nuty maliny.  Składniki: herbata czarna OP, papaja kandyzowana (papaja, cukier), pomarańcza crunch (koncentrat soku pomarańczowego, cząstki pomarańczy), malina liść, bławatek, aromat.  Wartość odżywcza w 100g: wartość energetyczna 176,0 kJ / 42,0 kcal, tłuszcze 0,0 g, węglowodany 9,1g (w tym cukry 7,7 g), błonnik 0,9g, białko 0,0 g, sól 0,0g, sód 0,0g.  Kraj pochodzenia: Wietnam;1;http://localhost/images/product_images/lazyday/img_0.jpg, http://localhost/images/product_images/lazyday/img_1.jpg;1
;1;MADAGASKAR;Herbata,Kompozycje,Herbata Czarna z dodatkami,Promocja urodzinowa,Herbata wietnamska;19.45;1;40;Czarna herbata z dodatkiem skórki pomarańczowej, truskawki i bławatka.;Kalejdoskop smaków i barw, który tworzy kompozycja czarnej herbaty z soczystymi truskawkami oraz orzeźwiającą skórką pomarańczy, całość otulają aromatyczne płatki bławatka. Już przy otwarciu torebki pomieszczenie wypełnia się uroczym, kwiatowym zapachem. Wraz z pierwszym łykiem przenosimy się w gorący klimat dalekich, egzotycznych krajów.;1;http://localhost/images/product_images/madagaskar/img_0.jpg;1
;1;AMERICANO BLEND;Kawa,Kawy Klasyczne,Prezenty dla mężczyzny;12.45;1;7;Kawa arabika 100% speciality.;Kraftowa kawa o jakości speciality polecana przez Marcina Rusnarczyka - Mistrza Polski Baristów, sędzię Polskich i Międzynarodowych Mistrzostw Baristów, autora książki „Sekrety Kawy Poradnik dla Amatorów i Profesjonalistów” oraz wieloletniego trenera baristów. Wysokiej jakości blend dwóch arabik Brazylii i Kolumbii, z regionów Cerrado i Mogiana oraz Cauca, który został stworzony w celu zaparzenia wyjątkowego americano. Ta kawa o średnio-ciemnym stopniu palenia, średniej mocy i kwasowości oraz wyczuwalnej słodyczy, to pozycja dla każdego kawowego konesera.;1;http://localhost/images/product_images/americanoblend/img_0.jpg;1
;1;BRAZYLIA BOURBON;Kawa,Kawy Klasyczne;12.95;1;100;Łagodna Arabika z Brazylii.;Kawa Brazylia Yellow Bourbon jest łagodna w smaku, z nutą słodkiej czekolady i whiskey oraz cytrusowymi akcentami w aromacie. Owoce krzewów tej odmiany charakteryzują się żółta barwą, a nie czerwoną jak w przypadku innych arabik.;1;http://localhost/images/product_images/brazyliabourbon/img_0.jpg, http://localhost/images/product_images/brazyliabourbon/img_1.jpg;1
;1;BRAZYLIA SANTOS;Kawa,Kawy Klasyczne;11.45;1;77;Kawa do wszechstronnego zastosowania.;Brazylia jest największym producentem kawy na świecie od 1720 roku, kiedy to drzewka kawowe sprowadzono z Gujany. Kraj ten odpowiada za około jedną trzecią globalnej produkcji. Uprawa kawy odbywa się niemal we wszystkich brazylijskich stanach, jednak główne regiony to Parana, São Paulo, Minas Gerais, Espírito Santo i Bahia. Dzięki sprzyjającemu klimatowi tysiące małych gospodarstw zajmuje się jej produkcją, a naturalne warunki pozwalają na suchą obróbkę ziaren. Brazylijska kawa występuje w wielu odmianach, lecz zazwyczaj cechuje się łagodnym smakiem i umiarkowaną goryczką. Brazylia Santos palona jest w stopniu średnim, a dzięki obfitej cremie doskonale sprawdza się w mieszankach espresso.;1;http://localhost/images/product_images/brazyliasantos/img_0.jpg, http://localhost/images/product_images/brazyliasantos/img_1.jpg;1
;1;BRAZYLIA SPECIALITY;Kawa,Kawy Klasyczne,Prezenty dla mężczyzny;12.45;1;31;Kawa arabika 100% speciality.;Kraftowa kawa o jakości speciality polecana przez Marcina Rusnarczyka - Mistrza Polski Baristów, sędzię Polskich i Międzynarodowych Mistrzostw Baristów, autora książki „Sekrety Kawy Poradnik dla Amatorów i Profesjonalistów” oraz wieloletniego trenera baristów. Wyjątkowo aromatyczna arabika wysokiej jakości pochodzącą z Brazylii z regionów Cerrado i Mogiana o średnio-ciemnym stopniu palenia. Średnia moc, delikatna kwasowość i wyczuwalna słodycz to wyróżniki smaku tej kawy. Odmiany botaniczne to Mundo Novo, Red Catuai, Caturra i Catuaí..;1;http://localhost/images/product_images/brazyliaspeciality/img_0.jpg;1
;1;CAPPUCCINO BLEND;Kawa,Kawy Klasyczne;12.45;1;2;Blend Arabicy i Robusty dla entuzjastów cappuccino.;Dopracowana receptura blendu arabiki i robusty została stworzona dla entuzjastów kaw typu cappuccino dostarczając przyjemnych doznań smakowych.;1;http://localhost/images/product_images/cappuccinoblend/img_0.jpg;1
;1;CONTINENTAL ROAST;Kawa,Kawy Klasyczne;12.45;1;60;Blend ziaren z Brazylii, Kolumbii i Etiopii o jakości speciality;Kawa Continental Roast jest blendem ziaren z Brazylii, Kolumbii i Etiopii o klasycznym smaku i aromacie. Regiony, z których pochodzi to Cerrado, Mogiana, Cauca i Sidamo. W trakcie zbiorów dokonywana jest selekcja, co gwarantuje wybór tylko najlepszych owoców. W procesie obróbki wykorzystano metodę ziarna na mokro i na sucho, co podkreśla pełnię smaku ziaren i sprawia, że kawa ma wyjątkową słodycz.  Stopień palenia: Średnio - ciemne;1;http://localhost/images/product_images/continentalroast/img_0.jpg;1
;1;ESPRESSO BLEND;Kawa,Kawy Klasyczne;16.95;1;35;Mieszanka ziaren Robusty i Arabiki o mocnym smaku.;Blend wyselekcjonowanych ziaren o intensywniejszej mocy i średnim stopniu palenia to idealna propozycja dla osób poszukujących idealnej kawy do zaparzania espresso.;1;http://localhost/images/product_images/espressoblend/img_0.jpg;1
;1;GWATEMALA MARAGOGYPE;Kawa,Kawy Klasyczne;17.45;1;49;Kawa o dużych ziarnach o pikantnym, złożonym aromacie.;"Gwatemala to ósmy światowy producent kawy i jedne z najlepszych miejsc do uprawy tej rośliny. Sadzonki kawy zostały tu przywiezione i zasadzone przez jezuickich misjonarzy w 1750r, a przemysł został rozwinięty przez osadników niemieckich pod koniec XIXw. Większość plantacji znajduje się na południu kraju (Amatitlan, Antiqua), gdzie stoki wulkaniczne wzgórz i bujna roślinność zapewniają idealne warunki dla sadzonek kawy - zwłaszcza do upraw w cieniu. Rośliny uprawiane w cieniu rozwijają się wolniej i dzięki temu mają intensywny smak i większą zawartość naturalnych cukrów w ziarnach. Wilgotny klimat Gwatemali, obfite deszcze, bujna zieleń - to idealne warunki do uprawy idealnej arabiki o złożonym smaku. Gwatemala Maragogype to kawa odmiany o wyjątkowo dużych ziarnach, nazywana ""słoniowym ziarnem"". Pochodzi z południowych rejonów kraju, gdzie uprawiana jest na zboczach gór Sierra Madre.";1;http://localhost/images/product_images/gwatemalamaragogype/img_0.jpg, http://localhost/images/product_images/gwatemalamaragogype/img_1.jpg;1
;1;INDONEZJA FLORES BEIPOSO;Kawa,Kawy Klasyczne;16.45;1;59;Wyjątkowa kawa jakości speciality.;Wyjątkowa kawa wysokiej jakości. Pochodzi z niewielkich upraw z okolicy wioski Beiposo. W smaku zrównoważona, kwasowa, wyczuwalne nuty czekoladowe i orzechowe z odrobiną pikantności.;1;http://localhost/images/product_images/indonezjafloresbeiposo/img_0.jpg, http://localhost/images/product_images/indonezjafloresbeiposo/img_1.jpg;1
;1;INDONEZJA ROBUSTA;Kawa,Kawy Klasyczne;9.95;1;20;Kawa Robusta pochodząca z indonezyjskich plantacji.;Kawę w Indonezji uprawia się już od 300 lat na całym archipelagu i aktualnie kraj ten jest czwartym producentem kawy na świecie - głównie robusty. Każda wyspa produkuje kawę o indywidualnych walorach - Jawa łagodną, Sumatra wyraźnie cięższą, a Sulawesi (Celebes) pełną mocy i aromatyczną. Przez wielu fachowców i smakoszy kawy propozycja z Indonezji jest oceniana jako jedna z najlepszych odmian robusty. Kawa ta posiada charakterystyczny, mocny i wyrazisty smak oraz dużą zawartość kofeiny - polecana do porannego espresso.;1;http://localhost/images/product_images/indonezjarobusta/img_0.jpg, http://localhost/images/product_images/indonezjarobusta/img_1.jpg;1
;1;ITALIAN DARK ROAST;Kawa,Kawy Klasyczne;12.45;1;66;Blend ziaren z Brazylii, Kolumbii i Etiopii o jakości speciality;Kawa Italian Dark Roast to starannie skomponowany blend ziaren pochodzących z Brazylii, Kolumbii i Etiopii, który zachwyca klasycznym smakiem i aromatem. Ziarna uprawiane są w renomowanych regionach kawowych, takich jak Cerrado, Mogiana, Cauca i Sidamo, znanych z doskonałych warunków do uprawy kawy. Dzięki połączeniu dwóch metod obróbki – mokrej i suchej – ziarna zyskują wyjątkową głębię smaku, która łączy naturalną słodycz z charakterystyczną goryczką. Efektem jest kawa o pełnym, wyrazistym charakterze, doskonała do espresso oraz napojów na jego bazie, takich jak cappuccino czy latte.  Stopień palenia: Ciemne;1;http://localhost/images/product_images/italiandarkroast/img_0.jpg;1
;1;KENIA MERU;Kawa,Kawy Klasyczne;17.95;1;22;Wysokiej jakości Arabica z Kenii.;Kenia jest producentem jednej najlepszych kaw z Afryki. Wysokie położenie plantacji (1500-2100 m n.p.m.) i prowadzony wybiórczo ręczny zbiór tylko zupełnie dojrzałych ziaren kawy powoduje, że jest to ziarno najwyższego gatunku. Zbiory odbywają się dwa razy w roku i zrywane są tylko najbardziej dojrzałe owoce, a do tych samych drzewek wraca się wielokrotnie podczas jednego sezonu. O znaczeniu produkcji kawy dla Kenii świadczy fakt, iż niszczenie lub samowolne karczowanie drzewek kawowych jest uznawane za przestępstwo. Jakość kawy potrafi zaspokoić najbardziej wyszukane gusta wśród ekspertów oraz degustatorów i przez wielu z nich jest uważana za światową czołówkę. Delikatna równowaga kwaskowatości i mocy oraz owocowy aromat sprawia, że koneserzy zaliczają kenijską kawę do swoich ulubionych. Oznaczenie AA wskazuje czołową kawę kenijską z dużymi ziarnami.;1;http://localhost/images/product_images/keniameru/img_0.jpg, http://localhost/images/product_images/keniameru/img_1.jpg;1
;1;KOLUMBIA ESPRESSO;Kawa,Kawy Klasyczne;9.45;1;46;Mocno wypalone znakomite espresso.;Kolumbia jest trzecim największym producentem i eksporterem kawy na świecie (po Brazylii i Wietnamie) i osiąga wynik 12 mln 60-kilogramowych worków rocznie. Jest to zasługa korzystnych warunków klimatycznych, dobrej organizacji i promocji - to dzięki niej właśnie kawa kolumbijska ma opinię produktu dobrej jakości i wyśmienitego smaku. Plantacje kawy położone są u stóp Andów, których trzy łańcuchy przycinają kraj i stwarzają szereg mikroklimatów, w których ziarna dojrzewają w różnym czasie. Dzięki temu zbiory kawy w Kolumbii trwają prawie cały rok. Najważniejszymi plantacjami Kordyliery Środkowej są: Medelin, Armenia i Mazizales (MAM), a za królową kolumbijskich kaw uważa się tą pochodzącą z Medelin - bogatą, średnio kwaśną i pełną smaku. Natomiast Kordyliera Wschodnia może poszczycić się równie smaczną, choć mniej kwaśną kawą z okolic Bogoty. Kawa kolumbijska ma dwie klasy - excelso i supremo, z czego ta ostatnie różni się tylko wielkością ziaren. Jest to kawa uniwersalna - można ją prażyć dowolnie - od średniego po ciemny kolor, jest wyśmienita w każdej postaci - dlatego to właśnie kawę kolumbijską najbardziej cenią bariści z całego świata. Nie ma bardziej zrównoważonej w smaku kawy niż kolumbijska - niekiedy orzechowa, niekiedy z nutami owocowymi, zawsze bogata i aromatyczna.;1;http://localhost/images/product_images/kolumbiaespresso/img_0.jpg, http://localhost/images/product_images/kolumbiaespresso/img_1.jpg;1
;1;KOLUMBIA MEDELIN;Kawa,Kawy Klasyczne;10.95;1;71;Kawa idealna do parzenia w ekspresach ciśnieniowych.;Kolumbia jest trzecim największym producentem i eksporterem kawy na świecie (po Brazylii i Wietnamie) i osiąga wynik 12 mln 60-kilogramowych worków rocznie. Jest to zasługa korzystnych warunków klimatycznych, dobrej organizacji i promocji - to dzięki niej właśnie kawa kolumbijska ma opinię produktu dobrej jakości i wyśmienitego smaku. Plantacje kawy położone są u stóp Andów, których trzy łańcuchy przycinają kraj i stwarzają szereg mikroklimatów, w których ziarna dojrzewają w różnym czasie. Dzięki temu zbiory kawy w Kolumbii trwają prawie cały rok. Najważniejszymi plantacjami Kordyliery Środkowej są: Medelin, Armenia i Mazizales (MAM), a za królową kolumbijskich kaw uważa się tą pochodzącą z Medelin - bogatą, średnio kwaśną i pełną smaku. Natomiast Kordyliera Wschodnia może poszczycić się równie smaczną, choć mniej kwaśną kawą z okolic Bogoty. Kawa kolumbijska ma dwie klasy - excelso i supremo, z czego ta ostatnie różni się tylko wielkością ziaren. Jest to kawa uniwersalna - można ją prażyć dowolnie - od średniego po ciemny kolor, jest wyśmienita w każdej postaci - dlatego to właśnie kawę kolumbijską najbardziej cenią bariści z całego świata. Nie ma bardziej zrównoważonej w smaku kawy niż kolumbijska - niekiedy orzechowa, niekiedy z nutami owocowymi, zawsze bogata i aromatyczna.;1;http://localhost/images/product_images/kolumbiamedelin/img_0.jpg, http://localhost/images/product_images/kolumbiamedelin/img_1.jpg;1
;1;LATTE BLEND;Kawa,Kawy Klasyczne;12.95;1;28;Cztery arabiki z kilku regionów świata o średnim stopniu palenia i zbilansowanej słodyczy.;Cztery arabiki z kilku regionów świata o średnim stopniu palenia i zbilansowanej słodyczy.;1;http://localhost/images/product_images/latteblend/img_0.jpg;1
;1;MEKSYK;Kawa,Kawy Klasyczne;12.95;1;37;Aromatyczna meksykańska kawa o wyjątkowym smaku.;Meksyk jest siódmym największym na świecie producentem kawy, z roczna produkcją w wysokości około 4 mln worków. Uprawy są prowadzone przeważnie w małych gospodarstwach, na organicznych plantacjach w przypadku których gleba użyźniana jest naturalnym kompostem i nawozami zwierzęcymi. Meksyk jest tez jednym z największych producentów kawy organicznej i ma dostępne wszystkie kawy sprawiedliwego handlu - Utz Kapeh, Rainforest Alliance i Fairtrade Foundation. Nasza kawa to odmiana arabiki pochodząca z regionu Chiapas przygotowywana tzw. metodą suchą, która ogranicza zużycie wody oraz energii. Uprawa pozwala dojrzewać kawowcom w cieniu innych drzew, co ma istotny wpływ na smak i aromat naparu.;1;http://localhost/images/product_images/meksyk/img_0.jpg, http://localhost/images/product_images/meksyk/img_1.jpg;1
;1;NICARAGUA MARAGOGYPE;Kawa,Kawy Klasyczne;14.45;1;21;Delikatna kawa o dużych ziarnach.;Ziarna Maragogype są znacznie większe od innych ziaren. Ta szczególna kawa jest delikatna, lekko słodkawa, charakteryzuje się niską kwasowością. Wyczuwalne są w niej nuty czekolady i migdałów.;1;http://localhost/images/product_images/nicaraguamaragogype/img_0.jpg, http://localhost/images/product_images/nicaraguamaragogype/img_1.jpg;1
;1;NIKARAGUA SPECIALITY;Kawa,Kawy Klasyczne;12.45;1;19;Kawa arabika 100% speciality;Kraftowa kawa o jakości speciality polecana przez Marcina Rusnarczyka - Mistrza Polski Baristów, sędzię Polskich i Międzynarodowych Mistrzostw Baristów, autora książki „Sekrety Kawy Poradnik dla Amatorów i Profesjonalistów” oraz wieloletniego trenera baristów. Ziarna tej kawy pochodzą z Ameryki Środkowej z regionów Jinotega, Matagalpa i Nueva Segovia. Wyróżnia się wyjątkowo świeżym aromatem, średnią mocą i słodyczą, a także niską kwasowością. Wypalana po mistrzowsku metodą rzemieślniczą w stopniu średnio-ciemnym stanowi idealną propozycję dla każdego miłośnika kawy klasycznej wysokiej jakości.;1;http://localhost/images/product_images/nikaraguaspeciality/img_0.jpg;1
;1;RWANDA;Kawa,Kawy Klasyczne;16.45;1;8;Wyrazisty smak i owocowe nuty unikalnej kawy z Rwandy.;Rwanda nie ma zbyt długiej tradycji w uprawie drzewek kawowych, pierwsze próby produkcji o ograniczonym rozmiarze rozpoczęli niemieccy misjonarze na początki XXw. W latach 30 - tych produkcja nabrała rozpędu, ale nie szła w parze z jakością ziaren - produkt uznawano za ziemisty, zatęchły - po prostu niskiej jakości. Rozwój upraw kaw wysokogatunkowych w Rwandzie rozpoczął się po wygaśnięciu wojny domowej, która zniszczyła kraj w latach 90 - tych. Drobni rolnicy dostrzegli w kawie źródło dochodów i zaczęli odtwarzać upadłe farmy, równocześnie podnosząc jakość ziaren. Bardzo żyzne gleby w Rwandzie, obecność wzgórz pochodzenia wulkanicznego oraz klimat niezwykle stymulujący wzrost roślin, gwarantują utrzymanie prawidłowego wzrostu drzewek, a co za tym pozyskanie dobrej jakości kawy. Kawa rwandyjska jest unikalna - delikatna i bogata w smaku, orzeźwiająca. Niestety rzadko można ją spotkać w sklepach w całej Europie.;1;http://localhost/images/product_images/rwanda/img_0.jpg, http://localhost/images/product_images/rwanda/img_1.jpg;1
;1;YELLOW BOURBON SPECIALITY;Kawa,Kawy Klasyczne;12.45;1;73;Wysokiej jakości kawa speciality z Brazylii;Kawa Yellow Bourbon Speciality to wyjątkowy gatunek kawy o unikalnym smaku i aromacie, który wyróżnia się na tle innych odmian. Pochodzi z odmiany Bourbon, jednej z najbardziej cenionych na świecie, która jest uprawiana w specyficznych warunkach w Brazylii, w regionach Cerrado, Sul de Minas, Sao Paolo, Mato Grosso. o sprawia, że kawa ta jest tak wyjątkowa, to jej wyjątkowy, naturalny żółty kolor ziaren, który jest wynikiem starannego procesu uprawy i selekcji.;1;http://localhost/images/product_images/yellowbourbonspeciality/img_0.jpg;1
;1;KAWA BELGIJSKA PRALINA;Kawa,Kawy Smakowe;12.95;1;85;Kawa Arabica o smaku belgijskiej praliny.;Kawy smakowe należą do naszych specjalności. Niezwykłe propozycje komponowane są w oparciu o kolumbijską kawę Excelso z odmiany arabika, której walory doskonale współgrają z najróżniejszymi aromatami. To niesamowite, jakimi smakami może oczarować nas kawa, zachowując przy tym odpowiednie proporcje i balans.;1;http://localhost/images/product_images/kawabelgijskapralina/img_0.jpg, http://localhost/images/product_images/kawabelgijskapralina/img_1.jpg;1
;1;KAWA BISZKOPT;Kawa,Kawy Smakowe;12.95;1;41;Kawa Arabica o smaku biszkoptowym;Kawy smakowe należą do naszych specjalności. Niezwykłe propozycje komponowane są w oparciu o kolumbijską kawę Excelso z odmiany arabika, której walory doskonale współgrają z najróżniejszymi aromatami. To niesamowite, jakimi smakami może oczarować nas kawa, zachowując przy tym odpowiednie proporcje i balans.;1;http://localhost/images/product_images/kawabiszkopt/img_0.jpg, http://localhost/images/product_images/kawabiszkopt/img_1.jpg;1
;1;KAWA CHOCO CREAM;Kawa,Kawy Smakowe;12.95;1;97;Kawa smakowa z nutami czekolady, śmietanki i toffi;Choco Cream to wyjątkowa kompozycja dla miłośników głębokiego smaku i aksamitnej słodyczy. Aromatyczna kawa doskonale łączy nuty czekolady, śmietanki, toffi oraz subtelny akcent znanego likieru, tworząc harmonijną i kuszącą mieszankę. Każdy łyk to podróż do świata intensywnych doznań – czekoladowa głębia spotyka się z kremową słodyczą i delikatnym, rozgrzewającym akcentem, który rozpieszcza zmysły. Kawa o smaku Choco Cream to idealny wybór na chwile relaksu i przyjemności, zarówno o poranku, jak i podczas spotkań z przyjaciółmi. Kawa, która otula smakiem i zapachem, pozostawiając niezapomniane, słodkie wrażenia.;1;http://localhost/images/product_images/kawachococream/img_0.jpg;1
;1;KAWA CHWILE PRZY KOMINKU;Kawy Smakowe;12.95;1;71;Kawa o smaku czekolady, goździka i cynamonu;Składniki: kawa ziarnista 98%, aromat;1;http://localhost/images/product_images/kawachwileprzykominku/img_0.jpg;1
;1;KAWA CREME BRULE;Kawa,Kawy Smakowe;12.95;1;84;Kawa Arabica o smaku creme brule.;Kawy smakowe należą do naszych specjalności. Niezwykłe propozycje komponowane są w oparciu o kolumbijską kawę Excelso z odmiany arabika, której walory doskonale współgrają z najróżniejszymi aromatami. To niesamowite, jakimi smakami może oczarować nas kawa, zachowując przy tym odpowiednie proporcje i balans.;1;http://localhost/images/product_images/kawacremebrule/img_0.jpg, http://localhost/images/product_images/kawacremebrule/img_1.jpg;1
;1;KAWA CZEKOLADA-MIĘTA;Kawa,Kawy Smakowe;12.95;1;11;Kawa Arabica o smaku czekolady i mięty.;Kawy smakowe należą do naszych specjalności. Niezwykłe propozycje komponowane są w oparciu o kolumbijską kawę Excelso z odmiany arabika, której walory doskonale współgrają z najróżniejszymi aromatami. To niesamowite, jakimi smakami może oczarować nas kawa, zachowując przy tym odpowiednie proporcje i balans.;1;http://localhost/images/product_images/kawaczekolada-mita/img_0.jpg, http://localhost/images/product_images/kawaczekolada-mita/img_1.jpg;1
;1;KAWA CZEKOLADA-ORZECH;Kawa,Kawy Smakowe;12.95;1;4;Kawa Arabica o smaku czekolady i orzechów.;Kawy smakowe należą do naszych specjalności. Niezwykłe propozycje komponowane są w oparciu o kolumbijską kawę Excelso z odmiany arabika, której walory doskonale współgrają z najróżniejszymi aromatami. To niesamowite, jakimi smakami może oczarować nas kawa, zachowując przy tym odpowiednie proporcje i balans.;1;http://localhost/images/product_images/kawaczekolada-orzech/img_0.jpg, http://localhost/images/product_images/kawaczekolada-orzech/img_1.jpg;1
;1;KAWA IRISH CREAM;Kawa,Kawy Smakowe;12.95;1;21;Kawa Arabica o smaku irish cream.;Kawy smakowe należą do naszych specjalności. Niezwykłe propozycje komponowane są w oparciu o kolumbijską kawę Excelso z odmiany arabika, której walory doskonale współgrają z najróżniejszymi aromatami. To niesamowite, jakimi smakami może oczarować nas kawa, zachowując przy tym odpowiednie proporcje i balans.;1;http://localhost/images/product_images/kawairishcream/img_0.jpg, http://localhost/images/product_images/kawairishcream/img_1.jpg;1
;1;KAWA IRISH WHISKEY;Kawa,Kawy Smakowe;12.95;1;19;Kawa Arabica o smaku irish whiskey.;Kawy smakowe należą do naszych specjalności. Niezwykłe propozycje komponowane są w oparciu o kolumbijską kawę Excelso z odmiany arabika, której walory doskonale współgrają z najróżniejszymi aromatami. To niesamowite, jakimi smakami może oczarować nas kawa, zachowując przy tym odpowiednie proporcje i balans.;1;http://localhost/images/product_images/kawairishwhiskey/img_0.jpg, http://localhost/images/product_images/kawairishwhiskey/img_1.jpg;1
;1;KAWA KRUCHE CIASTKO;Kawa,Kawy Smakowe;12.95;1;89;Kawa Arabica o smaku kruchego ciasteczka.;Kawy smakowe należą do naszych specjalności. Niezwykłe propozycje komponowane są w oparciu o kolumbijską kawę Excelso z odmiany arabika, której walory doskonale współgrają z najróżniejszymi aromatami. To niesamowite, jakimi smakami może oczarować nas kawa, zachowując przy tym odpowiednie proporcje i balans.;1;http://localhost/images/product_images/kawakrucheciastko/img_0.jpg, http://localhost/images/product_images/kawakrucheciastko/img_1.jpg;1
;1;KAWA MARCEPAN;Kawa,Kawy Smakowe;12.95;1;90;Kawa Arabica o smaku marcepanowym.;Kawy smakowe należą do naszych specjalności. Niezwykłe propozycje komponowane są w oparciu o kolumbijską kawę Excelso z odmiany arabika, której walory doskonale współgrają z najróżniejszymi aromatami. To niesamowite, jakimi smakami może oczarować nas kawa, zachowując przy tym odpowiednie proporcje i balans.;1;http://localhost/images/product_images/kawamarcepan/img_0.jpg, http://localhost/images/product_images/kawamarcepan/img_1.jpg;1
;1;KAWA MLECZNY KARMEL;Kawa,Kawy Smakowe;12.95;1;38;Kawa Arabica o smaku mlecznego karmelu;Kawy smakowe należą do naszych specjalności. Niezwykłe propozycje komponowane są w oparciu o kolumbijską kawę Excelso z odmiany arabika, której walory doskonale współgrają z najróżniejszymi aromatami. To niesamowite, jakimi smakami może oczarować nas kawa, zachowując przy tym odpowiednie proporcje i balans.;1;http://localhost/images/product_images/kawamlecznykarmel/img_0.jpg, http://localhost/images/product_images/kawamlecznykarmel/img_1.jpg;1
;1;KAWA O SMAKU BIAŁEJ CZEKOLADY;Kawa,Kawy Smakowe;12.95;1;1;Kawa o smaku białej czekolady.;Nowość, która łączy przyjemność picia kawy oraz bogactwo tradycyjnych ziaren z delikatną słodyczą białej czekolady. Kawa o smaku białej czekolady to prawdziwa uczta dla zmysłów, która zachwyci zarówno miłośników klasycznych napojów kawowych, jak i tych, którzy szukają nowych, ekscytujących doznań smakowych. To doskonały wybór na poranne pobudzenie, popołudniowy relaks czy spotkania z przyjaciółmi. Jej delikatny, ale pełen czekoladowej słodyczy profil sprawia, że jest świetnym towarzyszem deserów i słodkich przekąsek, a także wspaniałym prezentem dla każdego kawosza.;1;http://localhost/images/product_images/kawaosmakubiaejczekolady/img_0.jpg;1
;1;KAWA ORZECH-KREM;Kawa,Kawy Smakowe;12.95;1;70;Kawa Arabica o smaku orzechów w kremie.;Kawy smakowe należą do naszych specjalności. Niezwykłe propozycje komponowane są w oparciu o kolumbijską kawę Excelso z odmiany arabika, której walory doskonale współgrają z najróżniejszymi aromatami. To niesamowite, jakimi smakami może oczarować nas kawa, zachowując przy tym odpowiednie proporcje i balans.;1;http://localhost/images/product_images/kawaorzech-krem/img_0.jpg, http://localhost/images/product_images/kawaorzech-krem/img_1.jpg;1
;1;KAWA PISTACJOWA;Kawa,Kawy Smakowe;12.95;1;60;Kawa Arabica o smaku pistacjowym.;Kawy smakowe należą do naszych specjalności. Niezwykłe propozycje komponowane są w oparciu o kolumbijską kawę Excelso z odmiany arabika, której walory doskonale współgrają z najróżniejszymi aromatami. To niesamowite, jakimi smakami może oczarować nas kawa, zachowując przy tym odpowiednie proporcje i balans.;1;http://localhost/images/product_images/kawapistacjowa/img_0.jpg, http://localhost/images/product_images/kawapistacjowa/img_1.jpg;1
;1;KAWA POMARAŃCZOWA;Kawa,Kawy Smakowe;12.95;1;66;Kawa Arabica o smaku pomarańczowym.;Kawy smakowe należą do naszych specjalności. Niezwykłe propozycje komponowane są w oparciu o kolumbijską kawę Excelso z odmiany arabika, której walory doskonale współgrają z najróżniejszymi aromatami. To niesamowite, jakimi smakami może oczarować nas kawa, zachowując przy tym odpowiednie proporcje i balans.;1;http://localhost/images/product_images/kawapomaraczowa/img_0.jpg, http://localhost/images/product_images/kawapomaraczowa/img_1.jpg;1
;1;KAWA ŚLIWKA W CZEKOLADZIE;Kawa,Kawy Smakowe;12.95;1;5;Kawa Arabica o smaku śliwki w czekoladzie;Kawy smakowe należą do naszych specjalności. Niezwykłe propozycje komponowane są w oparciu o kolumbijską kawę Excelso z odmiany arabika, której walory doskonale współgrają z najróżniejszymi aromatami. To niesamowite, jakimi smakami może oczarować nas kawa, zachowując przy tym odpowiednie proporcje i balans.;1;http://localhost/images/product_images/kawaliwkawczekoladzie/img_0.jpg, http://localhost/images/product_images/kawaliwkawczekoladzie/img_1.jpg;1
;1;KAWA SŁONY KARMEL;Kawa,Kawy Smakowe;12.95;1;82;Kawa o smaku słonego karmelu.;Kawy smakowe należą do naszych specjalności. Niezwykłe propozycje komponowane są w oparciu o kolumbijską kawę Excelso z odmiany arabika, której walory doskonale współgrają z najróżniejszymi aromatami. To niesamowite, jakimi smakami może oczarować nas kawa, zachowując przy tym odpowiednie proporcje i balans.;1;http://localhost/images/product_images/kawasonykarmel/img_0.jpg;1
;1;KAWA TIRAMISU;Kawa,Kawy Smakowe;12.95;1;86;Kawa Arabica o smaku tiramisu.;Kawy smakowe należą do naszych specjalności. Niezwykłe propozycje komponowane są w oparciu o kolumbijską kawę Excelso z odmiany arabika, której walory doskonale współgrają z najróżniejszymi aromatami. To niesamowite, jakimi smakami może oczarować nas kawa, zachowując przy tym odpowiednie proporcje i balans.;1;http://localhost/images/product_images/kawatiramisu/img_0.jpg, http://localhost/images/product_images/kawatiramisu/img_1.jpg;1
;1;KAWA WAFELEK W CZEKOLADZIE;Kawa,Kawy Smakowe;12.95;1;92;Kawa o smaku wafelka w czekoladzie.;Kawy smakowe należą do naszych specjalności. Niezwykłe propozycje komponowane są w oparciu o kolumbijską kawę Excelso z odmiany arabika, której walory doskonale współgrają z najróżniejszymi aromatami. To niesamowite, jakimi smakami może oczarować nas kawa, zachowując przy tym odpowiednie proporcje i balans.;1;http://localhost/images/product_images/kawawafelekwczekoladzie/img_0.jpg;1
;1;COFFEE TINK BRAZYLIA SANTOS;Kawy Paczkowane;119.9;1;13;Delikatna kawa o niskiej kwasowości [1kg].;Kawa uprawiana na niewielkich wysokościach, odznaczająca się niską kwasowością, czym zawdzięcza swoją delikatność. Uprawy z wysokości 800-1100 m n.p.m. Ziarno z centrum świata kawy o harmonijnym smaku i niskiej kwasowości. Wyczuwalne nuty orzechowe, czekoladowe, można wyczuć także karmel i cytrusy.;1;http://localhost/images/product_images/coffeetinkbrazyliasantos/img_0.jpg, http://localhost/images/product_images/coffeetinkbrazyliasantos/img_1.jpg;1
;1;COFFEE TINK ETIOPIA DJIMMAH;Kawy Paczkowane;44.9;1;94;Etiopska kawa o wyczuwalnej kwasowości [250g].;Kawa uprawiana w zacienionych, etiopskich płaskowyżach. Charakteryzuje się głęboką kwasowością oraz orzeźwiającym aromatem. Uprawy z wysokości 1500-2000 m n.p.m. W smaku dominują cytrusy, czekolada, kwiaty i tropikalne owoce. Wyczuwalne nuty czekolady i czerwonego wina.;1;http://localhost/images/product_images/coffeetinketiopiadjimmah/img_0.jpg;1
;1;COFFEE TINK KENIA MERU;Kawy Paczkowane;57.9;1;66;Kawa o intensywnym smaku z upraw wysokogórskich [250g].;Kawa uprawiana na charakterystycznie czerwonej, wulkanicznej, żyznej i bogatej glebie. Uprawa na dużych wysokościach nadaje jej status kawy światowej klasy. Uprawy o wysokości 1500 - 2000 m n. p. m. Doskonale zbalansowana, intensywna kawa o bardzo przyjemnym cytrusowym charakterze. Wyczuwalne nuty limonki, miodowe, morelowe.;1;http://localhost/images/product_images/coffeetinkkeniameru/img_0.jpg, http://localhost/images/product_images/coffeetinkkeniameru/img_1.jpg;1
;1;COFFEE TINK KOLUMBIA EXCELSO MEDELLIN;Kawy Paczkowane,Prezenty dla mężczyzny;119.9;1;10;Kolumbijska kawa o średniej kwasowości [1kg].;Kawa rosnąca w doskonałych warunkach klimatycznych na stokach Andów, na bogatej, wulkanicznej glebie. Uprawy o wysokości 1200 - 2000 m n.p.m. Kawa o średnio wyczuwalnej kwasowości. Bardzo intensywny, złożony i mocny aromat owoców cytrusowych oraz figi i kakao. Wyczuwalne nuty kwiatowe, cytrusowe, jagodowe, czekoladowe.;1;http://localhost/images/product_images/coffeetinkkolumbiaexcelsomedellin/img_0.jpg, http://localhost/images/product_images/coffeetinkkolumbiaexcelsomedellin/img_1.jpg;1
;1;COFFEE TINK ROYAL COFFEE;Kawy Paczkowane;99.9;1;62;Blend Arabiki i Robusty z pięciu krajów świata [1kg].;Royal Coffe to blend łączący w sobie to, co najlepsze w ziarnach z pięciu krajów. Stanowiąca 80% Arabica pochodząca z Brazylii, Peru i Hondurasu dostarcza aromatycznych doznań pełnych nut cytrusowych i czekoladowych, natomiast uzupełniająca ją Robusta z Indii i Kamerunu zwiększa moc smaku i pobudzenia. W smaku nuty ciemnej czekolady i cytrusów. .;1;http://localhost/images/product_images/coffeetinkroyalcoffee/img_0.jpg, http://localhost/images/product_images/coffeetinkroyalcoffee/img_1.jpg;1
;1;ETNO ABYSSINIAN HIGHLAND;Kawy Paczkowane;43.9;1;100;Zbalansowana kawa do ekspresu ciśnieniowego [250g].;Doskonale wyważony blend ziaren prosto z Etiopii i Kolumbii. Daje napój idealny dla wielbicieli zbalansowanych, klasycznych kaw. W smaku Abyssinian Highland przywodzi na myśl słodko-kwaśne owoce oraz słodko-gorzką czekoladę deserową. W aromacie pobrzmiewają subtelne nuty dymne, które delikatnie dopełniają całość. W efekcie otrzymujemy kawę o wspaniale harmonijnym smaku. Taką, w której kwasowość, słodycz i goryczka doskonale się ze sobą mieszają i przy każdym łyku poruszają nasze zmysły.;1;http://localhost/images/product_images/etnoabyssinianhighland/img_0.jpg;1
;1;ETNO COLOMBIA MEDELLIN;Kawy Paczkowane;40.9;1;7;Idealna kolumbijska kawa pod metody przelewowe i ciśnieniowe [250g].;Jednorodne, średnio ciemno palone ziarna pochodzące prosto z Kolumbii. To najbardziej orzeźwiająca kawowa propozycja z palety ETNO, idealna dla miłośników kwasowo - owocowych smaków. Doskonale sprawdzi się na co dzień, parzona w dużej ilości, metodą przelewową i pita z dużego kubka - również na wynos! Choć Colombia Medellin niesie w sobie typową dla czekolady deserowej delikatna słodycz i goryczkę, na pierwszy plan zdecydowanie wysuwa się w niej kwasowość, która można przyrównać do smaku owoców pestkowych. Wypalana jest pod metody przelewowe i ciśnieniowe, ale każdy w tych sposobów parzenia przyniesie nieco inny efekt smakowy.;1;http://localhost/images/product_images/etnocolombiamedellin/img_0.jpg;1
;1;ETNO FUSION;Kawy Paczkowane;40.9;1;41;Najwyższej jakości blend oparty na etiopskiej kawie [250g];Klasyczny blend z małym twistem. Fusion to ciekawe połączenie ziaren brazylijskich i etiopskich, przy czym te ostatnie to znane z oferty marki ETNO Yirgacheffe, czyli ziarna, które zamiast typowej dla etiopskiego napoju kwasowości zachwycają bukietem delikatnych kwiatowych aromatów. Fusion to kompozycja dla wszystkich miłośników klasyki oraz kawy , która z każdą sekundą odkrywa przed nami swoje kolejne tajemnice, prezentując prawdziwą fuzję smaków. Idealnie balansuje pomiędzy delikatną kwasowością, wysoką słodyczą i kapką goryczki, a jej smak i aromat rozwija się w czasie i ujawnia swoje kolejne nuty: kwiatową, migdałową i cytrynową. Całość zamyka wspaniały czekoladowy aftertaste - posmak, do którego chce się wielokrotnie wracać.;1;http://localhost/images/product_images/etnofusion/img_0.jpg;1
;1;ETNO INTERCONTINENTAL;Kawy Paczkowane;40.9;1;66;Zbalansowane połączenie kaw z Ameryki Południowej i Afryki [250g].;Smak Brazylii, Kolumbii i Etiopii zaklęty w ziarnach poddanych średnio ciemnemu paleniu. Intercontinental to łagodna kawa o niezwykle zbalansowanym smaku. Najmocniej wyczuwalna jest w niej słodycz, przynosząca na myśl mleczną czekoladę, której wtóruje kojarząca się z owocami pestkowymi kwasowość i orzechowa goryczka. Ta delikatna kawa o subtelnym smaku i lekkiej, dość przejrzystej konsystencji stanowi idealny wybór na popołudniowa przerwę w pracy lub leniwe weekendowe popołudnie, gdy chcemy podelektować się ulubionym napojem. Warto mieć ją zawsze w zapasie - stąd dostępność dużej gramatury. Intercontinental smakuje równie wybornie solo, jak i w połączeniu z mlekiem lub napojem roślinnym.;1;http://localhost/images/product_images/etnointercontinental/img_0.jpg;1
;1;ETNO ITALIAN ROAST;Kawy Paczkowane;40.9;1;39;Klasyczny smak kawy rodem z Włoch [250g].;Idealny wybór na co dzień, zwłaszcza do porannego espresso oraz wszelkich kompozycji na bazie mleka lub napoju roślinnego. Italian Roast to klasyczny blend ziaren pochodzących z Etiopii, Brazylii i Kolumbii, długo i mocno wypalanych, czarujących dymno-drzewnym aromatem, w których wyczuwalne są również nuty orzechowe i karmelowe. Ciemne wypalenia ziaren nadaje kawie intensywny smak, pełen czekoladowej słodyczy oraz charakterystycznej goryczki. Na próżno szukać w niej jednak kwasowości, co z pewnością ucieszy stroniących od tego smaku kawoszy. Italian Roast ma wyższe body, a więc jest przyjemnie gęsta i nieprzejrzysta. Charakteru dodaje jej również naturalna, piękna crema.;1;http://localhost/images/product_images/etnoitalianroast/img_0.jpg;1
;1;ETNO YELLOW BOURBON;Kawy Paczkowane;39.9;1;15;Uniwersalna kawa z Brazylii [250g].;Prawdziwy klasyk marki ETNO i ulubieniec wszystkich kawoszy. Z racji swojej intensywnej słodyczy i niskiej kwasowości ta brazylijska kawa przypadnie do gustu praktycznie każdemu. Jest niezwykle delikatna i uniwersalna, a jednocześnie charakteryzuje się zaskakującą głębią smaku i aromatu. Odnajdziemy w niej nuty orzechowe oraz bardzo dużo słodyczy przełamanej subtelną cytrynowa kwasowością. Połączenie to może przywodzić na myśl smak czekolady deserowej. Jeżeli chcesz skosztować brazylijskiej klasyki w nowoczesnym wydaniu, ten wybór będzie strzałem w dziesiątkę.;1;http://localhost/images/product_images/etnoyellowbourbon/img_0.jpg;1
;1;ETNO YIRGACHEFFE;Kawy Paczkowane;39.9;1;47;Aromatyczne etiopskie ziarno pod metody ciśnieniowe i przelewowe [250g].;"To aromatyczne ziarno pochodzi z regionu Yirgacheffe, gdzie dojrzewa w pełnym słońcu na wysokości 1700-2200 m n.p.m. Wbrew powszechnym opiniom na temat etiopskiej kawy, zamiast silną kwasowością, raczy nas niezwykle delikatną , ale i różnorodna kompozycją smakowo - zapachową. To jedna z najbardziej aromatycznych kaw z oferty marki ETNO. Jej zapach łączy w sobie subtelne nuty kwiatowe z nieco bardziej wyrazistą i orzeźwiającą bergamotką podbitą orzechową głębią. W smaku na plan pierwszy wybija się delikatna słodycz, która z czasem ustępuje cytrusowej kwasowości, a ta przechodzi w łagodną goryczkę i stawia kropkę nad ""i"". Całość pozostawia po sobie również wspaniały, czekoladowy posmak, któremu nie sposób się oprzeć.";1;http://localhost/images/product_images/etnoyirgacheffe/img_0.jpg;1
;1;JAMAICA BLUE MOUNTAIN;Kawy Paczkowane;129.9;1;77;Najwyższej jakości kawa - dla wielu wzorzec do naśladowania [100g];Jamajska kawa blue mountains w swoim najwspanialszym wydaniu, wyprodukowana z niebiesko-zielonych ziaren, jest jedną z najlepszych kaw na świecie. Łagodna, z owocową nutą, kwaskowata lecz bez goryczki. Zapach jamajki jest niezwykły - intensywny i silny, a smak wyjątkowo trwały, rozwijający się na podniebieniu i dostarczający całego bogactwa doznań. Pierwsze sadzonki sprowadził na Jamajkę sir Nicholas Lawes w 1725 r. i zasadził w parafii św. Andrzeja, która nadal jest jedną z parafii blue mountain. Klimat wyspy okazał się tak sprzyjający dla uprawy kawy, że już w 1814 r. było tu 600 plantacji. Chłodna i mglista aura, obfite deszcze, żyzna i przepuszczalna gleba - to idealna kombinacja dla wzrostu kawy. Prawdziwa blue mountain uprawiana jest na plantacjach Wallenford, Mavis Bank i Moy Hall. Lokalni producenci to przeważnie drobni właściciele ziemscy, których rodziny uprawiają tę ziemię od dwustu lat. Plantacje blue mountain to jedne z najwyżej położonych upraw kawy na świecie. Na tarasowych polach stosuje się uprawy mieszane - kawa rośnie wśród bananowców i awokado. Najwyższej jakości jamajska kawa wymaga precyzyjnego wypalania dla uzyskania najlepszego smaku. Standardowe palenie jest zbyt mocne by wydobyć subtelne owocowe nuty kawy blue mountain - jeśli chcemy cieszyć się wszystkim co najlepsze w jej delikatnym smaku, wybierajmy jasno palone ziarna.;1;http://localhost/images/product_images/jamaicabluemountain/img_0.jpg, http://localhost/images/product_images/jamaicabluemountain/img_1.jpg;1
;1;KAWA KUMARU;Kawy Paczkowane;39.9;1;90;Kawa mielona Arabika 90% Fasola Tonka 10%;Wyjątkowe połączenie ziaren arabiki z czterech stron świata: Etiopii, Peru, Indii i Wenezueli. Średni stopień palenia podkreśla naturalne nuty smakowe, nadając kawie zbalansowany profil o średniej mocy i kwasowości, a także lekkiej słodyczy i goryczy. Dodatek fasoli tonka wprowadza subtelne akcenty wanilii, migdałów i cynamonu, tworząc niepowtarzalne doznanie aromatyczne.;1;http://localhost/images/product_images/kawakumaru/img_0.jpg;1
;1;BRAZYLIA SANTOS DECAF;Kawa,Kawy bezkofeinowe;13.45;1;94;Kawa bezkofeinowa do wszechstronnego zastosowania.;Kawa bez zawartości kofeiny pochodząca z Parany, charakteryzuje się delikatnym smakiem i aromatem oraz jest pozbawiona goryczy charakterystycznej dla kaw kofeinowych.;1;http://localhost/images/product_images/brazyliasantosdecaf/img_0.jpg;1
;1;KAWA DECAF CREME BRULE;Kawa,Kawy bezkofeinowe;14.45;1;54;Kawa decaf Arabica o smaku creme brule.;Kawa na bazie bezkofeinowej Brazylii Santos o smaku słodkiego deseru Creme Brulee;1;http://localhost/images/product_images/kawadecafcremebrule/img_0.jpg, http://localhost/images/product_images/kawadecafcremebrule/img_1.jpg;1
;1;KAWA DECAF WANILIA-ORZECH;Kawa,Kawy bezkofeinowe;14.45;1;17;Bezkofeinowa Arabica o smaku wanilii i orzechów.;Kawa na bazie bezkofeinowej Brazylii Santos o smaku wanilii z orzechem;1;http://localhost/images/product_images/kawadecafwanilia-orzech/img_0.jpg, http://localhost/images/product_images/kawadecafwanilia-orzech/img_1.jpg;1
;1;MEKSYK SWISS WATER DECAF;Kawa,Kawy bezkofeinowe;14.45;1;55;Meksykańska bezkofeinowa łagodna kawa Arabica.;Ziarna tej meksykańskiej kawy zostały pozbawione w 99% kofeiny przy pomocy krystalicznie czystej wody. Najpierw ziarna zostały podgrzane, by otworzyły się ich pory, a następnie zanurzone we wcześniej przygotowanej wodzie z lodowca. Proces jest stale kontrolowany i przebiega do momentu, aż z ziaren zostanie pozbawione 99% kofeiny. W czasie obróbki dekofeinizacji nie stosuje się żadnych odczynników chemicznych, dlatego jest to bardzo delikatne dla ziaren. Meksykańska kawa bezkofeinowa zaskakuje przyjemnym smakiem oraz bardzo delikatną kwasowością. W smaku odnajdziemy nuty czarnej herbaty oraz suszonych owoców takich jak rodzynki czy śliwki.;1;http://localhost/images/product_images/meksykswisswaterdecaf/img_0.jpg, http://localhost/images/product_images/meksykswisswaterdecaf/img_1.jpg;1
;1;DRIPPER&POT HARIO V60;Akcesoria,Akcesoria do kawy;199.9;1;92;Idealny zestaw startowy do zaparzania kawy.;Idealny zestaw startowy do zaparzania kawy, składający się z Hario Dripa, szklanego dzbanka o pojemności 360 ml, 40 filtrów i miarki do kawy. Taki zestaw idealnie sprawdzi się jako prezent dla osoby interesującej się kawą jak i dla każdego chcącego rozpocząć swoją przygodę z alternatywnymi metodami zaparzania.;1;http://localhost/images/product_images/dripperpothariov60/img_0.jpg;1
;1;FILTR PAPIEROWY DO DRIPPERA;Akcesoria do kawy,Filtry papierowe;33.9;1;82;Filtr papierowy 100szt. do drippera;100 sztuk filtrów Hario, przeznaczonych dla stożkowatych dripperów do kawy.   Drip Hario zaparza wspaniałą kawę, ale tylko gdy używasz odpowiedniego filtra. Jest to najbardziej standardowa wersja filtrów, charakteryzująca się bardzo dobrym przepływem wody.  Rozmiar: do Hario V60-02  Symbol: VCF-02-100W;1;http://localhost/images/product_images/filtrpapierowydodrippera/img_0.jpg, http://localhost/images/product_images/filtrpapierowydodrippera/img_1.jpg;1
;1;FILTRY PAPIEROWE DO DRIPPERA;Akcesoria do kawy,Filtry papierowe;17.9;1;37;Filtr papierowy 40szt. do drippera V60-02 Hario;;1;http://localhost/images/product_images/filtrypapierowedodrippera/img_0.jpg;1
;1;FILTRY PAPIEROWE MOCCAMASTER NO.1;Akcesoria do kawy,Filtry papierowe;25.9;1;53;Filtry papierowe Moccamaster No.1 80szt;- opakowanie 80 szt papierowych filtrów;1;http://localhost/images/product_images/filtrypapierowemoccamasterno.1/img_0.jpg;1
;1;FILTRY PAPIEROWE MOCCAMASTER NO.4;Akcesoria do kawy,Filtry papierowe;26.9;1;16;Filtry papierowe No.4 Moccamaster 100 szt;- opakowanie 100 szt papierowych filtrów;1;http://localhost/images/product_images/filtrypapierowemoccamasterno.4/img_0.jpg;1
;1;FRENCH PRESS ZAPARZACZ CIŚNIENIOWY;Akcesoria do kawy,French Press;55.9;1;13;Nowoczesny zaparzacz 1l;French press jest niezwykle praktyczną zaparzarką tłokową w której można przygotować zarówno kawę jak i herbatę czy zioła. Dodatkowo french press może służyć do spieniania mleka. Należy po prostu wlać uprzednio podgrzane mleko do naczynia a następnie kilkanaście razy ruszyć tłokiem. Aby smak kawy był idealny, woda zawsze powinna być czysta i pierwszy raz gotowana, Kawa powinna być świeża i tuż po zmieleniu.;1;http://localhost/images/product_images/frenchpresszaparzaczcinieniowy/img_0.jpg, http://localhost/images/product_images/frenchpresszaparzaczcinieniowy/img_1.jpg;1
;1;FRENCH PRESS ZAPARZACZ GRAFIT CIŚNIENIOWY;Akcesoria do kawy,French Press;86.9;1;96;Nowoczesny zaparzacz grafit 1l;French press jest niezwykle praktyczną zaparzarką tłokową w której można przygotować zarówno kawę jak i herbatę czy zioła. Dodatkowo french press może służyć do spieniania mleka. Należy po prostu wlać uprzednio podgrzane mleko do naczynia a następnie kilkanaście razy ruszyć tłokiem. Aby smak kawy był idealny, woda zawsze powinna być czysta i pierwszy raz gotowana, Kawa powinna być świeża i tuż po zmieleniu.;1;http://localhost/images/product_images/frenchpresszaparzaczgrafitcinieniowy/img_0.jpg, http://localhost/images/product_images/frenchpresszaparzaczgrafitcinieniowy/img_1.jpg;1
;1;FRENCH PRESS ZAPARZACZ SREBRNY CIŚNIENIOWY;Akcesoria do kawy,French Press;79.9;1;40;Nowoczesny zaparzacz srebrny 1l;French press jest niezwykle praktyczną zaparzarką tłokową w której można przygotować zarówno kawę jak i herbatę czy zioła. Dodatkowo french press może służyć do spieniania mleka. Należy po prostu wlać uprzednio podgrzane mleko do naczynia a następnie kilkanaście razy ruszyć tłokiem. Aby smak kawy był idealny, woda zawsze powinna być czysta i pierwszy raz gotowana, Kawa powinna być świeża i tuż po zmieleniu.;1;http://localhost/images/product_images/frenchpresszaparzaczsrebrnycinieniowy/img_0.jpg, http://localhost/images/product_images/frenchpresszaparzaczsrebrnycinieniowy/img_1.jpg, http://localhost/images/product_images/frenchpresszaparzaczsrebrnycinieniowy/img_2.jpg;1
;1;FRENCH PRESS ZAPARZACZ ZŁOTY CIŚNIENIOWY;Akcesoria do kawy,French Press;86.9;1;60;Nowoczesny zaparzacz złoty 1l;French press jest niezwykle praktyczną zaparzarką tłokową w której można przygotować zarówno kawę jak i herbatę czy zioła. Dodatkowo french press może służyć do spieniania mleka. Należy po prostu wlać uprzednio podgrzane mleko do naczynia a następnie kilkanaście razy ruszyć tłokiem. Aby smak kawy był idealny, woda zawsze powinna być czysta i pierwszy raz gotowana, Kawa powinna być świeża i tuż po zmieleniu.;1;http://localhost/images/product_images/frenchpresszaparzaczzotycinieniowy/img_0.jpg, http://localhost/images/product_images/frenchpresszaparzaczzotycinieniowy/img_1.jpg, http://localhost/images/product_images/frenchpresszaparzaczzotycinieniowy/img_2.jpg;1
;1;KAFETERIA AŻUR;Akcesoria do kawy,French Press;71.9;1;5;Kafeteria szklana o pojemności 1l.;;1;http://localhost/images/product_images/kafeteriaaur/img_0.jpg;1
;1;KAFETERKA 6 VENUS;Akcesoria do kawy,Cyber Monday,Kawiarki;263.9;1;47;Kawiarka Venus ze stali nierdzewnej o pojemności 6 espresso.;Kawiarka Venus ze stali nierdzewnej o pojemności 6 espresso.;1;http://localhost/images/product_images/kafeterka6venus/img_0.jpg;1
;1;KAFETERKA VENUS 4TZ MIEDZIANA;Akcesoria do kawy,Cyber Monday,Kawiarki;268.9;1;45;Kawiarka Venus ze stali nierdzewnej o pojemności 4 espresso.;Kawiarka Venus ze stali nierdzewnej w kolorze miedzianym o pojemności 4 espresso.;1;http://localhost/images/product_images/kafeterkavenus4tzmiedziana/img_0.jpg;1
;1;PUSZKA ESPRESSO RETRO;Akcesoria,Przechowywanie,Akcesoria do kawy;49.9;1;66;Pojemnik na kawę z klipsem 500g.;Duże puszki Retro z klipsem: - Puszki na kawę lub herbatę sypaną, nadają się szczególnie jako prezenty dla fanów stylu vintage - Bezpieczne zamknięcie na stalowy klips i dodatkowa uszczelka zapobiegają przedostawaniu się powietrza do wnętrza i pozwalają chronić smak i zapach przechowywanych   produktów - Wysoka jakość wykonania - Tłoczone motywy na bokach i wieczkach puszek - Wielkość: 18 x 11 x 8 cm - Pojemność: ok 1,3 litra - Kraj pochodzenia: Niemcy;1;http://localhost/images/product_images/puszkaespressoretro/img_0.jpg;1
;1;SZKLANKA AMO LATTE;Kubki,Akcesoria do kawy,Pozostałe,Szklanki;45.9;1;18;Szklanka do latte z podwójnymi ściankami 320ml.;Szklanka do latte z podwójnymi ściankami 320ml.;1;http://localhost/images/product_images/szklankaamolatte/img_0.jpg;1
;1;SZKLANKI LOOK MUG;Akcesoria do kawy,Filiżanki,Szklanki;49.9;1;11;Szklanki Look Mug 2x250ml;;1;http://localhost/images/product_images/szklankilookmug/img_0.jpg, http://localhost/images/product_images/szklankilookmug/img_1.jpg, http://localhost/images/product_images/szklankilookmug/img_2.jpg;1
;1;TYGIELEK TOGNANA 0,25L;Akcesoria,Akcesoria do kawy;88.9;1;38;Tygielek do kawy Tognana Riflex 0,25l.;Tygielek tognana wykonany jest w całości ze stali nierdzewnej. Ma zaokrąglony kształt z ergonomicznym, dużym uchwytem i pokrywką. Dzbanek posiada wygodną wylewkę, a wszystko to sprawia, że jest niezbędnym wyposażeniem kuchni wśród osób, które cenią picie kawy.;1;http://localhost/images/product_images/tygielektognana025l/img_0.jpg;1
;1;TYGIELEK TOGNANA 0,45L;Akcesoria,Akcesoria do kawy;108.9;1;79;Tygielek do kawy Tognana Riflex 0,45l.;Tygielek tognana wykonany jest w całości ze stali nierdzewnej. Ma zaokrąglony kształt z ergonomicznym, dużym uchwytem i pokrywką. Dzbanek posiada wygodną wylewkę, a wszystko to sprawia, że jest niezbędnym wyposażeniem kuchni wśród osób, które cenią picie kawy.;1;http://localhost/images/product_images/tygielektognana045l/img_0.jpg;1
;1;MATE ARGENTINA 200G;Yerba Mate,Yerba Mate Pakowana;24.9;1;45;Mocno pobudzająca odmiana z Argentyny.;Mate Argentina Despalada to mocno pobudzająca odmiana Yerba Mate. Poza pobudzeniem oferuje także przyjemny, wyważony smak, który sprawdzi się także wśród początkujących. Yerba mate to nic innego jak wysuszone, zmielone liście oraz patyczki ostrokrzewu paragwajskiego, przygotowane do robienia naparu popularnego głównie w krajach Ameryki Południowej. Nazwa yerba mate została wymyślona najprawdopodobniej przez jezuitów. Pochodzi od przekształconego łacińskiego słowa herba – ziele i mati co w języku keczua oznacza tykwę, w której parzy się ziele. Yerba mate stymuluje umysł, często stosowana dla poprawy pamięci i koncentracji. Używana jako tonik pobudzający, znoszący zmęczenie psychiczne i fizyczne. Mieszkańcy Ameryki Południowej już od wieków znają i cenią sobie dobroczynne oddziaływanie Yerba Mate. Pobudza podobnie jak kawa, jednak w porównaniu z kawą, która pobudza mocno, lecz krótko - pobudza długotrwale dostarczając przy tym bardzo dużo minerałów i mikroelementów, zmniejszając przy tym łaknienie.;1;http://localhost/images/product_images/mateargentina200g/img_0.jpg;1
;1;MATE ARGENTINA 400G;Yerba Mate,Yerba Mate Pakowana;46.9;1;59;Mocno pobudzająca odmiana z Argentyny.;Mate Argentina Despalada to mocno pobudzająca odmiana Yerba Mate. Poza pobudzeniem oferuje także przyjemny, wyważony smak, który sprawdzi się także wśród początkujących. Yerba mate to nic innego jak wysuszone, zmielone liście oraz patyczki ostrokrzewu paragwajskiego, przygotowane do robienia naparu popularnego głównie w krajach Ameryki Południowej. Nazwa yerba mate została wymyślona najprawdopodobniej przez jezuitów. Pochodzi od przekształconego łacińskiego słowa herba – ziele i mati co w języku keczua oznacza tykwę, w której parzy się ziele. Yerba mate stymuluje umysł, często stosowana dla poprawy pamięci i koncentracji. Używana jako tonik pobudzający, znoszący zmęczenie psychiczne i fizyczne. Mieszkańcy Ameryki Południowej już od wieków znają i cenią sobie dobroczynne oddziaływanie Yerba Mate. Pobudza podobnie jak kawa, jednak w porównaniu z kawą, która pobudza mocno, lecz krótko - pobudza długotrwale dostarczając przy tym bardzo dużo minerałów i mikroelementów, zmniejszając przy tym łaknienie.;1;http://localhost/images/product_images/mateargentina400g/img_0.jpg;1
;1;MATE BRAZIL DESPALADA 200G;Yerba Mate,Yerba Mate Pakowana;24.9;1;69;Najwyższej jakości yerba mate z Brazylii.;Najwyższej jakości brazylijska Mate składająca się w 95% z zielonych listków górnej partii. Listki są cięte na grubość 4-5 mm. To yerba mate, która nie ma pyłu i mielonych gałązek. Suszona ciepłym powietrzem. Uznana na świecie jako nr 1.;1;http://localhost/images/product_images/matebrazildespalada200g/img_0.jpg;1
;1;MATE BRAZIL DESPALADA 400G;Yerba Mate,Yerba Mate Pakowana;46.9;1;65;Najwyższej jakości yerba mate z Brazylii.;Najwyższej jakości brazylijska Mate składająca się w 95% z zielonych listków górnej partii. Listki są cięte na grubość 4-5 mm. To yerba mate, która nie ma pyłu i mielonych gałązek. Suszona ciepłym powietrzem. Uznana na świecie jako nr 1.;1;http://localhost/images/product_images/matebrazildespalada400g/img_0.jpg;1
;1;MATE CANNABIS 200G;Yerba Mate,Yerba Mate Pakowana;24.9;1;97;Delikatna Yerba Mate z dodatkiem konopi siewnych.;Yerba Mate z dodatkiem konopi siewnych (Cannabis sativa L.). Elaborada zawiera dużo patyczków (około 35% całości), stanowiących pewien rodzaj filtra, dzięki któremu pył nie zatyka bombilli. Polecana osobom, które poszukują nowego, delikatniejszego smaku i łagodniejszego pobudzenia. Idealna do picia w ciągu dnia, pomaga się odstresować, wyciszyć i zregenerować po wysiłku fizycznym. Dobry wybór dla początkujących. Yerba mate to  wysuszone, zmielone liście oraz patyczki ostrokrzewu paragwajskiego, przygotowane do robienia naparu popularnego głównie w krajach Ameryki Południowej. Nazwa yerba mate została wymyślona najprawdopodobniej przez jezuitów. Pochodzi od przekształconego łacińskiego słowa herba – ziele i mati co w języku keczua oznacza tykwę, w której parzy się ziele. Yerba mate stymuluje umysł, często stosowana dla poprawy pamięci i koncentracji. Używana jako tonik pobudzający, znoszący zmęczenie psychiczne i fizyczne. Mieszkańcy Ameryki Południowej już od wieków znają i cenią sobie dobroczynne oddziaływanie Yerba Mate. Pobudza podobnie jak kawa, jednak w porównaniu z kawą, która pobudza mocno, lecz krótko - pobudza długotrwale dostarczając przy tym bardzo dużo minerałów i mikroelementów, zmniejszając przy tym łaknienie.;1;http://localhost/images/product_images/matecannabis200g/img_0.jpg, http://localhost/images/product_images/matecannabis200g/img_1.jpg;1
;1;MATE CANNABIS 400G;Yerba Mate,Yerba Mate Pakowana;46.9;1;21;Delikatna Yerba Mate z dodatkiem konopi siewnych.;Yerba Mate z dodatkiem konopi siewnych (Cannabis sativa L.). Elaborada zawiera dużo patyczków (około 35% całości), stanowiących pewien rodzaj filtra, dzięki któremu pył nie zatyka bombilli. Polecana osobom, które poszukują nowego, delikatniejszego smaku i łagodniejszego pobudzenia. Idealna do picia w ciągu dnia, pomaga się odstresować, wyciszyć i zregenerować po wysiłku fizycznym. Dobry wybór dla początkujących. Yerba mate to  wysuszone, zmielone liście oraz patyczki ostrokrzewu paragwajskiego, przygotowane do robienia naparu popularnego głównie w krajach Ameryki Południowej. Nazwa yerba mate została wymyślona najprawdopodobniej przez jezuitów. Pochodzi od przekształconego łacińskiego słowa herba – ziele i mati co w języku keczua oznacza tykwę, w której parzy się ziele. Yerba mate stymuluje umysł, często stosowana dla poprawy pamięci i koncentracji. Używana jako tonik pobudzający, znoszący zmęczenie psychiczne i fizyczne. Mieszkańcy Ameryki Południowej już od wieków znają i cenią sobie dobroczynne oddziaływanie Yerba Mate. Pobudza podobnie jak kawa, jednak w porównaniu z kawą, która pobudza mocno, lecz krótko - pobudza długotrwale dostarczając przy tym bardzo dużo minerałów i mikroelementów, zmniejszając przy tym łaknienie.;1;http://localhost/images/product_images/matecannabis400g/img_0.jpg, http://localhost/images/product_images/matecannabis400g/img_1.jpg;1
;1;MATE CHERRY 200G;Yerba Mate,Yerba Mate Pakowana;24.9;1;4;Mate z dodatkiem wiśni liofilizowanej i bławatka.;Pełne smaku wiśnie oraz barwny bławatek różowy to doskonałe uzupełnienie brazylijskiej Yerba Mate. Przygotuj się na szalone doznania!;1;http://localhost/images/product_images/matecherry200g/img_0.jpg, http://localhost/images/product_images/matecherry200g/img_1.jpg;1
;1;MATE CHERRY 400G;Yerba Mate,Yerba Mate Pakowana,Prezenty dla mężczyzny;46.9;1;30;Mate z dodatkiem wiśni liofilizowanej i bławatka.;;1;http://localhost/images/product_images/matecherry400g/img_0.jpg, http://localhost/images/product_images/matecherry400g/img_1.jpg;1
;1;MATE CHILLOUT 200G;Yerba Mate,Yerba Mate Pakowana;24.9;1;13;Mate z dodatkiem czarnej porzeczki, konopi oraz szyszki chmielu.;Yerba mate to nic innego jak wysuszone, zmielone liście oraz patyczki ostrokrzewu paragwajskiego, przygotowane do robienia naparu popularnego głównie w krajach Ameryki Południowej. Nazwa yerba mate została wymyślona najprawdopodobniej przez jezuitów. Pochodzi od przekształconego łacińskiego słowa herba – ziele i mati co w języku keczua oznacza tykwę, w której parzy się ziele. Yerba mate stymuluje umysł, często stosowana dla poprawy pamięci i koncentracji. Używana jako tonik pobudzający, znoszący zmęczenie psychiczne i fizyczne. Mieszkańcy Ameryki Południowej już od wieków znają i cenią sobie dobroczynne oddziaływanie Yerba Mate. Pobudza podobnie jak kawa, jednak w porównaniu z kawą, która pobudza mocno, lecz krótko - pobudza długotrwale dostarczając przy tym bardzo dużo minerałów i mikroelementów, zmniejszając przy tym łaknienie.;1;http://localhost/images/product_images/matechillout200g/img_0.jpg, http://localhost/images/product_images/matechillout200g/img_1.jpg;1
;1;MATE CHILLOUT 400G;Yerba Mate,Yerba Mate Pakowana;46.9;1;75;Mate z dodatkiem czarnej porzeczki, konopi oraz szyszki chmielu.;Yerba mate to nic innego jak wysuszone, zmielone liście oraz patyczki ostrokrzewu paragwajskiego, przygotowane do robienia naparu popularnego głównie w krajach Ameryki Południowej. Nazwa yerba mate została wymyślona najprawdopodobniej przez jezuitów. Pochodzi od przekształconego łacińskiego słowa herba – ziele i mati co w języku keczua oznacza tykwę, w której parzy się ziele. Yerba mate stymuluje umysł, często stosowana dla poprawy pamięci i koncentracji. Używana jako tonik pobudzający, znoszący zmęczenie psychiczne i fizyczne. Mieszkańcy Ameryki Południowej już od wieków znają i cenią sobie dobroczynne oddziaływanie Yerba Mate. Pobudza podobnie jak kawa, jednak w porównaniu z kawą, która pobudza mocno, lecz krótko - pobudza długotrwale dostarczając przy tym bardzo dużo minerałów i mikroelementów, zmniejszając przy tym łaknienie.;1;http://localhost/images/product_images/matechillout400g/img_0.jpg, http://localhost/images/product_images/matechillout400g/img_1.jpg;1
;1;MATE DE GUARANA 200G;Yerba Mate,Yerba Mate Pakowana;24.9;1;26;Mate z dodatkiem płatków róży, bławatka, aronii i guarany.;Kompozycja godna uwagi, ze względu na połączenie dwóch  roślin: yerba mate i guarany, dzięki którym zyskujemy podwójną moc pobudzenia. Niezwykle barwny wygląd suszu zachęca już podczas otwarcia torebki. Owocowy smak zawdzięcza owocom aronii, kwiatową nutę zaś płatkom róży i bławatka.;1;http://localhost/images/product_images/matedeguarana200g/img_0.jpg, http://localhost/images/product_images/matedeguarana200g/img_1.jpg;1
;1;MATE DE GUARANA 400G;Yerba Mate,Yerba Mate Pakowana;46.9;1;32;Mate z dodatkiem płatków róży, bławatka, aronii i guarany.;Kompozycja godna uwagi, ze względu na połączenie dwóch  roślin: yerba mate i guarany, dzięki którym zyskujemy podwójną moc pobudzenia. Niezwykle barwny wygląd suszu zachęca już podczas otwarcia torebki. Owocowy smak zawdzięcza owocom aronii, kwiatową nutę zaś płatkom róży i bławatka.;1;http://localhost/images/product_images/matedeguarana400g/img_0.jpg, http://localhost/images/product_images/matedeguarana400g/img_1.jpg;1
;1;MATE FITNESS 200G;Yerba Mate,Yerba Mate Pakowana;24.9;1;30;Yerba mate z dodatkiem czerwonej herbaty Pu erh, wiśni i jabłka.;Zwiększ skuteczność swojego wysiłku z Wild Power Fitness. Niezwykłe połączenie energetycznej Mate i wspomagającej przemianę materii Pu Erh sprawi, że szybciej osiągniesz swój cel, a wiśnie, jabłka i nagietek dodatkowo to umilą.;1;http://localhost/images/product_images/matefitness200g/img_0.jpg, http://localhost/images/product_images/matefitness200g/img_1.jpg;1
;1;MATE FITNESS 400G;Yerba Mate,Yerba Mate Pakowana;46.9;1;73;Yerba mate z dodatkiem czerwonej herbaty Pu erh, wiśni i jabłka.;Zwiększ skuteczność swojego wysiłku z Wild Power Fitness. Niezwykłe połączenie energetycznej Mate i wspomagającej przemianę materii Pu Erh sprawi, że szybciej osiągniesz swój cel, a wiśnie, jabłka i nagietek dodatkowo to umilą.;1;http://localhost/images/product_images/matefitness400g/img_0.jpg, http://localhost/images/product_images/matefitness400g/img_1.jpg;1
;1;MATE IQ 200G;Yerba Mate,Yerba Mate Pakowana;24.9;1;62;Mate z dodatkiem kiwi, guarany, tymianku, truskawki i żeń-szenia.;Cudownie owocowy związek suszu yerba mate z kawałkami kiwi, truskawkami, tymiankiem, żeń-szeniem oraz dodatkową porcją pobudzenia, jaką gwarantuje guarana. Kompozycja idealna dla osób, które poszukują dodatkowej energii, a także koncentracji.;1;http://localhost/images/product_images/mateiq200g/img_0.jpg, http://localhost/images/product_images/mateiq200g/img_1.jpg;1
;1;MATE IQ 400G;Yerba Mate,Yerba Mate Pakowana;46.9;1;33;Mate z dodatkiem kiwi, guarany, tymianku, truskawki i żeń-szenia.;Cudownie owocowy związek suszu yerba mate z kawałkami kiwi, truskawkami, tymiankiem, żeń-szeniem oraz dodatkową porcją pobudzenia, jaką gwarantuje guarana. Kompozycja idealna dla osób, które poszukują dodatkowej energii, a także koncentracji.;1;http://localhost/images/product_images/mateiq400g/img_0.jpg, http://localhost/images/product_images/mateiq400g/img_1.jpg;1
;1;MATE LEMON 200G;Yerba Mate,Yerba Mate Pakowana;24.9;1;6;Yerba mate z dodatkiem skórki cytryny.;Kiedy potrzebujesz łagodnego orzeźwienia sięgnij po Mate Lemon. Skórka cytryny, trawa cytrynowa i liście limonki tworzą rześkie połączenie, któremu nie możesz się oprzeć.;1;http://localhost/images/product_images/matelemon200g/img_0.jpg, http://localhost/images/product_images/matelemon200g/img_1.jpg;1
;1;MATE LEMON 400G;Yerba Mate,Yerba Mate Pakowana,Prezenty dla mężczyzny;46.9;1;6;Yerba mate z dodatkiem skórki cytryny.;Kiedy potrzebujesz łagodnego orzeźwienia sięgnij po Mate Lemon. Skórka cytryny, trawa cytrynowa i liście limonki tworzą rześkie połączenie, któremu nie możesz się oprzeć.;1;http://localhost/images/product_images/matelemon400g/img_0.jpg, http://localhost/images/product_images/matelemon400g/img_1.jpg;1
;1;MATE MINT 200G;Yerba Mate,Yerba Mate Pakowana;24.9;1;16;Yerba mate z dodatkiem mięty i eukaliptusa.;Yerba mate to nic innego jak wysuszone, zmielone liście oraz patyczki ostrokrzewu paragwajskiego, przygotowane do robienia naparu popularnego głównie w krajach Ameryki Południowej. Nazwa yerba mate została wymyślona najprawdopodobniej przez jezuitów. Pochodzi od przekształconego łacińskiego słowa herba – ziele i mati co w języku keczua oznacza tykwę, w której parzy się ziele. Yerba mate stymuluje umysł, często stosowana dla poprawy pamięci i koncentracji. Używana jako tonik pobudzający, znoszący zmęczenie psychiczne i fizyczne. Mieszkańcy Ameryki Południowej już od wieków znają i cenią sobie dobroczynne oddziaływanie Yerba Mate. Pobudza podobnie jak kawa, jednak w porównaniu z kawą, która pobudza mocno, lecz krótko - pobudza długotrwale dostarczając przy tym bardzo dużo minerałów i mikroelementów, zmniejszając przy tym łaknienie.;1;http://localhost/images/product_images/matemint200g/img_0.jpg, http://localhost/images/product_images/matemint200g/img_1.jpg;1
;1;MATE MINT 400G;Yerba Mate,Yerba Mate Pakowana;46.9;1;63;Yerba mate z dodatkiem mięty i eukaliptusa.;Yerba mate to nic innego jak wysuszone, zmielone liście oraz patyczki ostrokrzewu paragwajskiego, przygotowane do robienia naparu popularnego głównie w krajach Ameryki Południowej. Nazwa yerba mate została wymyślona najprawdopodobniej przez jezuitów. Pochodzi od przekształconego łacińskiego słowa herba – ziele i mati co w języku keczua oznacza tykwę, w której parzy się ziele. Yerba mate stymuluje umysł, często stosowana dla poprawy pamięci i koncentracji. Używana jako tonik pobudzający, znoszący zmęczenie psychiczne i fizyczne. Mieszkańcy Ameryki Południowej już od wieków znają i cenią sobie dobroczynne oddziaływanie Yerba Mate. Pobudza podobnie jak kawa, jednak w porównaniu z kawą, która pobudza mocno, lecz krótko - pobudza długotrwale dostarczając przy tym bardzo dużo minerałów i mikroelementów, zmniejszając przy tym łaknienie.;1;http://localhost/images/product_images/matemint400g/img_0.jpg, http://localhost/images/product_images/matemint400g/img_1.jpg;1
;1;ZESTAW MATE BRAZIL DESPALADA;Prezenty,Zestawy prezentowe,Prezenty dla taty,Prezenty dla mężczyzny,Zestawy Yerba Mate;64.9;1;48;Zestaw startowy yerba mate.;Zestaw prezentowy zawiera:  - Wild Power Brazil Despalada 200g;1;http://localhost/images/product_images/zestawmatebrazildespalada/img_0.jpg, http://localhost/images/product_images/zestawmatebrazildespalada/img_1.jpg, http://localhost/images/product_images/zestawmatebrazildespalada/img_2.jpg, http://localhost/images/product_images/zestawmatebrazildespalada/img_3.jpg;1
;1;ZESTAW MATE CHILLOUT;Prezenty,Zestawy prezentowe,Prezenty dla taty,Prezenty dla mężczyzny,Zestawy Yerba Mate;64.9;1;67;Zestaw startowy yerba mate.;Zestaw prezentowy zawiera:  - Wild Power Mate Chillout 200g;1;http://localhost/images/product_images/zestawmatechillout/img_0.jpg, http://localhost/images/product_images/zestawmatechillout/img_1.jpg, http://localhost/images/product_images/zestawmatechillout/img_2.jpg, http://localhost/images/product_images/zestawmatechillout/img_3.jpg;1
;1;ZESTAW MATE LEMON;Yerba Mate,Zestawy prezentowe,Prezenty dla taty,Zestawy Yerba Mate;93.9;1;96;Yerba Mate Lemon 400g, matero i bombilla.;Zestaw składający się z Yerba Mate Lemon 400g (Yerba Mate z dodatkiem skórki cytryny, trawy cytrynowej i liści limonki tworzy rześką kompozycję, której nie można się oprzeć), ceramicznego żółtego matero oraz bombilli.;1;http://localhost/images/product_images/zestawmatelemon/img_0.jpg, http://localhost/images/product_images/zestawmatelemon/img_1.jpg;1
;1;ZESTAW MATE VERY BERRY;Yerba Mate,Zestawy prezentowe,Prezenty dla taty,Zestawy Yerba Mate;93.9;1;61;Yerba Mate Very Berry 400g, matero i bombilla.;Zestaw składający się z Yerba Mate Very Berry 400g (brazylijska Yerba Mate oraz delikatne jagody, słodkie maliny i kwaśne porzeczki to połączenie, które doskonale się uzupełnia.), ceramicznego czarnego matero oraz bombilli.;1;http://localhost/images/product_images/zestawmateveryberry/img_0.jpg, http://localhost/images/product_images/zestawmateveryberry/img_1.jpg;1
;1;ZESTAW MATE WILD ENERGY;Yerba Mate,Zestawy prezentowe,Prezenty dla taty,Prezenty dla mężczyzny,Zestawy Yerba Mate;93.9;1;19;Yerba Mate Wild Energy 400g, matero i bombilla.;Zestaw składający się z Yerba Mate Wild Energy 400g (połączenia Yerba Mate, guarany i żeń-szenia, które doda nowych sił do działania, a soczysty ananas, maliny i aromatyczna skórka pomarańczy apetycznie dopełni całości), ceramicznego czerwonego matero oraz bombilli.;1;http://localhost/images/product_images/zestawmatewildenergy/img_0.jpg, http://localhost/images/product_images/zestawmatewildenergy/img_1.jpg;1
;1;ZESTAW MINI MATE CANNABIS;Yerba Mate,Zestawy prezentowe,Prezenty dla taty,Zestawy Yerba Mate;72.9;1;81;Yerba Mate Cannabis 200g, matero i bombilla.;Zestaw składający się z Yerba Mate Cannabis 200g (yerba mate 90%, suszone liście konopi 10%), ceramicznego zielonego matero oraz bombilli.;1;http://localhost/images/product_images/zestawminimatecannabis/img_0.jpg, http://localhost/images/product_images/zestawminimatecannabis/img_1.jpg;1
;1;KATUAVA MATE ENERGY DRINK;Yerba Mate,Napoje z Yerba Mate;8.9;1;16;Seria napojów z yerba mate Wild Power o naturalnym składzie 330ml.;Seria napojów z yerba mate Wild Power o naturalnym składzie z dodatkiem soków owocowych oraz cukru trzcinowego.;1;http://localhost/images/product_images/katuavamateenergydrink/img_0.jpg;1
;1;MENTHA&BOLDO MATE ENERGY DRINK;Yerba Mate,Napoje z Yerba Mate;8.9;1;69;Seria napojów z yerba mate Wild Power o naturalnym składzie 330ml.;Seria napojów z yerba mate Wild Power o naturalnym składzie z dodatkiem soków owocowych oraz cukru trzcinowego.;1;http://localhost/images/product_images/menthaboldomateenergydrink/img_0.jpg;1
;1;SABOR CITRUS MATE ENERGY DRINK;Yerba Mate,Napoje z Yerba Mate;8.9;1;36;Seria napojów z yerba mate Wild Power o naturalnym składzie 330ml.;Seria napojów z yerba mate Wild Power o naturalnym składzie z dodatkiem soków owocowych oraz cukru trzcinowego.;1;http://localhost/images/product_images/saborcitrusmateenergydrink/img_0.jpg;1
;1;BOMBILLA BAMBUSOWA;Akcesoria do yerba mate,Bombille;18.9;1;37;Bambusowa bombilla 17cm.;Przed użyciem wyparz bombillę. Unikaj mycia w zmywarce.;1;http://localhost/images/product_images/bombillabambusowa/img_0.jpg;1
;1;BOMBILLA LIZA ZE SZCZOTECZKĄ;Akcesoria do yerba mate,Bombille;30.9;1;63;Bombilla Liza srebrny pierścień ze szczoteczką rozkręcana;Bombilla Liza ze srebrnym pierścieniem, rozkręcana. Wykonana ze stali nierdzewnej, długość 19 cm.;1;http://localhost/images/product_images/bombillalizazeszczoteczk/img_0.jpg;1
;1;BOMBILLA PIERŚCIEŃ ŁYŻECZKA;Akcesoria do yerba mate,Bombille;25.99;1;69;Stalowa bombilla pierścień łyżeczka 19cm.;;1;http://localhost/images/product_images/bombillapiercieyeczka/img_0.jpg, http://localhost/images/product_images/bombillapiercieyeczka/img_1.jpg;1
;1;BOMBILLA POTRÓJNE FILTROWANIE;Akcesoria do yerba mate,Bombille;74.9;1;79;Bombilla potrójne filtrowanie 19cm;Bombilla rozkręcana potrójne filtrowanie.;1;http://localhost/images/product_images/bombillapotrjnefiltrowanie/img_0.jpg;1
;1;BOMBILLA SORTIJA;Akcesoria do yerba mate,Bombille;25.9;1;96;Stalowa bombilla 19,5cm - rozkręcana.;Przed użyciem wyparz bombillę. Unikaj mycia w zmywarce.;1;http://localhost/images/product_images/bombillasortija/img_0.jpg;1
;1;BOMBILLA SPIRALKA;Akcesoria do yerba mate,Bombille;29.9;1;75;Stalowa bombilla 15,8cm;Sprężynka filtrująca na zakończeniu tej bombilli sprawia, że jest ona bardziej smukła. Dzięki prostej, smukłej budowie bombilla zmieści się nawet w piórniku lub innym podręcznym przyborniku i możesz ją zabrać np. na wakacje.;1;http://localhost/images/product_images/bombillaspiralka/img_0.jpg, http://localhost/images/product_images/bombillaspiralka/img_1.jpg;1
;1;BOMBILLA ŁYŻECZKA 2;Akcesoria do yerba mate,Bombille;25.9;1;36;Stalowa bombilla 19cm.;;1;http://localhost/images/product_images/bombillayeczka2/img_0.jpg;1
;1;MATERO CZARNE;Akcesoria do yerba mate,Matero;36.9;1;54;Naczynie do przyrządzania yerba mate.;;1;http://localhost/images/product_images/materoczarne/img_0.jpg;1
;1;MATERO CZERWONE;Akcesoria do yerba mate,Matero;36.9;1;50;Naczynie do przyrządzania yerba mate.;;1;http://localhost/images/product_images/materoczerwone/img_0.jpg;1
;1;MATERO BIAŁE;Akcesoria do yerba mate,Matero;36.9;1;90;Naczynie do przyrządzania yerba mate.;;1;http://localhost/images/product_images/materobiae/img_0.jpg;1
;1;MATERO BRĄZOWE;Akcesoria do yerba mate,Matero;36.9;1;41;Naczynie do przyrządzania yerba mate.;;1;http://localhost/images/product_images/materobrzowe/img_0.jpg;1
;1;MATERO DIAMENT BIAŁE;Akcesoria do yerba mate,Matero;36.9;1;59;Naczynie do przyrządzania yerba mate.;;1;http://localhost/images/product_images/materodiamentbiae/img_0.jpg;1
;1;MATERO DIAMENT BRĄZ;Akcesoria do yerba mate,Matero;36.9;1;19;Naczynie do przyrządzania yerba mate.;;1;http://localhost/images/product_images/materodiamentbrz/img_0.jpg;1
;1;MATERO DIAMENT CZARNE;Akcesoria do yerba mate,Matero;36.9;1;95;Naczynie do przyrządzania yerba mate.;;1;http://localhost/images/product_images/materodiamentczarne/img_0.jpg;1
;1;MATERO DRIVE;Akcesoria do yerba mate,Matero;36.9;1;9;Naczynie do przyrządzania yerba mate.;;1;http://localhost/images/product_images/materodrive/img_0.jpg;1
;1;MATERO MIODOWE;Akcesoria do yerba mate,Wyprzedaż,Matero;36.9;1;80;Naczynie do przyrządzania yerba mate 250ml.;;1;http://localhost/images/product_images/materomiodowe/img_0.jpg;1
;1;MATERO PASKI ŻÓŁTE;Akcesoria do yerba mate,Matero;36.9;1;54;Naczynie do przyrządzania yerba mate.;;1;http://localhost/images/product_images/materopaskite/img_0.jpg;1
;1;MATERO STAL CZARNE;Akcesoria do yerba mate,Matero,Promocja urodzinowa;77.9;1;34;Naczynie do przyrządzania yerba mate.;Wykonane ze stali nierdzewnej, praktyczne, trwałe, łatwe do mycia.;1;http://localhost/images/product_images/materostalczarne/img_0.jpg;1
;1;SZCZOTECZKA DO BOMBILLI;Akcesoria do yerba mate,Bombille;10.9;1;23;Metalowa szczoteczka do czyszczenia bombill 20cm.;;1;http://localhost/images/product_images/szczoteczkadobombilli/img_0.jpg;1
;1;DZBANEK BIAŁY MENJE;Akcesoria,Dzbanki do herbaty;165.9;1;68;Dzbanek biały 1200ml;Dzbanek biały 1200 ml;1;http://localhost/images/product_images/dzbanekbiaymenje/img_0.jpg;1
;1;DZBANEK CHERRY BLOSSOM;Akcesoria,Dzbanki do herbaty;178.9;1;9;Dzbanek Duka Cherry Blossom 1l.;Dzbanek do herbaty z serii Cherry Blossom o pojemności 1l, Fine Bone China.;1;http://localhost/images/product_images/dzbanekcherryblossom/img_0.jpg;1
;1;DZBANEK CZARNY MENJE;Akcesoria,Dzbanki do herbaty;165.9;1;43;Dzbanek czarny 1200ml;Dzbanek czarny 1200 ml;1;http://localhost/images/product_images/dzbanekczarnymenje/img_0.jpg;1
;1;DZBANEK EVA;Akcesoria,Dzbanki do herbaty;124.9;1;27;Szklany dzbanek z zaparzaczem 1l.;;1;http://localhost/images/product_images/dzbanekeva/img_0.jpg;1
;1;DZBANEK KRYSZTAŁ Z ZAPARZACZEM;Akcesoria,Dzbanki do herbaty;112.9;1;54;Dzbanek szklany 1,2l;Szklany czajnik z zaparzaczem. Świetny do codziennego użytku, ale również dobrze się prezentuje podając go gościom na stół. Wysoka odporność termiczna na działanie wysokich i niskich temperatur, wysoka odporność mechaniczna, szkło boro-krzemowe jest odporne na zarysowania i matowienie w zmywarkach. Nie zawiera szkodliwych dla zdrowia minerałów, nie zawiera kadmu, ołowiu ani innych szkodliwych substancji. Naczynia ze szkła borokrzemowego można myć w zmywarce oraz wkładać do kuchenki mikrofalowej, a podczas podgrzewania nie uwalniają się do płynu szkodliwe toksyny. Warto również mieć na względzie, że jest ono wykonane z materiałów naturalnych i podlega recyklingowi dzięki czemu jest bezpieczne dla środowiska.;1;http://localhost/images/product_images/dzbanekkrysztazzaparzaczem/img_0.jpg, http://localhost/images/product_images/dzbanekkrysztazzaparzaczem/img_1.jpg;1
;1;DZBANEK MANON SZKLANY;Akcesoria,Dzbanki do herbaty;103.9;1;44;Dzbanek Manon 0,36l;Szklany dzbanek do herbat kwitnących o pojemności  360ml (Kanne „Manon”). Doskonały nie tylko do parzenia herbat, ale także kawy czy innych gorących napojów. Dzbanki wyposażone są w nierdzewne filtry i designerskie uchwyty. Szkło jest wysokiej jakości – bez rys i widocznych porów. Dzbanki wyróżniają się wysoką jakością wykonania, a klasyczna elegancja, jaką sobą reprezentują sprawia, że pasują do każdego wnętrza.;1;http://localhost/images/product_images/dzbanekmanonszklany/img_0.jpg, http://localhost/images/product_images/dzbanekmanonszklany/img_1.jpg;1
;1;DZBANEK MATURA;Akcesoria,Dzbanki do herbaty;54.9;1;4;Szklany dzbanek z plastikowym zaparzaczem o pojemności 1l.;Opis produktu:;1;http://localhost/images/product_images/dzbanekmatura/img_0.jpg;1
;1;DZBANEK SIMAX SZKLANY Z ZAP 1L;Akcesoria,Dzbanki do herbaty;76.9;1;90;Dzbanek szklany o pojemności 1 litra z metalowym zaparzaczem;Cechy produktu:;1;http://localhost/images/product_images/dzbaneksimaxszklanyzzap1l/img_0.jpg, http://localhost/images/product_images/dzbaneksimaxszklanyzzap1l/img_1.jpg;1
;1;DZBANEK SVATAVA;Akcesoria,Dzbanki do herbaty;59.9;1;80;Szklany dzbanek z plastikowym zaparzaczem o pojemności 1,5l.;Opis produktu:;1;http://localhost/images/product_images/dzbaneksvatava/img_0.jpg;1
;1;DZBANEK SZKLANY;Akcesoria,Dzbanki do herbaty;74.9;1;82;Dzbanek szklany 0,75l z zaparzaczem;Piękny i funkcjonalny zestaw składający się ze szklanego dzbanka oraz metalowego zaparzacza z przykrywką.;1;http://localhost/images/product_images/dzbanekszklany/img_0.jpg;1
;1;DZBANEK SZKLANY BAŃKA;Akcesoria,Dzbanki do herbaty;82.9;1;42;Dzbanek szklany z zaparzaczem o pojemności 600 ml.;;1;http://localhost/images/product_images/dzbanekszklanybaka/img_0.jpg;1
;1;DZBANEK SZKLANY LOOK JUG SIMAX;Akcesoria,Dzbanki do herbaty;113.9;1;79;Dzbanek szklany o pojemności 1,8 litra z metalowym zaparzaczem;Cechy produktu:;1;http://localhost/images/product_images/dzbanekszklanylookjugsimax/img_0.jpg, http://localhost/images/product_images/dzbanekszklanylookjugsimax/img_1.jpg, http://localhost/images/product_images/dzbanekszklanylookjugsimax/img_2.jpg;1
;1;DZBANEK SZKLANY SIMAX;Akcesoria,Dzbanki do herbaty,Promocja urodzinowa;87.9;1;99;Dzbanek szklany o pojemności 1,3 litra z metalowym zaparzaczem;Cechy produktu:;1;http://localhost/images/product_images/dzbanekszklanysimax/img_0.jpg, http://localhost/images/product_images/dzbanekszklanysimax/img_1.jpg;1
;1;DZBANEK TWIN;Akcesoria,Dzbanki do herbaty;135.9;1;15;Szklany dzbanek z podwójnymi ściankami  o pojemności 1,1l.;Cechy produktu:;1;http://localhost/images/product_images/dzbanektwin/img_0.jpg;1
;1;DZBANEK VITA;Akcesoria,Dzbanki do herbaty;131.9;1;23;Dzbanek Vita 800ml szklany;Cechy produktu:;1;http://localhost/images/product_images/dzbanekvita/img_0.jpg;1
;1;DZBANEK ŻELIWNY BIAŁY;Akcesoria,Dzbanki do herbaty;149.9;1;59;Żeliwny czajnik bez zaparzacza o pojemności 800ml.;;1;http://localhost/images/product_images/dzbanekeliwnybiay/img_0.jpg;1
;1;DZBANEK ŻELIWNY CZARNY;Akcesoria,Dzbanki do herbaty;159.9;1;85;Żeliwny czajnik z zaparzaczem o pojemności 850ml.;;1;http://localhost/images/product_images/dzbanekeliwnyczarny/img_0.jpg;1
;1;DZBANEK ŻELIWNY PIASEK;Akcesoria,Dzbanki do herbaty;170.9;1;21;Żeliwny czajnik z zaparzaczem o pojemności 1,5l.;;1;http://localhost/images/product_images/dzbanekeliwnypiasek/img_0.jpg;1
;1;CZARKA BRĄZOWA ŻELIWNA;Akcesoria,Akcesoria do matchy;38.9;1;74;Tradycyjna czarka do herbaty Matcha - 120ml;;1;http://localhost/images/product_images/czarkabrzowaeliwna/img_0.jpg;1
;1;CZARKA CZARNA ŻELIWNA;Akcesoria,Akcesoria do matchy;38.9;1;5;Tradycyjna czarka do herbaty Matcha - 120ml;;1;http://localhost/images/product_images/czarkaczarnaeliwna/img_0.jpg;1
;1;CZARKA DO MATCHY AKARI;Akcesoria,Akcesoria do matchy;63.9;1;79;Czarka do matchy 400ml;Miseczka ceramiczna do matchy pojemność 400ml, wymiary 12,8 x 7cm;1;http://localhost/images/product_images/czarkadomatchyakari/img_0.jpg, http://localhost/images/product_images/czarkadomatchyakari/img_1.jpg;1
;1;CZARKA DO MATCHY KOHURA;Akcesoria,Akcesoria do matchy;63.9;1;88;Czarka do matchy 400ml;Miseczka ceramiczna do matchy pojemność 400ml, wymiary 12,8 x 7cm;1;http://localhost/images/product_images/czarkadomatchykohura/img_0.jpg, http://localhost/images/product_images/czarkadomatchykohura/img_1.jpg;1
;1;CZARKA DO MATCHY SACHIKO;Akcesoria,Akcesoria do matchy;77.9;1;16;Czarka do matchy Sachiko 300ml;Czarka Sachiko wykonana z wysokiej jakości japońskiej porcelany. Jej klasyczny, szeroki kształt i staranne wykończenie zapewniają komfortowe ubijanie matchy oraz estetyczne podanie. Dzięki pojemności 300 ml, naczynie sprawdzi się zarówno do codziennego użytku, jak i podczas bardziej uroczystych momentów. Czarka jest w pełni odporna na działanie mikrofalówki i zmywarki, co czyni ją praktycznym dodatkiem do współczesnej kuchni.;1;http://localhost/images/product_images/czarkadomatchysachiko/img_0.jpg, http://localhost/images/product_images/czarkadomatchysachiko/img_1.jpg, http://localhost/images/product_images/czarkadomatchysachiko/img_2.jpg;1
;1;CZARKA DO MATCHY TAIKI;Akcesoria,Akcesoria do matchy;38.9;1;43;Czarka do matchy Taiki 400ml;Czarka Taiki wykonana z wysokiej jakości japońskiej porcelany. Jej klasyczny, szeroki kształt i staranne wykończenie zapewniają komfortowe ubijanie matchy oraz estetyczne podanie. Dzięki pojemności 400 ml, naczynie sprawdzi się zarówno do codziennego użytku, jak i podczas bardziej uroczystych momentów. Czarka jest w pełni odporna na działanie mikrofalówki i zmywarki, co czyni ją praktycznym dodatkiem do współczesnej kuchni.;1;http://localhost/images/product_images/czarkadomatchytaiki/img_0.jpg, http://localhost/images/product_images/czarkadomatchytaiki/img_1.jpg;1
;1;CZARKA ZIELONA ŻELIWNA;Akcesoria,Akcesoria do matchy;38.9;1;49;Tradycyjna czarka do herbaty Matcha - 120ml;;1;http://localhost/images/product_images/czarkazielonaeliwna/img_0.jpg;1
;1;MIOTEŁKA CHASEN;Akcesoria,Akcesoria do matchy;74.9;1;36;Bambusowy pędzelek przeznaczony do przygotowywania herbaty Matcha.;;1;http://localhost/images/product_images/miotekachasen/img_0.jpg;1
;1;ŁYŻECZKA CHASHAKU;Akcesoria,Akcesoria do matchy;18.9;1;76;Bambusowa łyżeczka przeznaczona do przygotowywania herbaty Matcha - 18cm.;;1;http://localhost/images/product_images/yeczkachashaku/img_0.jpg;1
;1;FILTR PAPIEROWY M;Akcesoria,Filtry do herbaty;16.9;1;41;Filtry papierowe do herbaty op. 100 szt.;- opakowanie 100szt papierowych filtrów;1;http://localhost/images/product_images/filtrpapierowym/img_0.jpg;1
;1;FILTR SASZETKA MY TEABAG 100 SZT;Akcesoria,Filtry do herbaty;53.9;1;6;Filtry papierowe do herbaty ze sznureczkiem (do małego dzbanka).;- filtry papierowe ze sznureczkiem do samodzielnego wykonania herbaty ekspresowej.;1;http://localhost/images/product_images/filtrsaszetkamyteabag100szt/img_0.jpg;1
;1;FILTRY PAPIEROWE XS;Akcesoria,Filtry do herbaty;14.9;1;67;Filtry papierowe do herbaty op. 100 szt.;- opakowanie 100szt papierowych filtrów;1;http://localhost/images/product_images/filtrypapierowexs/img_0.jpg;1
;1;PODGRZEWACZ BLACK;Akcesoria,Podgrzewacze;56.9;1;71;Podgrzewacz do herbaty metalowy: średnica 17cm.;;1;http://localhost/images/product_images/podgrzewaczblack/img_0.jpg;1
;1;PODGRZEWACZ CHROM;Akcesoria,Podgrzewacze;52.9;1;54;Podgrzewacz do herbaty metalowy: średnica 17cm.;;1;http://localhost/images/product_images/podgrzewaczchrom/img_0.jpg;1
;1;PODGRZEWACZ KON SZKLANY;Akcesoria,Podgrzewacze;71.9;1;40;Szklany podgrzewacz.;- podgrzewacz szklany z metalowym stojakiem, średnica 15 cm;1;http://localhost/images/product_images/podgrzewaczkonszklany/img_0.jpg;1
;1;CZERWONY METALOWY KOSZYK W SKRZATY;Akcesoria,Przechowywanie;27.9;1;28;Koszyk metalowy Skrzaty;Przeznaczenie: osłonka na gwiazdę betlejemską, osłona na cyprys, metalowy koszyk do pakowania prezentów bożonarodzeniowych, osłonki na stroiki świąteczne, pudełko metalowe na prezent z motywem świątecznym.  Wymiary koszyka:;1;http://localhost/images/product_images/czerwonymetalowykoszykwskrzaty/img_0.jpg;1
;1;EKOSPINKA;Akcesoria,Przechowywanie,Dodatki do prezentów;1.12;1;95;Drewniana spinka. 1 sztuka w opakowaniu.;Drewniana spinka do zamykania opakowań z herbatą.;1;http://localhost/images/product_images/ekospinka/img_0.jpg, http://localhost/images/product_images/ekospinka/img_1.jpg, http://localhost/images/product_images/ekospinka/img_2.jpg, http://localhost/images/product_images/ekospinka/img_3.jpg, http://localhost/images/product_images/ekospinka/img_4.jpg;1
;1;PUSZKA BIAŁY KOLIBER;Akcesoria,Przechowywanie;25.9;1;60;Pojemnik na herbatę 100g.;- pojemnik metalowy na herbatę o wymiarach 10cm/7cm/7cm;1;http://localhost/images/product_images/puszkabiaykoliber/img_0.jpg;1
;1;PUSZKA CZARNA SEASONS GREETINGS;Strona główna,Akcesoria,Przechowywanie;36.9;1;93;Puszka okrągła 180g świąteczna;Puszka na kawę lub herbatę sypaną z bezpiecznym zamknięciem na stalowy klips. Dodatkowa uszczelka zapobiegają przedostawaniu się powietrza do wnętrza i pozwalają chronić smak i zapach przechowywanych produktów.;1;http://localhost/images/product_images/puszkaczarnaseasonsgreetings/img_0.jpg;1
;1;PUSZKA CZERWONA SEASONS GREETINGS;Akcesoria,Przechowywanie;36.9;1;78;Puszka okrągła 180g świąteczna;Puszka na kawę lub herbatę sypaną z bezpiecznym zamknięciem na stalowy klips. Dodatkowa uszczelka zapobiegają przedostawaniu się powietrza do wnętrza i pozwalają chronić smak i zapach przechowywanych produktów.;1;http://localhost/images/product_images/puszkaczerwonaseasonsgreetings/img_0.jpg;1
;1;PUSZKA FIRMOWA 150G;Akcesoria,Przechowywanie;22.9;1;39;Pojemnik na herbatę 150g;- pojemnik metalowy na herbatę o wymiarach 11,5 cm/8 cm/8 cm;1;http://localhost/images/product_images/puszkafirmowa150g/img_0.jpg;1
;1;PUSZKA HERBAL RETRO;Akcesoria,Przechowywanie;34.9;1;63;Pojemnik na herbatę 100g.;Małe puszki Retro: - Puszki emaliowane w stylu retro - Ciekawe wzornictwo w stylu vintage - Wzory na bokach dodatkowo tłoczone - Specjalne, matowe wykończenie - Wielkość: 7,5 x 7,5 x 9,5 cm - Pojemność: puszki można napełniać ok. 100 g herbaty sypanej - Kraj pochodzenia: Niemcy;1;http://localhost/images/product_images/puszkaherbalretro/img_0.jpg;1
;1;PUSZKA KOCI ŚWIAT;Akcesoria,Przechowywanie;20.9;1;48;Pojemnik na herbatę 100g.;Cechy produktu:;1;http://localhost/images/product_images/puszkakociwiat/img_0.jpg;1
;1;PUSZKA LE CHAT NOIR;Akcesoria,Przechowywanie;25.9;1;88;Pojemnik na herbatę 100g.;- pojemnik metalowy na herbatę o wymiarach 10cm/7cm/7cm;1;http://localhost/images/product_images/puszkalechatnoir/img_0.jpg;1
;1;PUSZKA POPPY ŻÓŁTA;Akcesoria,Przechowywanie;34.9;1;82;Pojemnik na herbatę 100g.;- pojemnik metalowy na herbatę o wymiarach 10cm/7cm/7cm;1;http://localhost/images/product_images/puszkapoppyta/img_0.jpg;1
;1;ZIELONY METALOWY KOSZYK Z MIKOŁAJEM;Akcesoria,Przechowywanie;27.9;1;34;Koszyk metalowy Mikołaj;Przeznaczenie: osłonka na gwiazdę betlejemską, osłona na cyprys, metalowy koszyk do pakowania prezentów bożonarodzeniowych, osłonki na stroiki świąteczne, pudełko metalowe na prezent z motywem świątecznym.  Wymiary koszyka:;1;http://localhost/images/product_images/zielonymetalowykoszykzmikoajem/img_0.jpg;1
;1;TEA FOR ONE BLUE LITTLE;Akcesoria,Tea for one;107.9;1;92;Ceramiczny zestaw: dzbanek 400ml i filiżanka 220ml.;;1;http://localhost/images/product_images/teaforonebluelittle/img_0.jpg;1
;1;TEA FOR ONE FLOWERS;Akcesoria,Tea for one;109.9;1;86;Zestaw dzbanek z filiżanką.;- porcelana;1;http://localhost/images/product_images/teaforoneflowers/img_0.jpg;1
;1;TEA FOR ONE POCAŁUNEK;Akcesoria,Tea for one;166.9;1;20;Zestaw dzbanek z filiżanką.;- porcelana;1;http://localhost/images/product_images/teaforonepocaunek/img_0.jpg;1
;1;TERMOMETR METALOWY;Akcesoria,Zaparzacze;16.9;1;92;Precyzyjny pomiar temperatury wody.;Termometr metalowy w osłonce. Z termometrem masz pewność, że parzysz swoją herbatę w odpowiedniej temperaturze.;1;http://localhost/images/product_images/termometrmetalowy/img_0.jpg, http://localhost/images/product_images/termometrmetalowy/img_1.jpg, http://localhost/images/product_images/termometrmetalowy/img_2.jpg;1
;1;ZAPARZACZ GREEN;Akcesoria,Zaparzacze;38.9;1;51;Stalowy zaparzacz z silikonowym uchwytem.;Cechy produktu:;1;http://localhost/images/product_images/zaparzaczgreen/img_0.jpg;1
;1;ZAPARZACZ KULKA L;Akcesoria,Zaparzacze;18.9;1;75;Stalowy zaparzacz kulka o średnicy 6,5cm.;;1;http://localhost/images/product_images/zaparzaczkulkal/img_0.jpg;1
;1;ZAPARZACZ PLASTIKOWY L;Akcesoria,Zaparzacze;46.9;1;62;Zaparzacz plastikowy z pokrywką, rozmiar pasujący także do dzbanka.;Cechy produktu:;1;http://localhost/images/product_images/zaparzaczplastikowyl/img_0.jpg;1
;1;ZAPARZACZ PLASTIKOWY M;Akcesoria,Zaparzacze;41.9;1;98;Zaparzacz plastikowy z pokrywką, pasujący do kubka.;Cechy produktu:;1;http://localhost/images/product_images/zaparzaczplastikowym/img_0.jpg;1
;1;ZAPARZACZ RED;Akcesoria,Zaparzacze;38.9;1;23;Stalowy zaparzacz z silikonowym uchwytem.;Cechy produktu:;1;http://localhost/images/product_images/zaparzaczred/img_0.jpg;1
;1;ZAPARZACZ SITKO;Akcesoria,Zaparzacze;11.9;1;95;Zaparzacz sitko metalowe z uchwytem o średnicy 8,5cm.;;1;http://localhost/images/product_images/zaparzaczsitko/img_0.jpg;1
;1;ZAPARZACZ SKŁADANY;Akcesoria,Zaparzacze;34.9;1;9;Stalowy zaparzacz sitko ze składanymi rączkami.;Cechy produktu:;1;http://localhost/images/product_images/zaparzaczskadany/img_0.jpg;1
;1;ZAPARZACZ STALOWY;Akcesoria,Zaparzacze;28.9;1;1;Stalowy zaparzacz sitko z uchwytami.;Cechy produktu:;1;http://localhost/images/product_images/zaparzaczstalowy/img_0.jpg;1
;1;ZAPARZACZ STALOWY I;Akcesoria,Zaparzacze;34.9;1;76;Stalowy zaparzacz z uchwytem i przykrywką.;Cechy produktu:;1;http://localhost/images/product_images/zaparzaczstalowyi/img_0.jpg;1
;1;ZAPARZACZ STALOWY Z RĄCZKĄ;Akcesoria,Zaparzacze;30.9;1;65;Zaparzacz stalowy z rączką;Cechy produktu:;1;http://localhost/images/product_images/zaparzaczstalowyzrczk/img_0.jpg;1
;1;ZAPARZACZ SZCZYPCE L;Akcesoria,Zaparzacze;21.9;1;56;Zaparzacz do herbaty typu kleszcze.;Cechy produktu:;1;http://localhost/images/product_images/zaparzaczszczypcel/img_0.jpg;1
;1;ZAPARZACZ SZCZYPCE M;Akcesoria,Zaparzacze;13.9;1;97;Stalowy zaparzacz do herbaty typu kleszcze.;Cechy produktu:;1;http://localhost/images/product_images/zaparzaczszczypcem/img_0.jpg;1
;1;ZAPARZACZ SZCZYPCE S;Akcesoria,Zaparzacze;13.9;1;52;Stalowy zaparzacz do herbaty typu kleszcze.;Cechy produktu:;1;http://localhost/images/product_images/zaparzaczszczypces/img_0.jpg;1
;1;ZAPARZACZ SZCZYPCE XS;Akcesoria,Zaparzacze;14.9;1;57;Stalowy zaparzacz do herbaty typu kleszcze 4,5 cm;Cechy produktu:;1;http://localhost/images/product_images/zaparzaczszczypcexs/img_0.jpg;1
;1;ZAPARZACZ YELLOW;Akcesoria,Zaparzacze;38.9;1;69;Stalowy zaparzacz z silikonowym uchwytem.;Cechy produktu:;1;http://localhost/images/product_images/zaparzaczyellow/img_0.jpg;1
;1;BUTELKA FLOW TEA CHERRY BLOSSOM;Akcesoria,Butelki;181.9;1;60;Butelka z podwójną ścianką 350ml;Butelka z podwójną ścianką z serii Flow Tea Cherry Blossom wykonana jest z wysokiej jakości szkła boro-krzemowego. Posiada wyjmowany, stalowy zaparzacz oraz stalową zakrętkę z uchwytem. Dzięki podwójnym ściankom napój utrzymuje swoją odpowiednią temperaturę przez dłuższy czas. W zestawie znajduje się neoprenowy pokrowiec. Produkt pakowany jest w eleganckie pudełko prezentowe. Pojemność 350-400 ml. Zalecane mycie ręczne. Nie należy używać w mikrofalówkach.;1;http://localhost/images/product_images/butelkaflowteacherryblossom/img_0.jpg, http://localhost/images/product_images/butelkaflowteacherryblossom/img_1.jpg, http://localhost/images/product_images/butelkaflowteacherryblossom/img_2.jpg;1
;1;ŚWIECA SOJOWA BASIC CZARNA HERBATA;Cyber Monday,Świece Teaverso Home;69.9;1;59;Świeca sojowa Basic 100g czarna herbata;Świece z kolekcji TEAVERSO Home zamknięte są w designerskie szklane pojemniki, które wytwarzane są w polskiej hucie szkła. Pokrywkę stanowi drewniane lub korkowe wieczko, a całość dopełnia przyjemnie skwierczący w trakcie palenia drewniany knot lub naturalna wersja wytworzona z bawełny organicznej. Dzięki prostej, ale ciekawej formie świece te stanowią niebanalny dodatek do domu, który szczególnie przypada do gustu fankom i fanom minimalizmu i życia w rytmie slow.;1;http://localhost/images/product_images/wiecasojowabasicczarnaherbata/img_0.jpg, http://localhost/images/product_images/wiecasojowabasicczarnaherbata/img_1.jpg, http://localhost/images/product_images/wiecasojowabasicczarnaherbata/img_2.jpg;1
;1;ŚWIECA SOJOWA BASIC EARL GREY;Cyber Monday,Świece Teaverso Home;69.9;1;19;Świeca sojowa Basic 100g Earl Grey;Świece z kolekcji TEAVERSO Home zamknięte są w designerskie szklane pojemniki, które wytwarzane są w polskiej hucie szkła. Pokrywkę stanowi drewniane lub korkowe wieczko, a całość dopełnia przyjemnie skwierczący w trakcie palenia drewniany knot lub naturalna wersja wytworzona z bawełny organicznej. Dzięki prostej, ale ciekawej formie świece te stanowią niebanalny dodatek do domu, który szczególnie przypada do gustu fankom i fanom minimalizmu i życia w rytmie slow.;1;http://localhost/images/product_images/wiecasojowabasicearlgrey/img_0.jpg, http://localhost/images/product_images/wiecasojowabasicearlgrey/img_1.jpg, http://localhost/images/product_images/wiecasojowabasicearlgrey/img_2.jpg;1
;1;ŚWIECA SOJOWA BASIC ZIELONA HERBATA;Cyber Monday,Świece Teaverso Home;69.9;1;85;Świeca sojowa Basic 100g zielona herbata;Świece z kolekcji TEAVERSO Home zamknięte są w designerskie szklane pojemniki, które wytwarzane są w polskiej hucie szkła. Pokrywkę stanowi drewniane lub korkowe wieczko, a całość dopełnia przyjemnie skwierczący w trakcie palenia drewniany knot lub naturalna wersja wytworzona z bawełny organicznej. Dzięki prostej, ale ciekawej formie świece te stanowią niebanalny dodatek do domu, który szczególnie przypada do gustu fankom i fanom minimalizmu i życia w rytmie slow.;1;http://localhost/images/product_images/wiecasojowabasiczielonaherbata/img_0.jpg, http://localhost/images/product_images/wiecasojowabasiczielonaherbata/img_1.jpg, http://localhost/images/product_images/wiecasojowabasiczielonaherbata/img_2.jpg;1
;1;ŚWIECA SOJOWA THALIA CZARNA HERBATA;Cyber Monday,Świece Teaverso Home;79.9;1;73;Świeca sojowa Thalia 170g czarna herbata;Świece z kolekcji TEAVERSO Home zamknięte są w designerskie szklane pojemniki, które wytwarzane są w polskiej hucie szkła. Pokrywkę stanowi drewniane lub korkowe wieczko, a całość dopełnia przyjemnie skwierczący w trakcie palenia drewniany knot lub naturalna wersja wytworzona z bawełny organicznej.;1;http://localhost/images/product_images/wiecasojowathaliaczarnaherbata/img_0.jpg, http://localhost/images/product_images/wiecasojowathaliaczarnaherbata/img_1.jpg, http://localhost/images/product_images/wiecasojowathaliaczarnaherbata/img_2.jpg;1
;1;ŚWIECA SOJOWA THALIA EARL GREY;Cyber Monday,Świece Teaverso Home;79.9;1;21;Świeca sojowa Thalia 170g earl grey;Świece z kolekcji TEAVERSO Home zamknięte są w designerskie szklane pojemniki, które wytwarzane są w polskiej hucie szkła. Pokrywkę stanowi drewniane lub korkowe wieczko, a całość dopełnia przyjemnie skwierczący w trakcie palenia drewniany knot lub naturalna wersja wytworzona z bawełny organicznej.;1;http://localhost/images/product_images/wiecasojowathaliaearlgrey/img_0.jpg, http://localhost/images/product_images/wiecasojowathaliaearlgrey/img_1.jpg, http://localhost/images/product_images/wiecasojowathaliaearlgrey/img_2.jpg;1
;1;ŚWIECA SOJOWA THALIA ZIELONA HERBATA;Cyber Monday,Świece Teaverso Home;79.9;1;21;Świeca sojowa Thalia 170g zielona herbata;Świece z kolekcji TEAVERSO Home zamknięte są w designerskie szklane pojemniki, które wytwarzane są w polskiej hucie szkła. Pokrywkę stanowi drewniane lub korkowe wieczko, a całość dopełnia przyjemnie skwierczący w trakcie palenia drewniany knot lub naturalna wersja wytworzona z bawełny organicznej.;1;http://localhost/images/product_images/wiecasojowathaliazielonaherbata/img_0.jpg, http://localhost/images/product_images/wiecasojowathaliazielonaherbata/img_1.jpg, http://localhost/images/product_images/wiecasojowathaliazielonaherbata/img_2.jpg;1
;1;SZKLANKI RÓŻOWE UCHO;Akcesoria,Filiżanki,Szklanki;39.9;1;63;Szklanki różowe ucho 2x400ml;Zestaw dwóch szklanek Vialli Design to doskonałe połączenie praktyczności i nowoczesnego stylu. Szklanki wprowadzają kolor do kuchni dzięki żywym uchom, dostępnym w pięciu modnych odcieniach, w tym w radosnym różowym.;1;http://localhost/images/product_images/szklankiroweucho/img_0.jpg, http://localhost/images/product_images/szklankiroweucho/img_1.jpg, http://localhost/images/product_images/szklankiroweucho/img_2.jpg;1
;1;SZKLANKI TULIP RÓŻOWE UCHO;Akcesoria,Filiżanki,Szklanki;39.9;1;68;Szklanki różowe ucho 2x350ml;Zestaw dwóch szklanek Vialli Design to doskonałe połączenie praktyczności i nowoczesnego stylu. Szklanki z kolekcji Tulip wprowadzają kolor do kuchni dzięki żywym uchom, dostępnym w pięciu modnych odcieniach, w tym w radosnym różowym.;1;http://localhost/images/product_images/szklankituliproweucho/img_0.jpg, http://localhost/images/product_images/szklankituliproweucho/img_1.jpg, http://localhost/images/product_images/szklankituliproweucho/img_2.jpg;1
;1;SZKLANKI TULIP ŻÓŁTE UCHO;Akcesoria,Filiżanki,Szklanki;39.9;1;60;Szklanki żółte ucho 2x350ml;Zestaw dwóch szklanek Vialli Design to doskonałe połączenie praktyczności i nowoczesnego stylu. Szklanki z kolekcji Tulip wprowadzają kolor do kuchni dzięki żywym uchom, dostępnym w pięciu modnych odcieniach, w tym w radosnym żółtym.;1;http://localhost/images/product_images/szklankitulipteucho/img_0.jpg, http://localhost/images/product_images/szklankitulipteucho/img_1.jpg, http://localhost/images/product_images/szklankitulipteucho/img_2.jpg;1
;1;SZKLANKI ŻÓŁTE UCHO;Akcesoria,Filiżanki,Szklanki;39.9;1;34;Szklanki żółte ucho 2x400ml;Zestaw dwóch szklanek Vialli Design to doskonałe połączenie praktyczności i nowoczesnego stylu. Szklanki wprowadzają kolor do kuchni dzięki żywym uchom, dostępnym w pięciu modnych odcieniach, w tym w radosnym żółtym.;1;http://localhost/images/product_images/szklankiteucho/img_0.jpg, http://localhost/images/product_images/szklankiteucho/img_1.jpg, http://localhost/images/product_images/szklankiteucho/img_2.jpg;1
;1;KUBEK BLACK ROSE;Kubki,Kubki z zaparzaczem;48.9;1;96;Kubek z zaparzaczem i przykrywką Black Rose 420ml;;1;http://localhost/images/product_images/kubekblackrose/img_0.jpg, http://localhost/images/product_images/kubekblackrose/img_1.jpg;1
;1;KUBEK BLUE BUTTERFLY;Kubki,Kubki z zaparzaczem;50.9;1;87;Kubek ceramiczny z sitkiem i pokrywką 300ml.;;1;http://localhost/images/product_images/kubekbluebutterfly/img_0.jpg;1
;1;KUBEK BLUE FLOWERS;Kubki,Kubki z zaparzaczem;50.9;1;44;Kubek ceramiczny z sitkiem i pokrywką 300ml.;;1;http://localhost/images/product_images/kubekblueflowers/img_0.jpg;1
;1;KUBEK BLUE LINES;Kubki,Kubki z zaparzaczem;50.9;1;26;Kubek ceramiczny z sitkiem i pokrywką 300ml.;;1;http://localhost/images/product_images/kubekbluelines/img_0.jpg;1
;1;KUBEK BLUE LITTLE;Kubki,Kubki z zaparzaczem;50.9;1;34;Kubek ceramiczny z sitkiem i pokrywką 300ml.;;1;http://localhost/images/product_images/kubekbluelittle/img_0.jpg;1
;1;KUBEK POCAŁUNEK KLIMT Z ZAPARZACZEM;Kubki,Kubki z zaparzaczem;78.9;1;31;Kubek Klimt z sitkiem 250ml;Elegancki kubek, przedstawiający twórczość znanego malarza Gustava Klimta. Jego wysoka jakość pozwala na długie użytkowanie, a opakowanie sprawia, że kubek ładnie się prezentuje.;1;http://localhost/images/product_images/kubekpocaunekklimtzzaparzaczem/img_0.jpg, http://localhost/images/product_images/kubekpocaunekklimtzzaparzaczem/img_1.jpg;1
;1;KUBEK PTAKI POLSKI DUDEK;Kubki,Kubki z zaparzaczem;54.9;1;56;Kubek z filtrem Dudek 380ml Ptaki;Zestaw kubek z zaparzaczem i pokrywką z serii Ptaki Polski by Agata Hajdecka. Wykonany z najwyższej jakości porcelany tzw. porcelany kostnej. Cudny kubeczek ozdobiony motywem Dudka Zwyczajnego na białym tle. Kubek zapakowany jest w ozdobne, kolorowe pudełko, co może być doskonałym pomysłem na niebanalny prezent urodzinowy, a także podarunek dla szefa czy nauczyciela, również jako podziękowanie.;1;http://localhost/images/product_images/kubekptakipolskidudek/img_0.jpg, http://localhost/images/product_images/kubekptakipolskidudek/img_1.jpg;1
;1;KUBEK PTAKI POLSKI GIL;Kubki,Kubki z zaparzaczem;54.9;1;53;Kubek z filtrem Gil 380ml Ptaki;Zestaw kubek z zaparzaczem i pokrywką z serii Ptaki Polski by Agata Hajdecka. Wykonany z najwyższej jakości porcelany tzw. porcelany kostnej. Cudny kubeczek ozdobiony motywem Gila Zwyczajnego na białym tle. Kubek zapakowany jest w ozdobne, kolorowe pudełko, co może być doskonałym pomysłem na niebanalny prezent urodzinowy, a także podarunek dla szefa czy nauczyciela, również jako podziękowanie.;1;http://localhost/images/product_images/kubekptakipolskigil/img_0.jpg, http://localhost/images/product_images/kubekptakipolskigil/img_1.jpg;1
;1;KUBEK PTAKI POLSKI SIKORA;Kubki,Kubki z zaparzaczem;54.9;1;28;Kubek z filtrem Sikora 380ml Ptaki;Zestaw kubek z zaparzaczem i pokrywką z serii Ptaki Polski by Agata Hajdecka. Wykonany z najwyższej jakości porcelany tzw. porcelany kostnej. Cudny kubeczek ozdobiony motywem Sikorki Modraszki na białym tle. Kubek zapakowany jest w ozdobne, kolorowe pudełko, co może być doskonałym pomysłem na niebanalny prezent urodzinowy, a także podarunek dla szefa czy nauczyciela, również jako podziękowanie.;1;http://localhost/images/product_images/kubekptakipolskisikora/img_0.jpg, http://localhost/images/product_images/kubekptakipolskisikora/img_1.jpg;1
;1;KUBEK PTAKI POLSKI ZIMORODEK;Kubki,Kubki z zaparzaczem;54.9;1;69;Kubek z filtrem Zimorodek 380ml Ptaki;Zestaw kubek z zaparzaczem i pokrywką z serii Ptaki Polski by Agata Hajdecka. Wykonany z najwyższej jakości porcelany tzw. porcelany kostnej. Cudny kubeczek ozdobiony motywem Zimorodka Zwyczajnego na białym tle. Kubek zapakowany jest w ozdobne, kolorowe pudełko, co może być doskonałym pomysłem na niebanalny prezent urodzinowy, a także podarunek dla szefa czy nauczyciela, również jako podziękowanie.;1;http://localhost/images/product_images/kubekptakipolskizimorodek/img_0.jpg, http://localhost/images/product_images/kubekptakipolskizimorodek/img_1.jpg;1
;1;KUBEK ZEN Z ZAPARZACZEM;Akcesoria,Kubki,Kubki z zaparzaczem;109.9;1;88;Kubek Zen 380ml z zaparzaczem;Poznaj wyjątkowy kubek porcelanowy z zaparzaczem i pokrywką, który zamieni każdy moment parzenia herbaty w prawdziwy rytuał. Klasyczna forma z finezyjnym, zawijanym uchwytem i pokrywką z dekoracyjnym uchwytem przyciąga wzrok i dodaje kubkowi szlachetnego charakteru. W zestawie znajduje się porcelanowy zaparzacz z drobnymi perforacjami, dzięki któremu przygotujesz idealną herbatę liściastą – bez fusów i bez konieczności używania dodatkowych akcesoriów. Nadaje się do codziennego użytku i zmywarki.;1;http://localhost/images/product_images/kubekzenzzaparzaczem/img_0.jpg, http://localhost/images/product_images/kubekzenzzaparzaczem/img_1.jpg;1
;1;KAMBUKKA ETNA DEEP TEAL;Kubki,Kubki termiczne;149.9;1;16;Kubek termiczny Kambukka Etna 300ml;KAMBUKKA to belgijska marka premium, która produkuje modne i funkcjonalne rozwiązania do picia.;1;http://localhost/images/product_images/kambukkaetnadeepteal/img_0.jpg, http://localhost/images/product_images/kambukkaetnadeepteal/img_1.jpg;1
;1;KAMBUKKA ETNA GRANATOWY;Kubki,Kubki termiczne;179.9;1;96;Kubek termiczny Kambukka Etna 500ml;KAMBUKKA to belgijska marka premium, która produkuje modne i funkcjonalne rozwiązania do picia.;1;http://localhost/images/product_images/kambukkaetnagranatowy/img_0.jpg, http://localhost/images/product_images/kambukkaetnagranatowy/img_1.jpg;1
;1;KAMBUKKA ETNA LEOPARD BRUSH;Kubki,Kubki termiczne;149.9;1;80;Kubek termiczny Kambukka Etna 300ml;KAMBUKKA to belgijska marka premium, która produkuje modne i funkcjonalne rozwiązania do picia.;1;http://localhost/images/product_images/kambukkaetnaleopardbrush/img_0.jpg, http://localhost/images/product_images/kambukkaetnaleopardbrush/img_1.jpg;1
;1;KAMBUKKA ETNA PITCH BLACK;Kubki,Kubki termiczne;149.9;1;1;Kubek termiczny Kambukka Etna 300ml;KAMBUKKA to belgijska marka premium, która produkuje modne i funkcjonalne rozwiązania do picia.;1;http://localhost/images/product_images/kambukkaetnapitchblack/img_0.jpg, http://localhost/images/product_images/kambukkaetnapitchblack/img_1.jpg;1
;1;KOMPLET KUBKÓW NA STOJAKU;Kubki,Pozostałe;89.9;1;59;Komplet kubków 4x370ml;Komplet 4 porcelanowych kubków z kotkami na stojaku – COTTELLO, Affekdesign by MONDEX  Zakochaj się w uroku porcelany z kocim charakterem! Zestaw COTTELLO to połączenie elegancji, funkcjonalności i odrobiny codziennej radości. Cztery stylowe kubki z motywem kotków wprowadzą do Twojej kuchni przytulną atmosferę i sprawią, że każda kawa czy herbata stanie się jeszcze przyjemniejsza.  ✅ Pojemność 370 ml – idealna na poranną kawę, aromatyczną herbatę lub ulubione napoje. ✅ Wysokiej jakości porcelana – trwała, elegancka i łatwa w utrzymaniu czystości. ✅ Zmywarka i mikrofala? Oczywiście! ✅ Praktyczny metalowy stojak – porządek i styl w jednym.  Specyfikacja produktu:;1;http://localhost/images/product_images/kompletkubkwnastojaku/img_0.jpg, http://localhost/images/product_images/kompletkubkwnastojaku/img_1.jpg, http://localhost/images/product_images/kompletkubkwnastojaku/img_2.jpg;1
;1;KUBEK ADELE KLIMT;Kubki,Pozostałe;49.9;1;78;Kubek Camio Adele Klimt 400ml.;Elegancki kubek, przedstawiający twórczość znanego malarza Gustava Klimta. Jego wysoka jakość pozwala na długie użytkowanie, a opakowanie sprawia, że kubek ładnie się prezentuje.;1;http://localhost/images/product_images/kubekadeleklimt/img_0.jpg, http://localhost/images/product_images/kubekadeleklimt/img_1.jpg, http://localhost/images/product_images/kubekadeleklimt/img_2.jpg;1
;1;KUBEK AWESOME RETRO;Kubki,Promocje,Prezenty dla mężczyzny,Aktualne promocje,Pozostałe;27.45;1;96;Kubek ceramiczny 340ml;Kubek ceramiczny o wymiarach 8,5cm średnica i 9cm wysokość, pojemność 340ml. Nadruk wykonany na całej powierzchni. Doczepiona stylowa ulotka informacyjna. Na produktach pojawiają się różne motywy tematyczne, każdy z nich ma inne znaczenie lub jest historią znanej światowej marki. Znajdź swój ulubiony motyw w naszych produktach i zgromadź cała kolekcję. Pamiętaj również o swoich znajomych, nasze produkty zawsze mogą być udanym prezentem dla kogoś bliskiego.;1;http://localhost/images/product_images/kubekawesomeretro/img_0.jpg, http://localhost/images/product_images/kubekawesomeretro/img_1.jpg;1
;1;KUBEK BIAŁY MENJE;Kubki,Pozostałe;80.9;1;94;Kubek biały 450ml;Kubek biały 450 ml;1;http://localhost/images/product_images/kubekbiaymenje/img_0.jpg;1
;1;KUBEK BMW CLASSIC RETRO;Kubki,Pozostałe;49.9;1;97;Kubek ceramiczny Nostalgic Art 330ml.;Kubki ceramiczne Retro: - Ceramiczne kubki w stylu retro o atrakcyjnym, przyciągającym uwagę wzornictwie - Przedmiot kolekcjonerski, idealny na prezent dla przyjaciół, rodziny lub znajomych - Wysoka jakość nadruku na zewnętrznej stronie, kolorowe wnętrza kubków - Wygodny uchwyt - Nadają się do mycia w zmywarce - Dołączona karteczka z opisem produktu, możliwość wpisania imienia - Wielkość: wysokość: 9 cm, średnica: 8,5 cm - Pojemność: ok. 0,33 litra - Kraj pochodzenia: Niemcy;1;http://localhost/images/product_images/kubekbmwclassicretro/img_0.jpg;1
;1;KUBEK CAMIO ADELE KLIMT;Kubki,Pozostałe;49.9;1;59;Kubek Camio Adele Klimt;wysokość kubka : 10cm;1;http://localhost/images/product_images/kubekcamioadeleklimt/img_0.jpg;1
;1;KUBEK CARMANI - ADELE;Kubki,Pozostałe;39.9;1;15;Kubek marki Carmani z motywem obrazu G. Klimta 300ml.;;1;http://localhost/images/product_images/kubekcarmani-adele/img_0.jpg;1
;1;KUBEK CARMANI - FAMILY;Kubki,Pozostałe;39.9;1;61;Kubek marki Carmani z motywem obrazu G. Klimta 300ml.;;1;http://localhost/images/product_images/kubekcarmani-family/img_0.jpg;1
;1;KUBEK CARMANI - JUDITH;Kubki,Pozostałe;39.9;1;92;Kubek marki Carmani z motywem obrazu G. Klimta 300ml.;Podstawowa specyfikacja:;1;http://localhost/images/product_images/kubekcarmani-judith/img_0.jpg;1
;1;KUBEK CZARNY MENJE;Kubki,Pozostałe;80.9;1;70;Kubek czarny 450ml;Kubek czarny 450 ml;1;http://localhost/images/product_images/kubekczarnymenje/img_0.jpg;1
;1;KUBEK EMALIOWANY BLACK TEA RETRO;Kubki,Wyprzedaż,Cyber Monday,Aktualne promocje,Pozostałe;28.45;1;33;Kubek emaliowany Black Tea retro 360ml;Stalowy Kubek Nostalgic-Art ma solidną emaliowaną powierzchnię, wytrzymałą na pękanie i oferującą doskonałą podstawę dla naszych wspaniałych projektów. Powłoka emaliowana zapewnia łatwe czyszczenie i mycie. Ponadto materiał jest ekonomiczny z uwagi na długowieczność. Dzięki lekkiemu i mocnemu materiałowi nasze kubki doskonale nadają się do kuchni oraz do ogrodu lub piknikowe wyprawy.;1;http://localhost/images/product_images/kubekemaliowanyblacktearetro/img_0.jpg;1
;1;KUBEK FRENCH BULDOG;Akcesoria,Pozostałe;41.9;1;41;Kubek French Buldog 350ml Psy;Kubek biały z szaro-czarnym nadrukiem. Wykonany z najwyższej jakości porcelany new bone china. Zapakowany w ozdobne pudełko. Nie nadaje się do zmywarki i mikrofalówki.;1;http://localhost/images/product_images/kubekfrenchbuldog/img_0.jpg, http://localhost/images/product_images/kubekfrenchbuldog/img_1.jpg;1
;1;KUBEK KLIMT CLASSIC POCAŁUNEK;Kubki,Pozostałe;41.9;1;87;Kubek Klimt Classic Pocałunek 350ml;Elegancki kubek, przedstawiający twórczość znanego malarza Gustava Klimta. Jego wysoka jakość pozwala na długie użytkowanie, a opakowanie sprawia, że kubek ładnie się prezentuje.;1;http://localhost/images/product_images/kubekklimtclassicpocaunek/img_0.jpg, http://localhost/images/product_images/kubekklimtclassicpocaunek/img_1.jpg;1
;1;KUBEK KRESKI GRAPHIC TOGNANA;Kubki,Wyprzedaż,Promocje,Cyber Monday,Pozostałe;29.9;1;87;Kubek 320ml kreski graphic Tognana;Kubek z włoskiej kolekcji Tognana o pojemnosci 320ml, stylowa porcelana z kolekcji Graphic, nadaje się do mycia w zmywarce.;1;http://localhost/images/product_images/kubekkreskigraphictognana/img_0.jpg;1
;1;KUBEK LABRADOR;Pozostałe;41.9;1;21;Kubek Labrador 350ml Psy;Kubek biały z szaro-czarnym nadrukiem. Wykonany z najwyższej jakości porcelany new bone china. Zapakowany w ozdobne pudełko. Nie nadaje się do zmywarki i mikrofalówki.;1;http://localhost/images/product_images/kubeklabrador/img_0.jpg, http://localhost/images/product_images/kubeklabrador/img_1.jpg;1
;1;KUBEK PTAKI POLSKI BOCIAN BIAŁY;Kubki,Pozostałe;49.9;1;10;Kubek Bocian Biały 300ml Ptaki;Uroczy, klasyczny biały kubek z lekko zaokrąglonym dołem z serii PTAKI POLSKI firmy MARCO POLO. Wykonany z najwyższej jakości porcelany tzw. porcelany kostnej. Pojemność kubka 300ml. Cudny kubeczek ozdobiony Bocianem Białym na białym tle. Kubek zapakowany jest w ozdobne, kolorowe pudełko, co może być doskonałym pomysłem na niebanalny prezent urodzinowy, a także podarunek dla szefa czy nauczyciela, również jako podziękowanie.;1;http://localhost/images/product_images/kubekptakipolskibocianbiay/img_0.jpg, http://localhost/images/product_images/kubekptakipolskibocianbiay/img_1.jpg;1
;1;KUBEK PTAKI POLSKI DYMÓWKA;Kubki,Pozostałe;49.9;1;67;Kubek 300ml Dymówka Ptaki;Uroczy, klasyczny biały kubek z lekko zaokrąglonym dołem z serii PTAKI POLSKI firmy MARCO POLO. Wykonany z najwyższej jakości porcelany tzw. porcelany kostnej. Pojemność kubka 300ml. Cudny kubeczek ozdobiony DYMÓWKA na białym tle. Kubek zapakowany jest w ozdobne, kolorowe pudełko, co może być doskonałym pomysłem na niebanalny prezent urodzinowy, a także podarunek dla szefa czy nauczyciela, również jako podziękowanie.;1;http://localhost/images/product_images/kubekptakipolskidymwka/img_0.jpg, http://localhost/images/product_images/kubekptakipolskidymwka/img_1.jpg, http://localhost/images/product_images/kubekptakipolskidymwka/img_2.jpg;1
;1;KUBEK PTAKI POLSKI PUSZCZYK;Kubki,Pozostałe;49.9;1;92;Kubek Puszczyk Uralski 300ml Ptaki;Uroczy, klasyczny biały kubek z lekko zaokrąglonym dołem z serii PTAKI POLSKI firmy MARCO POLO. Wykonany z najwyższej jakości porcelany tzw. porcelany kostnej. Pojemność kubka 300ml. Cudny kubeczek ozdobiony PUSZCZYKIEM URALSKIM na białym tle. Kubek zapakowany jest w ozdobne, kolorowe pudełko, co może być doskonałym pomysłem na niebanalny prezent urodzinowy, a także podarunek dla szefa czy nauczyciela, również jako podziękowanie.;1;http://localhost/images/product_images/kubekptakipolskipuszczyk/img_0.jpg, http://localhost/images/product_images/kubekptakipolskipuszczyk/img_1.jpg;1
;1;KUBEK PTAKI POLSKI RUDZIK;Kubki,Pozostałe;49.9;1;71;Kubek Rudzik 300ml Ptaki;Uroczy, klasyczny biały kubek z lekko zaokrąglonym dołem z serii PTAKI POLSKI firmy MARCO POLO. Wykonany z najwyższej jakości porcelany tzw. porcelany kostnej. Pojemność kubka 300ml. Cudny kubeczek ozdobiony RUDZIK na białym tle. Kubek zapakowany jest w ozdobne, kolorowe pudełko, co może być doskonałym pomysłem na niebanalny prezent urodzinowy, a także podarunek dla szefa czy nauczyciela, również jako podziękowanie.;1;http://localhost/images/product_images/kubekptakipolskirudzik/img_0.jpg, http://localhost/images/product_images/kubekptakipolskirudzik/img_1.jpg, http://localhost/images/product_images/kubekptakipolskirudzik/img_2.jpg;1
;1;FILIŻANKA 4 SERCA;Filiżanki;49.52;1;80;Filiżanka ze spodkiem 250ml;Filiżanka ze spodkiem 4 SERCA wchodzący w skład serii SERCA, wykonana z porcelany New Bone China, charakteryzującej się elegancką i naturalną kremowo - białą barwą z delikatnym połyskiem, a także wyjątkową wytrzymałością. Filiżanka zdobiona czterema serduszkami w kolorze złota, soczystej czerwieni, granatu i różu. Całość zapakowana w ozdobne pudełko dekorowane tym samym motywem to doskonały pomysł na niebanalny prezent dla każdej bliskiej nam osoby - nie tylko z okazji Walentynek.;1;http://localhost/images/product_images/filianka4serca/img_0.jpg;1
;1;FILIŻANKA KLIMT JUMBO;Filiżanki;84.9;1;97;Filiżanki z motywem obrazu G. Klimta o pojemności 350ml.;;1;http://localhost/images/product_images/filiankaklimtjumbo/img_0.jpg;1
;1;FILIŻANKA PTAKI POLSKI DUDEK;Akcesoria,Filiżanki;72.9;1;75;Filiżanka z talerzykiem Dudek 280ml Ptaki;Zestaw filiżanki ze spodkiem z serii Ptaki Polski by Agata Hajdecka, wykonany z wysokiej jakości porcelany kostnej - niska waga i idealna biel marki Marco Polo. Komplet zdobiony motywem Dudka Zwyczajnego na białym tle. Zestaw zapakowany jest w ozdobne, kolorowe pudełko, co może być doskonałym pomysłem na niebanalny prezent urodzinowy, a także podarunek dla szefa czy nauczyciela, również jako podziękowanie.;1;http://localhost/images/product_images/filiankaptakipolskidudek/img_0.jpg, http://localhost/images/product_images/filiankaptakipolskidudek/img_1.jpg;1
;1;FILIŻANKA PTAKI POLSKI DZIĘCIOŁ;Filiżanki;72.9;1;65;Filiżanka z tal Dzięcioł 280ml Ptaki;Zestaw filiżanki ze spodkiem z serii Ptaki Polski by Agata Hajdecka, wykonany z wysokiej jakości porcelany kostnej - niska waga i idealna biel marki Marco Polo. Komplet zdobiony motywem Dzięcioła na białym tle. Zestaw zapakowany jest w ozdobne, kolorowe pudełko, co może być doskonałym pomysłem na niebanalny prezent urodzinowy, a także podarunek dla szefa czy nauczyciela, również jako podziękowanie.;1;http://localhost/images/product_images/filiankaptakipolskidzicio/img_0.jpg, http://localhost/images/product_images/filiankaptakipolskidzicio/img_1.jpg;1
;1;FILIŻANKA PTAKI POLSKI GIL;Akcesoria,Filiżanki,Promocja urodzinowa;72.9;1;3;Filiżanka z talerzykiem Gil 280ml Ptaki;Zestaw filiżanki ze spodkiem z serii Ptaki Polski by Agata Hajdecka, wykonany z wysokiej jakości porcelany kostnej - niska waga i idealna biel marki Marco Polo. Komplet zdobiony motywem Gila na białym tle. Zestaw zapakowany jest w ozdobne, kolorowe pudełko, co może być doskonałym pomysłem na niebanalny prezent urodzinowy, a także podarunek dla szefa czy nauczyciela, również jako podziękowanie.;1;http://localhost/images/product_images/filiankaptakipolskigil/img_0.jpg, http://localhost/images/product_images/filiankaptakipolskigil/img_1.jpg;1
;1;FILIŻANKA PTAKI POLSKI KACZKA;Filiżanki;72.9;1;98;Filiżanka z tal Kaczka 280ml Ptaki;Zestaw filiżanki ze spodkiem z serii Ptaki Polski by Agata Hajdecka, wykonany z wysokiej jakości porcelany kostnej - niska waga i idealna biel marki Marco Polo. Komplet zdobiony motywem Kaczki na białym tle. Zestaw zapakowany jest w ozdobne, kolorowe pudełko, co może być doskonałym pomysłem na niebanalny prezent urodzinowy, a także podarunek dla szefa czy nauczyciela, również jako podziękowanie.;1;http://localhost/images/product_images/filiankaptakipolskikaczka/img_0.jpg, http://localhost/images/product_images/filiankaptakipolskikaczka/img_1.jpg;1
;1;FILIŻANKA PTAKI POLSKI PUSZCZYK;Filiżanki;72.9;1;52;Filiżanka z tal Puszczyk 280ml Ptaki;Zestaw filiżanki ze spodkiem z serii Ptaki Polski by Agata Hajdecka, wykonany z wysokiej jakości porcelany kostnej - niska waga i idealna biel marki Marco Polo. Komplet zdobiony motywem Puszczyka na białym tle. Zestaw zapakowany jest w ozdobne, kolorowe pudełko, co może być doskonałym pomysłem na niebanalny prezent urodzinowy, a także podarunek dla szefa czy nauczyciela, również jako podziękowanie.;1;http://localhost/images/product_images/filiankaptakipolskipuszczyk/img_0.jpg, http://localhost/images/product_images/filiankaptakipolskipuszczyk/img_1.jpg;1
;1;FILIŻANKA PTAKI POLSKI SIKORA;Akcesoria,Filiżanki;72.9;1;13;Filiżanka z talerzykiem Sikora 280ml Ptaki;Zestaw filiżanki ze spodkiem z serii Ptaki Polski by Agata Hajdecka, wykonany z wysokiej jakości porcelany kostnej - niska waga i idealna biel marki Marco Polo. Komplet zdobiony motywem Sikorki Modraszki na białym tle. Zestaw zapakowany jest w ozdobne, kolorowe pudełko, co może być doskonałym pomysłem na niebanalny prezent urodzinowy, a także podarunek dla szefa czy nauczyciela, również jako podziękowanie.;1;http://localhost/images/product_images/filiankaptakipolskisikora/img_0.jpg, http://localhost/images/product_images/filiankaptakipolskisikora/img_1.jpg;1
;1;FILIŻANKA PTAKI POLSKI ZIMORODEK;Akcesoria,Filiżanki;72.9;1;47;Filiżanka z talerzykiem Zimorodek 280ml Ptaki;Zestaw filiżanki ze spodkiem z serii Ptaki Polski by Agata Hajdecka, wykonany z wysokiej jakości porcelany kostnej - niska waga i idealna biel marki Marco Polo. Komplet zdobiony motywem Zimorodka Zwyczajnego na białym tle. Zestaw zapakowany jest w ozdobne, kolorowe pudełko, co może być doskonałym pomysłem na niebanalny prezent urodzinowy, a także podarunek dla szefa czy nauczyciela, również jako podziękowanie.;1;http://localhost/images/product_images/filiankaptakipolskizimorodek/img_0.jpg, http://localhost/images/product_images/filiankaptakipolskizimorodek/img_1.jpg;1
;1;FILIŻANKA Z TALERZYKIEM ZEN;Akcesoria,Filiżanki;55.9;1;94;Filiżanka z talerzykiem Zen 200ml;Delikatny, kwiatowy relief ozdabia zarówno filiżankę, jak i spodek, tworząc romantyczną i artystyczną kompozycję. Ośmiokątny spodek oraz geometryczny uchwyt nadają całości unikalny charakter, który przyciąga spojrzenia. Ciepły, beżowo-szary odcień z lekkim połyskiem doskonale komponuje się z każdym wnętrzem, a subtelne tłoczenia w stylu orientalnym czynią ten zestaw wyjątkowym dodatkiem do codziennego rytuału picia kawy lub herbaty.;1;http://localhost/images/product_images/filiankaztalerzykiemzen/img_0.jpg, http://localhost/images/product_images/filiankaztalerzykiemzen/img_1.jpg;1
;1;FILIŻANKI BIAŁE MENJE;Filiżanki;135.8;1;45;Filiżanki białe 2x180ml;Filiżanka biała pojemność ok 180 ml;1;http://localhost/images/product_images/filiankibiaemenje/img_0.jpg;1
;1;FILIŻANKI BLUE BUTTERFLY;Cyber Monday,Filiżanki;90.9;1;75;Filiżanki z błękitnym motywem 2x220ml.;;1;http://localhost/images/product_images/filiankibluebutterfly/img_0.jpg;1
;1;KUBEK TRÓJKĄTY GRAPHIC TOGNANA;Kubki,Wyprzedaż,Cyber Monday,Pozostałe;29.9;1;85;Kubek 320ml trójkąty graphic Tognana;Kubek z włoskiej kolekcji Tognana o pojemnosci 320ml, stylowa porcelana z kolekcji Graphic, nadaje się do mycia w zmywarce.;1;http://localhost/images/product_images/kubektrjktygraphictognana/img_0.jpg;1
;1;CZYSTEK;Zioła,Zioła klasyczne;12.9;1;5;Susz do zaparzania (op. 60g).;Czystek zawiera naturalnie występujące antyoksydanty (przeciwutleniacze). Antyoksydanty chronią przed wolnymi rodnikami, pomagają chronić komórki i tkanki przed utlenianiem, przyczyniają się do całkowitej zdolności antyoksydacyjnej organizmu i mogą przyczynić się do wzmocnienia naszego organizmu obronnego, ponadto przeciwutleniacze wspomagają system odpornościowy. Suplementy diety nie mogą być stosowane jako substytut (zamiennik) zróżnicowanej diety. Utrzymanie prawidłowego stanu zdrowia wymaga zrównoważonego odżywiania i prowadzenia zdrowego trybu życia.;1;http://localhost/images/product_images/czystek/img_0.jpg, http://localhost/images/product_images/czystek/img_1.jpg;1
;1;JAŚMIN;Zioła,Zioła klasyczne;12.9;1;50;Suszony kwiat jaśminu (op. 20g).;Napar z niezwykle aromatycznych kwiatów jaśminu ma działanie przeciwzapalne, relaksujące, zmniejszające napięcie i stres. Poprawia aktywność umysłową, a także pomaga w leczeniu infekcji. Stosowany zewnętrznie łagodzi kłopoty ze skórą czy podrażnienia słoneczne.;1;http://localhost/images/product_images/jamin/img_0.jpg, http://localhost/images/product_images/jamin/img_1.jpg;1
;1;KONOPIE;Zioła,Zioła klasyczne;17.9;1;80;Suszone konopie (op. 40g).;Konopie włókniste (Cannabis stiva) to zioła o bardzo szerokim spektrum działania. Zawierają kompleks kannabinoidów, szczególnie bogate w CBDA i CBD oraz dziesiątki innych substancji jak: żywice, tłuszcze, wosk, nienasycone kwasy tłuszczowe, białka, terpeny, flawonoidy, cholinę i wiele innych. Kannabinoidy wykazują działanie uspokajające, relaksujące bez odczuwania senności, poprawiające jakość snu, wspomagające proces odchudzania, neuroprotekcyjne oraz neuroregeneracyjne. Charakteryzują się również wysokim poziomem antyutleniaczy, w związku z czym przeciwdziałają starzeniu się komórek.;1;http://localhost/images/product_images/konopie/img_0.jpg, http://localhost/images/product_images/konopie/img_1.jpg;1
;1;KWIAT LIPY;Zioła,Zioła klasyczne;15.9;1;77;Suszony kwiat lipy (op. 50g).;Opakowanie jednostkowe: 50 g;1;http://localhost/images/product_images/kwiatlipy/img_0.jpg, http://localhost/images/product_images/kwiatlipy/img_1.jpg;1
;1;MALINA LIŚĆ;Zioła,Zioła klasyczne;7.9;1;24;Suszone liście maliny (op. 30g).;Opakowanie jednostkowe: 30 g;1;http://localhost/images/product_images/malinali/img_0.jpg, http://localhost/images/product_images/malinali/img_1.jpg;1
;1;MELISA;Zioła,Zioła klasyczne;9.9;1;72;Suszone liście melisy (op. 50g);Według fachowej literatury melisa działa uspokajająco, kojąco oraz regenerująco na system nerwowy człowieka. Fachowcy zalecają spożywanie melisa w godzinach popołudniowych oraz wieczornych.;1;http://localhost/images/product_images/melisa/img_0.jpg, http://localhost/images/product_images/melisa/img_1.jpg;1
;1;MIĘTA;Zioła,Zioła klasyczne;9.9;1;58;Suszony liść mięty (op. 50g).;Mięta według wielu fachowych opracowań łagodzi niestrawności, wzdęcia i ból brzucha. Pomaga także przy zapaleniu dróg żółciowych i pęcherzyka żółciowego. Niektórzy zielarze zalecają również płukanki z mięty na bolące gardło;1;http://localhost/images/product_images/mita/img_0.jpg, http://localhost/images/product_images/mita/img_1.jpg;1
;1;MIĘTA SPEARMINT;Zioła,Zioła klasyczne;9.9;1;42;Suszony liść mięty (op. 50g).;Mięta spearmint jest łagodniejszą i słodszą odmianą mięty niż mięta pieprzowa. Napar z mięty wykazuje właściwości wspomagające układ trawienny, działa kojąco na dolegliwości żołądkowe, niweluję skutki przejedzenia, niestrawności.;1;http://localhost/images/product_images/mitaspearmint/img_0.jpg, http://localhost/images/product_images/mitaspearmint/img_1.jpg;1
;1;MORWA BIAŁA LIŚĆ;Zioła,Zioła klasyczne;8.9;1;89;Suszone liście morwy (op. 60g).;Najważniejszą właściwością liści morwy białej jest ograniczanie wchłaniania cukru. Morwa do pewnego stopnia zapobiega przekształcaniu się cukrów w glukozę i dlatego część węglowodanów zostaje niestrawiona i wydalona z organizmu. W konsekwencji, liście morwy białej ograniczają powstawanie tkanki tłuszczowej, ale jednocześnie są środkiem na stabilizację poziomu cukru we krwi. Dlatego też napar z tej rośliny zalecany jest diabetykom i osobom z nadwagą.;1;http://localhost/images/product_images/morwabiaali/img_0.jpg, http://localhost/images/product_images/morwabiaali/img_1.jpg;1
;1;POKRZYWA;Zioła,Zioła klasyczne;8.9;1;21;Suszone liście pokrzywy (op. 30g).;Pokrzywa wspomaga pracę całego organizmu. Działa stymulująco, odżywczo, witaminizująco, mineralizująco, wzmacniająco, regenerująco oraz oczyszczająco na nasze ciało.;1;http://localhost/images/product_images/pokrzywa/img_0.jpg, http://localhost/images/product_images/pokrzywa/img_1.jpg;1
;1;PŁATKI RÓŻY;Zioła,Zioła klasyczne;9.9;1;1;Suszone płatki róży (op. 30g).;Z pachnących płatków róży można przyrządzić napój poprawiający odporność, zrobić odświeżacz powietrza, zaszyć w bawełnianych sakiewkach i włożyć do szafy lub dodać do aromatycznej kąpieli.;1;http://localhost/images/product_images/patkiry/img_0.jpg, http://localhost/images/product_images/patkiry/img_1.jpg;1
;1;RUMIANEK;Zioła,Zioła klasyczne;9.9;1;45;Suszony rumianek (op. 30g).;Rumianek ma właściwości przeciwzapalne, przyspieszające gojenie się ran, rozkurczające mięśnie gładkie, przeciwbakteryjne i neutralizujące toksyny bakteryjne. Stosuje się go wewnętrznie przy problemach żołądkowych i jelitowych. Zewnętrznie pomaga przy stanach zapalnych skóry i błon śluzowych, ranach, oparzeniach oraz alergiach skórnych.;1;http://localhost/images/product_images/rumianek/img_0.jpg, http://localhost/images/product_images/rumianek/img_1.jpg;1
;1;KWIATOWA MELODIA;Zioła,Kompozycje ziołowe;26.9;1;94;Kompozycja ziołowo-kwiatowa (60g);Edycja limitowana. Wyśmienita, niebanalna, ziołowo-kwiatowa kompozycja z dodatkiem melisy. Jej zapach przypomina kwiecistą łąkę z licznymi kwiatami nagietka, lawendy, lipy, rumianku, bławatka, czy malwy. Całość otulają płatki róży i soczysta żurawina.;1;http://localhost/images/product_images/kwiatowamelodia/img_0.jpg, http://localhost/images/product_images/kwiatowamelodia/img_1.jpg, http://localhost/images/product_images/kwiatowamelodia/img_2.jpg;1
;1;OCZYSZCZENIE;Zioła,Kompozycje ziołowe;10.9;1;30;Mieszanka ziół wspomagających oczyszczanie organizmu (op. 60g).;Melisa przeciwdziała wszelkim dolegliwościom jelitowym – działa rozkurczowo zarówno na żołądek jak i jelita. Jabłko, w którym zawarte są polifenole, hamuje aktywność komórek odporności, które biorą udział w rozwoju choroby zapalnej jelit. Koper pobudza ruchy perystaltyczne jelit, posiada właściwości wiatropędne, łagodzi ból wywołany wzdęciami. Rumianek reguluje pracę jelit oraz pomaga w leczeniu zarówno rozwolnienia jak i zatwardzenia.;1;http://localhost/images/product_images/oczyszczenie/img_0.jpg, http://localhost/images/product_images/oczyszczenie/img_1.jpg;1
;1;PRZEMIANA;Zioła,Kompozycje ziołowe;14.9;1;2;Mieszanka ziół wspomagająca prawidłową pracę jelit (op. 50g).;Mięta stymuluje wydzielanie soku żołądkowego. Anyż biedrzeniec z uwagi na anetol ma korzystne działanie na trawienie, ułatwia usuwanie gazów z jelit. Ślaz działa wspomagająco w stanach zapalnych przewodu pokarmowego. Rumianek znany jest od lat z łagodzenia wszelakich dolegliwości związanych z układem trawiennym, szczególnie jeśli chodzi o bóle żołądka związane z nerwowością, napięciem i stresem. Kminek przede wszystkim zapobiega wzdęciom, niweluje skurcze żołądkowo-jelitowe i hamuje rozwój niektórych bakterii. Wykazuje również działanie moczopędne oraz wiatropędne. Koper zmniejsza napięcie mięśni gładkich przewodu pokarmowego oraz przywraca prawidłowy przebieg procesów trawiennych. Nagietek działa korzystnie na błony śluzowe przewodu pokarmowego, przełyku, żołądka i jelit.;1;http://localhost/images/product_images/przemiana/img_0.jpg, http://localhost/images/product_images/przemiana/img_1.jpg;1
;1;ROZGRZANIE;Zioła,Kompozycje ziołowe;14.9;1;80;Mieszanka ziół pomagająca ochronić się przed grypą (op. 70g).;Kwiat lipy, malina, cynamon oraz imbir dzięki właściwościom rozgrzewającym działają napotnie na organizm. Liście czarnej porzeczki poprawiają krążenie i czynność serca oraz zmniejszają obrzęki, a także działają przeciwzapalnie. Rumianek pomaga w obni­że­niu gorączki i może być poda­wany w cza­sie grypy, prze­zię­bie­nia, bólu gar­dła i kaszlu. Anyż posiada działanie wykrztuśne w przypadku kaszlu suchego i przy słabym odkrztuszaniu wydzieliny, a także w takich chorobach jak zapalenie górnych dróg oddechowych i krtani. Koper pobudza również wydzielanie śluzu w górnych drogach oddechowych oraz przywraca prawidłowy ruch nabłonka rzęskowego i podobnie jak tymianek działa wykrztuśnie i bakteriobójczo. Owoc czarnego bzu ma silne właściwości antyoksydacyjne, jak również wykazuje potencjalne właściwości antywirusowe i antybakteryjne. Dlatego też szczególnie chętnie wykorzystuje się go w leczeniu przeziębienia, grypy i jako środek wzmacniający ogólną odporność organizmu.;1;http://localhost/images/product_images/rozgrzanie/img_0.jpg, http://localhost/images/product_images/rozgrzanie/img_1.jpg;1
;1;SYLWETKA;Zioła,Kompozycje ziołowe;14.9;1;26;Mieszanka ziół wspomagająca proces odchudzania (op. 90g).;Yerba mate wpływa na metabolizm cholesterolu i opóźnienia wchłaniania tłuszczy spożywczych. Owoc dzikiej róży poprawia przemianę materii i ułatwia trawienie. Werbena cytrynowa pomaga przy zastojach żółci, nieprawidłowej pracy wątroby oraz łagodzi zaburzenia żołądkowo-jelitowe. Lukrecja posiada właściwości przeczyszczające. Imbir stymuluje przemianę materii i zapobiega wzdęciom dzięki olejkom eterycznym oraz ostremu olejkowi imbirowemu. Płatki róży poprawiają krążenie, obniżają poziom cholesterolu we krwi, wspomagają koncentrację, doskonale orzeźwiają i redukują stres. Rumianek reguluje pracę przewodu pokarmowego i posiada działanie rozluźniające.;1;http://localhost/images/product_images/sylwetka/img_0.jpg, http://localhost/images/product_images/sylwetka/img_1.jpg;1
;1;WZMOCNIENIE;Zioła,Kompozycje ziołowe;15.9;1;3;Mieszanka ziołowa dla wzmocnienia organizmu (op. 120g).;Zarówno jabłko jak i skórka cytrynowa dzięki zawartości dużej ilości min. wit. C, przyczyniają się do wzmocnienia odporności, podobnie jak trawa cytrynowa, która dodatkowo pomaga wzmocnić nasz najcenniejszy organ – serce, ponadto pobudza wydzielanie soków trawiennych, krążenie krwi i rozgrzewa ciało. Rooibos uzupełnia codzienne zapotrzebowanie na wapń, mangan, a w szczególności fluor, który jest niezbędny dla wzmocnienia zębów i kości. Zawiera cynk, kwas alfa-hydroksylowy, odżywiający skórę oraz magnez, potrzebny dla prawidłowego rozwoju układu nerwowego. Skórki fasoli posiadają dużą zawartość lizyny, z którą to organizm produkuje karnitynę, a ta z kolei wzmacnia serce, chroniąc przed chorobą niedokrwienną i zawałem. Tonizujące właściwości kardamonu są niezastąpione w stanach wyczerpania czy zniechęcenia. Cynamon oraz imbir działają przeciwbakteryjnie, rozgrzewająco i pomagają pielęgnować urodę, przy okazji korzystnie wpływając na higienę jamy ustnej. Goździk neutralizuje wolne rodniki, niebezpieczne cząsteczki, przez które nasz organizm szybciej się starzeje. Pieprz poprawia apetyt oraz pobudza wydzielanie soków trawiennych, dzięki czemu usprawnia proces trawienia i łagodzi wzdęcia, natomiast żeń-szeń wzmaga naturalne mechanizmy obronne organizmu i w ten sposób zmniejsza częstość zakażeń. Ponadto wpływa pobudzająco na ośrodkowy układ nerwowy poprawiając zdolności intelektualne.;1;http://localhost/images/product_images/wzmocnienie/img_0.jpg, http://localhost/images/product_images/wzmocnienie/img_1.jpg;1
;1;DETOKS;Suplementy diety;20.9;1;88;Herbatka na oczyszczenie organizmu.;Oczyść organizm i ciesz się dobrym samopoczuciem. Idealnie dobrana kompozycja ziół, szczególnie polecana dla osób wymagających oczyszczenia organizmu. Herbatka zawiera berberys, uważany za naturalny antyoksydant. Stanowi on bogate źródło witaminy C oraz wpływa korzystnie na funkcjonowanie układu pokarmowego.  Składniki: Owoc bzu czarnego, ziele fiołka trójbarwnego, liść pokrzywy, kwiat rumianku, owoc ostropestu, liść brzozy, owoc berberysu.  Masa netto: 80 g  Sposób parzenia: 2 g (1 łyżeczka) herbatki zaparzać wrzątkiem w ilości 200 ml pod przykryciem przez 10 minut. Pij dwa razy dziennie świeży napar.;1;http://localhost/images/product_images/detoks/img_0.jpg, http://localhost/images/product_images/detoks/img_1.jpg;1
;1;DOBRY SEN;Suplementy diety;20.9;1;7;Kompozycja ziół wyciszających.;Zrelaksuj się po długim dniu i ciesz się spokojnym snem. Herbatka Ziołowa Dobry Sen to idealnie dobrana kompozycja ziół wyciszających układ nerwowy i ułatwiających zasypianie. Łagodzi stany niepokoju, drażliwość i napięcie psychiczne. Jeden ze składników, ashwagandha ma działanie uspokajające i pomaga w walce z chronicznym zmęczeniem i bezsennością.  Składniki: Liść melisy, owoc głogu, kwiat lawendy, ziele werbeny, szyszka chmielu, korzeń ashwagandhy.  Sposób zaparzanie: 2 g (2 łyżeczki) herbatki zaparzać wrzątkiem w ilości 200 ml pod przykryciem przez 10 minut. Pij dwa razy dziennie świeży napar.;1;http://localhost/images/product_images/dobrysen/img_0.jpg, http://localhost/images/product_images/dobrysen/img_1.jpg;1
;1;ENERGIA;Suplementy diety;20.9;1;55;Herbatka dodająca energii.;Poczuj energię z natury w każdym łyku. Herbatka Ziołowa Energia dostarcza Ci nie tylko energii, ale także witamin i minerałów, które pomagają Ci czuć się wspaniale i witalnie. Jest to idealnie dobrana kompozycja ziół dodających energii i wspomagających utrzymanie sprawności fizycznej i umysłowej oraz wpływających na zmniejszenie uczucia zmęczenia. Herbatka zawiera żeń-szeń, który wspiera pamięć i poprawia koncentrację, zwiększając odporność na stres. Dodatkowo, dodaje energii i poprawia nastrój.  Składniki: Owoc głogu, skórka owocu róży dzikiej, ziele mięty pieprzowej, liść herbaty zielonej, nasiona guarany, korzeń żeń-szenia.  Masa netto: 80 g  Sposób parzenia: 2 g (1 łyżeczka) herbatki zaparzać wrzątkiem w ilości 200 ml pod przykryciem przez 10 minut. Pij dwa razy dziennie świeży napar.;1;http://localhost/images/product_images/energia/img_0.jpg, http://localhost/images/product_images/energia/img_1.jpg;1
;1;LIBIDO;Suplementy diety;25.9;1;17;Herbatka na pobudzenie libido.;Odkryj naturalne źródło pożądania z Herbatką Ziołową Libido! To wyjątkowa kompozycja ziół, które wspierają zdrową funkcję seksualną i przywracają zmysłowość w Twoim życiu. Szczególnie polecana dla mężczyzn. Herbatka wspiera równowagę emocjonalną, sprawność fizyczną i umysłową oraz energię seksualną. Jeden ze składników, korzeń maca, nazywany jest peruwiańskim żeń-szeniem. Jest to adaptogen, który posiada korzystny wpływ na libido zarówno kobiet, jak i mężczyzn. Ponadto, dodaje energii i łagodzi stres.;1;http://localhost/images/product_images/libido/img_0.jpg, http://localhost/images/product_images/libido/img_1.jpg;1
;1;METABOLIZM;Suplementy diety;20.9;1;96;Herbatka ziołowa na przyśpieszenie metabolizmu.;Poczuj się dobrze we własnym ciele! Herbatka ziołowa Metabolizm to naturalny sposób na przyspieszenie przemiany materii oraz redukcję masy ciała. Ponadto, wspiera odchudzanie, poprawia trawienie, wspomaga detoksykację krwi ze zbędnych metabolitów i wpływa pozytywnie na regenerację organizmu. Jeden ze składników, kurkuma, ułatwia trawienie oraz wpływa na obniżenie poziomu glukozy we krwi.  Składniki: Kwiat hibiskusa, korzeń mniszka lekarskiego, owoc kopru włoskiego, koszyczek rumianku, kłącze kurkumy.  Sposób zaparzania: 2 g (1 łyżeczka) herbatki zaparzać wrzątkiem w ilości 200 ml pod przykryciem przez 10 minut. Pij dwa razy dziennie świeży napar.;1;http://localhost/images/product_images/metabolizm/img_0.jpg, http://localhost/images/product_images/metabolizm/img_1.jpg;1
;1;ODPORNOŚĆ;Suplementy diety;20.9;1;19;Herbatka na odporność.;Wzmocnij swoją odporność i zwalcz objawy przeziębienia. Idealnie dobrana kompozycja ziół działających wzmacniająco i poprawiających odporność organizmu. Przyczynia się do utrzymania prawidłowego metabolizmu energetycznego, zmniejsza uczucie zmęczenia i znużenia oraz pomaga w prawidłowym funkcjonowaniu układu odpornościowego. Jeden ze składników, liść moringi, to bogate źródło przeciwutleniaczy, przyczynia się do wzmocnienia układu odpornościowego.  Składniki: Liść czerwonokrzewu, kora cynamonu, liść czystka, skórka owocu róży dzikiej, owoc żurawiny, korzeń żeń-szenia, liść moringi.  Masa netto: 80 g  Sposób zaparzania: 2 g (2 łyżeczki) herbatki zaparzać wrzątkiem w ilości 200 ml pod przykryciem przez 10 minut. Pij dwa razy dziennie świeży napar.;1;http://localhost/images/product_images/odporno/img_0.jpg, http://localhost/images/product_images/odporno/img_1.jpg;1
;1;KUBKI W SERCU KLIMT;Prezenty dla mamy,Prezenty dla kobiety,Prezenty dla Babci i Dziadka,Pozostałe;130.9;1;56;Zestaw kubków w prezentowym opakowaniu - 2x270ml.;Kubki w sercu - Gustav Klimt Adele (532-0805) to zestaw dwóch kubków o oryginalnych kształtach wraz z sercem. Wszystko ozdobione dziełami Klimta. Artysta zachwycał i zachwyca. inspiruje współczesnych ludzi do tworzenia nowej rzeczywistości. Kreowania otaczaj świata można zacząć od poranki i przyjemności picia z unikatowych kubków. Z pewnością koczujemy powiew kultury i sztuki w naszej kuchni.;1;http://localhost/images/product_images/kubkiwsercuklimt/img_0.jpg;1
;1;KUBKI W SERCU KWIATY;Prezenty dla mamy,Prezenty dla kobiety,Prezenty dla Babci i Dziadka,Pozostałe;130.9;1;75;Zestaw kubków w prezentowym opakowaniu - 2x270ml.;Czarujący komplet w skład którego wchodzą dwa kubeczki o przepięknym kształcie, zdobione polnymi kwiatami. Dopełnieniem zestawu jest wysokiej jakości pudełko w kształcie serca także ozdobione polnymi kwiatami.;1;http://localhost/images/product_images/kubkiwsercukwiaty/img_0.jpg, http://localhost/images/product_images/kubkiwsercukwiaty/img_1.jpg, http://localhost/images/product_images/kubkiwsercukwiaty/img_2.jpg;1
;1;LAURKA: IMIĘ RÓŻY;Herbaty w kartonikach okazjonalnych,Prezenty dla mamy,Prezenty dla kobiety,Herbaty pakowane,Prezenty dla Babci i Dziadka;33.9;1;58;Czarna kompozycja 70g;Główni bohaterowie, czyli malina i płatki róży wraz ze swoim kompanem jabłkiem, porywają nas do świata pełnego kolorów (za sprawą bławatka i nagietka), w którym akcja toczy się wśród liści czarnej herbaty Ceylon. Limit dziennego spożycia 4 filiżanki.;1;http://localhost/images/product_images/laurkaimiry/img_0.jpg, http://localhost/images/product_images/laurkaimiry/img_1.jpg;1
;1;LAURKA: OGRODY EDENU;Herbaty w kartonikach okazjonalnych,Prezenty dla mamy,Prezenty dla kobiety,Herbaty pakowane,Prezenty dla Babci i Dziadka;28.9;1;40;Owocowa kompozycja 70g;Pełne smaku połączenie papai, mango, jabłka, pomarańczy, skórki owocu granatu oraz safloru. Słodycz owoców jest znakomicie zrównoważona przez lekką kwasowość hibiskusa.;1;http://localhost/images/product_images/laurkaogrodyedenu/img_0.jpg, http://localhost/images/product_images/laurkaogrodyedenu/img_1.jpg;1
;1;LAURKA: SEKRET PIĘKNA;Herbaty w kartonikach okazjonalnych,Prezenty dla mamy,Prezenty dla kobiety,Herbaty pakowane;30.9;1;63;Owocowa kompozycja 70g;Wyjątkowa kompozycja zielonej herbaty Sencha, białej herbaty Pai Mu Tan, soczystego ananasa, słodko-drzewnego sandałowca oraz orzeźwiającej trawy cytrynowej. Wyśmienita do podawania podczas wieczornych spotkań z przyjaciółmi i rodziną.;1;http://localhost/images/product_images/laurkasekretpikna/img_0.jpg, http://localhost/images/product_images/laurkasekretpikna/img_1.jpg;1
;1;Z MIŁOŚCIĄ MADAM GREY;Herbaty w kartonikach okazjonalnych,Prezenty dla mamy,Prezenty dla zakochanych;25.9;1;19;Earl Grey z pomarańczą 70g;Interesujące zestawienie klasycznej herbaty Earl Grey z kawałkami ożywczej pomarańczy. Kompozycję stworzono na bazie dwóch czarnych herbat: wietnamskiej oraz cejlońskiej. Dzięki cząsteczkom cytrusa herbata posiada niesamowicie egzotyczną i orzeźwiającą nutę, jednocześnie nie tracąc swojego wykwintnego charakteru. To doskonała propozycja uzupełniająca każde spotkanie towarzyskie. Herbata Earl Grey swój niepowtarzalny smak i aromat zawdzięcza olejkowi z bergamotki. Nazwę bergamotka wprowadzili Turcy określając tym mianem uprawiany w strefie śródziemnomorskiej owoc Książęcej Gruszki zbliżony kształtem do owoców cytrusowych, posiadający grubą, mięsistą skórkę. Właśnie z tej skóry tłoczony jest aromatyczny olejek dodawany między innymi do herbat typu Earl Grey.;1;http://localhost/images/product_images/zmiocimadamgrey/img_0.jpg, http://localhost/images/product_images/zmiocimadamgrey/img_1.jpg, http://localhost/images/product_images/zmiocimadamgrey/img_2.jpg;1
;1;ZESTAW BOGACTWO SMAKÓW DUŻY;Prezenty,Zestawy prezentowe,Prezenty dla mamy,Prezenty dla taty,Prezenty z bakaliami,Zestawy promocyjne;91.9;1;48;Zestaw prezentowy ze słodkościami.;Zestaw prezentowy zawiera:;1;http://localhost/images/product_images/zestawbogactwosmakwduy/img_0.jpg, http://localhost/images/product_images/zestawbogactwosmakwduy/img_1.jpg, http://localhost/images/product_images/zestawbogactwosmakwduy/img_2.jpg, http://localhost/images/product_images/zestawbogactwosmakwduy/img_3.jpg, http://localhost/images/product_images/zestawbogactwosmakwduy/img_4.jpg, http://localhost/images/product_images/zestawbogactwosmakwduy/img_5.jpg;1
;1;ZESTAW BOGACTWO SMAKÓW MAŁY;Zestawy prezentowe,Prezenty dla mamy,Prezenty dla kobiety,Prezenty dla Babci i Dziadka,Prezenty z bakaliami;58.9;1;81;Zestaw prezentowy ze słodkościami.;Zestaw prezentowy zawiera:;1;http://localhost/images/product_images/zestawbogactwosmakwmay/img_0.jpg, http://localhost/images/product_images/zestawbogactwosmakwmay/img_1.jpg, http://localhost/images/product_images/zestawbogactwosmakwmay/img_2.jpg, http://localhost/images/product_images/zestawbogactwosmakwmay/img_3.jpg, http://localhost/images/product_images/zestawbogactwosmakwmay/img_4.jpg, http://localhost/images/product_images/zestawbogactwosmakwmay/img_5.jpg, http://localhost/images/product_images/zestawbogactwosmakwmay/img_6.jpg;1
;1;ZESTAW DEGUSTACYJNY KAWY SMAKOWE;Prezenty,Zestawy prezentowe,Prezenty dla mamy,Prezenty dla mężczyzny,Prezenty dla nauczyciela,Prezenty dla Babci i Dziadka;99.9;1;89;Zestaw kaw ziarnistych 10 x 50g;Kawy smakowe należą do naszych specjalności. Niezwykłe propozycje komponowane są w oparciu o kolumbijską kawę Excelso z odmiany arabika, której walory doskonale współgrają z najróżniejszymi aromatami. To niesamowite, jakimi smakami może oczarować nas kawa, zachowując przy tym odpowiednie proporcje i balans. Postanowiliśmy sprostać oczekiwaniom kawoszy, którzy lubią zaskakujące połączenia i z myślą o nich przygotowaliśmy kilka ciekawych propozycji.;1;http://localhost/images/product_images/zestawdegustacyjnykawysmakowe/img_0.jpg, http://localhost/images/product_images/zestawdegustacyjnykawysmakowe/img_1.jpg, http://localhost/images/product_images/zestawdegustacyjnykawysmakowe/img_2.jpg, http://localhost/images/product_images/zestawdegustacyjnykawysmakowe/img_3.jpg, http://localhost/images/product_images/zestawdegustacyjnykawysmakowe/img_4.jpg, http://localhost/images/product_images/zestawdegustacyjnykawysmakowe/img_5.jpg, http://localhost/images/product_images/zestawdegustacyjnykawysmakowe/img_6.jpg, http://localhost/images/product_images/zestawdegustacyjnykawysmakowe/img_7.jpg;1
;1;ZESTAW DODATKI DO HERBATKI;Prezenty,Zestawy prezentowe,Prezenty dla mamy,Prezenty dla Babci i Dziadka,Prezenty z bakaliami,Zestawy promocyjne;139.9;1;74;Zestaw prezentowy - słodkie dodatki.;Zestaw prezentowy zawiera :;1;http://localhost/images/product_images/zestawdodatkidoherbatki/img_0.jpg, http://localhost/images/product_images/zestawdodatkidoherbatki/img_1.jpg, http://localhost/images/product_images/zestawdodatkidoherbatki/img_2.jpg, http://localhost/images/product_images/zestawdodatkidoherbatki/img_3.jpg, http://localhost/images/product_images/zestawdodatkidoherbatki/img_4.jpg, http://localhost/images/product_images/zestawdodatkidoherbatki/img_5.jpg, http://localhost/images/product_images/zestawdodatkidoherbatki/img_6.jpg, http://localhost/images/product_images/zestawdodatkidoherbatki/img_7.jpg;1
;1;ZESTAW DWIE HERBATY NARCYZY;Prezenty,Zestawy prezentowe,Prezenty dla mamy,Prezenty dla nauczyciela,Prezenty dla Babci i Dziadka;49.9;1;78;Podwójny zestaw herbaciany.;Zanurz się w świecie aromatycznych herbat dzięki naszemu starannie dobranemu zestawowi, który sprawi, że każdy dzień nabierze wyjątkowego smaku. Idealny na poranne pobudzenie, popołudniowe wyciszenie lub wieczorny relaks.;1;http://localhost/images/product_images/zestawdwieherbatynarcyzy/img_0.jpg, http://localhost/images/product_images/zestawdwieherbatynarcyzy/img_1.jpg, http://localhost/images/product_images/zestawdwieherbatynarcyzy/img_2.jpg, http://localhost/images/product_images/zestawdwieherbatynarcyzy/img_3.jpg;1
;1;DO TRZECH RAZY SZTUKA I;Prezenty,Zestawy prezentowe,Prezenty dla taty,Prezenty dla mężczyzny,Prezenty dla Babci i Dziadka;86.9;1;23;Potrójny zestaw kompozycji herbacianych.;Zestaw prezentowy zawiera:  - Herbatę zieloną kompozycję Owocowa laguna 50g w kartoniku okazjonalnym;1;http://localhost/images/product_images/dotrzechrazysztukai/img_0.jpg, http://localhost/images/product_images/dotrzechrazysztukai/img_1.jpg, http://localhost/images/product_images/dotrzechrazysztukai/img_2.jpg, http://localhost/images/product_images/dotrzechrazysztukai/img_3.jpg, http://localhost/images/product_images/dotrzechrazysztukai/img_4.jpg, http://localhost/images/product_images/dotrzechrazysztukai/img_5.jpg;1
;1;DO TRZECH RAZY SZTUKA II;Prezenty,Zestawy prezentowe,Prezenty dla taty,Prezenty dla Babci i Dziadka;77.9;1;72;Potrójny zestaw kompozycji herbacianych.;Zestaw prezentowy zawiera:  - Herbatę czarną Assam Dekorai 70g w kartoniku okazjonalnym;1;http://localhost/images/product_images/dotrzechrazysztukaii/img_0.jpg, http://localhost/images/product_images/dotrzechrazysztukaii/img_1.jpg, http://localhost/images/product_images/dotrzechrazysztukaii/img_2.jpg, http://localhost/images/product_images/dotrzechrazysztukaii/img_3.jpg, http://localhost/images/product_images/dotrzechrazysztukaii/img_4.jpg, http://localhost/images/product_images/dotrzechrazysztukaii/img_5.jpg;1
;1;KAŻDA FILIŻANKA... EARL GREY;Herbaty w kartonikach okazjonalnych,Prezenty dla taty,Prezenty dla mężczyzny,Herbaty pakowane,Prezenty dla Babci i Dziadka;29.9;1;76;Zielona kompozycja Earl grey Fantasy 70g;Odwiedź pełną bergamotkowej magii krainę, w której wśród zielonej herbaty Sencha skosztujesz owoców winogron i wiśni, zachwycisz się aromatem werbeny oraz odpoczniesz wśród kwiatów rumianku i bławatka.;1;http://localhost/images/product_images/kadafilianka...earlgrey/img_0.jpg, http://localhost/images/product_images/kadafilianka...earlgrey/img_1.jpg;1
;1;KAŻDA FILIŻANKA... WEHIKUŁ CZASU;Herbaty w kartonikach okazjonalnych,Prezenty dla taty,Prezenty dla mężczyzny,Prezenty dla kobiety,Herbaty pakowane,Prezenty dla Babci i Dziadka;32.9;1;96;Czarna kompozycja 70g;Herbata czarna Ceylon High Grown z dodatkiem liści limonki, maliny oraz olejku z owoców bergamotki.  Składniki: herbata czarna Ceylon High Grown, limonka liść, malina liofilizowana, aromat  Wartość odżywcza w 100g: wartość energetyczna 63,0 kJ / 15,0 kcal, tłuszcze 0,0 g, węglowodany 1,8g (w tym cukry 1,5g), błonnik 2,2g, białko 0,0 g, sól 0,0g, sód 0,0g.;1;http://localhost/images/product_images/kadafilianka...wehikuczasu/img_0.jpg, http://localhost/images/product_images/kadafilianka...wehikuczasu/img_1.jpg;1
;1;Z PRZYJACIELEM: SENCHA JAPAN STYLE;Herbaty w kartonikach okazjonalnych,Prezenty dla taty,Prezenty dla mężczyzny,Herbaty pakowane,Prezenty dla Babci i Dziadka;26.9;1;61;Herbata zielona 70g;Herbatę zieloną Sencha otrzymuje się poddając suszeniu liście niezwłocznie po zerwaniu ich z krzewu, tak aby nie dopuścić do rozpoczęcia procesu utleniania. Dzięki temu utrzymuje ona więcej składników o leczniczych właściwościach, oraz posiada wiele walorów smakowych (ziołowy aromat oraz wyraźnie delikatniejszy smak niż pozostałe rodzaje herbat). Nasza Japońska Sencha pochodzi z chińskich plantacji, ale przygotowywana jest na sposób japoński. Obowiązujące w Japonii standardy dotyczące uprawy krzewów herbaty i obróbki suszu sprawiają, że herbata otrzymywana tą metodą jest najwyższej jakości.;1;http://localhost/images/product_images/zprzyjacielemsenchajapanstyle/img_0.jpg, http://localhost/images/product_images/zprzyjacielemsenchajapanstyle/img_1.jpg;1
;1;ZESTAW DLA MĘŻCZYZNY;Zestawy prezentowe,Prezenty dla taty,Prezenty dla mężczyzny,Prezenty dla zakochanych;74.9;1;21;Zestaw prezentowy ze słodkościami.;Zanurz się w świecie aromatycznych herbat dzięki naszemu starannie dobranemu zestawowi, który sprawi, że każdy dzień nabierze wyjątkowego smaku. Idealny na poranne pobudzenie, popołudniowe wyciszenie lub wieczorny relaks.;1;http://localhost/images/product_images/zestawdlamczyzny/img_0.jpg, http://localhost/images/product_images/zestawdlamczyzny/img_1.jpg, http://localhost/images/product_images/zestawdlamczyzny/img_2.jpg, http://localhost/images/product_images/zestawdlamczyzny/img_3.jpg;1
;1;ZESTAW DWIE HERBATY CZARNE;Prezenty,Zestawy prezentowe,Prezenty dla taty,Prezenty dla mężczyzny;54.9;1;65;Zestaw prezentowy zawierający dwie czarne herbaty.;Zestaw prezentowy zawiera:  - Herbatę czarną Ceylon High Grown OP 70g w kartoniku okazjonalnym - Herbatę czarną English Brakfast 70g w kartoniku okazjonalnym - Pudełko eco z okienkiem przewiązane rafią;1;http://localhost/images/product_images/zestawdwieherbatyczarne/img_0.jpg, http://localhost/images/product_images/zestawdwieherbatyczarne/img_1.jpg, http://localhost/images/product_images/zestawdwieherbatyczarne/img_2.jpg, http://localhost/images/product_images/zestawdwieherbatyczarne/img_3.jpg;1
;1;ZESTAW DWIE HERBATY EARL GREY;Prezenty,Zestawy prezentowe,Prezenty dla taty;63.9;1;23;Zestaw prezentowy zawierający dwie herbaty Earl Grey.;Zestaw prezentowy zawiera:  - Herbatę czarną Earl Grey 70g w kartoniku okazjonalnym - Herbatę czarną kompozycję Wehikuł czasu 70g w kartoniku okazjonalnym - Pudełko eco z okienkiem przewiązane rafią;1;http://localhost/images/product_images/zestawdwieherbatyearlgrey/img_0.jpg, http://localhost/images/product_images/zestawdwieherbatyearlgrey/img_1.jpg, http://localhost/images/product_images/zestawdwieherbatyearlgrey/img_2.jpg, http://localhost/images/product_images/zestawdwieherbatyearlgrey/img_3.jpg;1
;1;ZESTAW DWIE KAWY KLASYCZNE;Prezenty,Zestawy prezentowe,Prezenty dla taty,Prezenty dla mężczyzny,Prezenty dla zakochanych,Prezenty dla Babci i Dziadka;70.9;1;25;Zestaw prezentowy zawierający dwie kawy.;Zestaw prezentowy zawiera:  - Kawę ziarnistą Kolumbia Medelin 100g w kartoniku okazjonalnym - Kawę ziarnistą Gwatemala Maragogype 100g w kartoniku okazjonalnym - Pudełko eco z okienkiem przewiązane rafią;1;http://localhost/images/product_images/zestawdwiekawyklasyczne/img_0.jpg, http://localhost/images/product_images/zestawdwiekawyklasyczne/img_1.jpg, http://localhost/images/product_images/zestawdwiekawyklasyczne/img_2.jpg, http://localhost/images/product_images/zestawdwiekawyklasyczne/img_3.jpg;1
;1;ZESTAW DWIE KAWY SMAKOWE;Prezenty,Zestawy prezentowe,Prezenty dla taty,Prezenty dla Babci i Dziadka;54.9;1;32;Zestaw prezentowy zawierający dwie kawy.;Zestaw prezentowy zawiera:  - Kawę ziarnistą pomarańczowa 100g w kartoniku okazjonalnym - Kawę ziarnistą waniliową-orzechową 100g w kartoniku okazjonalnym - Pudełko eco z okienkiem przewiązane rafią;1;http://localhost/images/product_images/zestawdwiekawysmakowe/img_0.jpg, http://localhost/images/product_images/zestawdwiekawysmakowe/img_1.jpg, http://localhost/images/product_images/zestawdwiekawysmakowe/img_2.jpg, http://localhost/images/product_images/zestawdwiekawysmakowe/img_3.jpg;1
;1;ZESTAW HERBATA I KAWA SKRZYNKA AŻUR;Prezenty,Zestawy prezentowe,Prezenty dla mamy,Prezenty dla taty,Prezenty dla mężczyzny,Prezenty dla kobiety,Prezenty dla zakochanych;79.9;1;74;Zestaw prezentowy w skrzynce;Idealny pomysł na prezent! Zestaw zapakowany w eleganckie opakowanie sprawdzi się doskonale jako prezent dla bliskiej osoby – na urodziny, święta czy bez okazji.;1;http://localhost/images/product_images/zestawherbataikawaskrzynkaaur/img_0.jpg, http://localhost/images/product_images/zestawherbataikawaskrzynkaaur/img_1.jpg, http://localhost/images/product_images/zestawherbataikawaskrzynkaaur/img_2.jpg, http://localhost/images/product_images/zestawherbataikawaskrzynkaaur/img_3.jpg, http://localhost/images/product_images/zestawherbataikawaskrzynkaaur/img_4.jpg;1
;1;ZESTAW KOMPOZYCJE CZARNE;Prezenty,Zestawy prezentowe,Prezenty dla taty,Prezenty dla mężczyzny;56.9;1;10;Podwójny zestaw herbaciany.;Zanurz się w świecie aromatycznych herbat dzięki naszemu starannie dobranemu zestawowi, który sprawi, że każdy dzień nabierze wyjątkowego smaku. Idealny na poranne pobudzenie, popołudniowe wyciszenie lub wieczorny relaks.;1;http://localhost/images/product_images/zestawkompozycjeczarne/img_0.jpg, http://localhost/images/product_images/zestawkompozycjeczarne/img_1.jpg, http://localhost/images/product_images/zestawkompozycjeczarne/img_2.jpg, http://localhost/images/product_images/zestawkompozycjeczarne/img_3.jpg;1
;1;DO TRZECH RAZY SZTUKA III;Prezenty,Zestawy prezentowe,Prezenty dla kobiety,Prezenty dla Babci i Dziadka;88.9;1;79;Potrójny zestaw kompozycji herbacianych.;Zestaw prezentowy zawiera:  - Herbatę czarną kompozycję Imię róży 70g w kartoniku okazjonalnym;1;http://localhost/images/product_images/dotrzechrazysztukaiii/img_0.jpg, http://localhost/images/product_images/dotrzechrazysztukaiii/img_1.jpg, http://localhost/images/product_images/dotrzechrazysztukaiii/img_2.jpg, http://localhost/images/product_images/dotrzechrazysztukaiii/img_3.jpg, http://localhost/images/product_images/dotrzechrazysztukaiii/img_4.jpg, http://localhost/images/product_images/dotrzechrazysztukaiii/img_5.jpg;1
;1;HERBATA I ZAPARZACZ;Prezenty,Zestawy prezentowe,Prezenty dla kobiety,Prezenty dla Babci i Dziadka;47.9;1;35;Zestaw prezentowy zawierający zieloną kompozycję oraz zaparzacz.;Zestaw prezentowy zawiera:  - Herbatę zieloną kompozycję Madame Butterfly 70g w kartoniku okazjonalnym - Zaparzacz stalowy - Pudełko eco z okienkiem przewiązane rafią;1;http://localhost/images/product_images/herbataizaparzacz/img_0.jpg, http://localhost/images/product_images/herbataizaparzacz/img_1.jpg, http://localhost/images/product_images/herbataizaparzacz/img_2.jpg, http://localhost/images/product_images/herbataizaparzacz/img_3.jpg;1
;1;ZESTAW BOGACTWO SMAKÓW DLA NAUCZYCIELA;Prezenty,Zestawy prezentowe,Prezenty dla nauczyciela,Prezenty z bakaliami,Zestawy promocyjne;58.9;1;19;Zestaw prezentowy ze słodkościami.;Zestaw prezentowy zawiera:;1;http://localhost/images/product_images/zestawbogactwosmakwdlanauczyciela/img_0.jpg, http://localhost/images/product_images/zestawbogactwosmakwdlanauczyciela/img_1.jpg, http://localhost/images/product_images/zestawbogactwosmakwdlanauczyciela/img_2.jpg, http://localhost/images/product_images/zestawbogactwosmakwdlanauczyciela/img_3.jpg;1
;1;ZESTAW BOGACTWO SMAKÓW PREMIUM;Prezenty,Zestawy prezentowe,Prezenty dla mężczyzny,Prezenty dla nauczyciela,Prezenty z bakaliami;91.9;1;77;Zestaw prezentowy ze słodkościami.;;1;http://localhost/images/product_images/zestawbogactwosmakwpremium/img_0.jpg, http://localhost/images/product_images/zestawbogactwosmakwpremium/img_1.jpg, http://localhost/images/product_images/zestawbogactwosmakwpremium/img_2.jpg, http://localhost/images/product_images/zestawbogactwosmakwpremium/img_3.jpg, http://localhost/images/product_images/zestawbogactwosmakwpremium/img_4.jpg, http://localhost/images/product_images/zestawbogactwosmakwpremium/img_5.jpg, http://localhost/images/product_images/zestawbogactwosmakwpremium/img_6.jpg;1
;1;ZESTAW BOX KOMPOZYCJE CZARNE;Prezenty,Zestawy prezentowe,Prezenty dla nauczyciela,Prezenty dla Babci i Dziadka;149.9;1;16;Zestaw herbaciany 10x50g;Herbaty czarne, ze względu na swój organiczny skład, działają antybakteryjnie, detoksykują, są antygrzybiczne, przeciwzapalne, wyciszają i pobudzają w odpowiednich momentach. Ich regularne wypijanie wpływa na ukojenie i odżywienie organizmu, dzięki czemu pracuje on na pełnych obrotach. Dodatkowo, związki zawarte w napoju, jakim są herbaty czarne, regulują poziom ciśnienia tętniczego krwi, usuwają zły cholesterol, stabilizują układ odpornościowy, ośrodkowy układ nerwowy, zabezpieczając przy tym pracę serca, nerek, jelit i wątroby – a co najważniejsze – również naszego mózgu.;1;http://localhost/images/product_images/zestawboxkompozycjeczarne/img_0.jpg, http://localhost/images/product_images/zestawboxkompozycjeczarne/img_1.jpg, http://localhost/images/product_images/zestawboxkompozycjeczarne/img_2.jpg, http://localhost/images/product_images/zestawboxkompozycjeczarne/img_3.jpg, http://localhost/images/product_images/zestawboxkompozycjeczarne/img_4.jpg, http://localhost/images/product_images/zestawboxkompozycjeczarne/img_5.jpg, http://localhost/images/product_images/zestawboxkompozycjeczarne/img_6.jpg, http://localhost/images/product_images/zestawboxkompozycjeczarne/img_7.jpg, http://localhost/images/product_images/zestawboxkompozycjeczarne/img_8.jpg, http://localhost/images/product_images/zestawboxkompozycjeczarne/img_9.jpg, http://localhost/images/product_images/zestawboxkompozycjeczarne/img_10.jpg, http://localhost/images/product_images/zestawboxkompozycjeczarne/img_11.jpg;1
;1;ZESTAW DLA NAUCZYCIELA;Prezenty,Zestawy prezentowe,Prezenty dla nauczyciela,Zestawy promocyjne;63.63;1;78;Zestaw dedykowany nauczycielowi.;Zestaw prezentowy zawiera:  - Herbatę czarną kompozycję Earl Grey niebieski kwiat 70g w kartoniku okazjonalnym;1;http://localhost/images/product_images/zestawdlanauczyciela/img_0.jpg, http://localhost/images/product_images/zestawdlanauczyciela/img_1.jpg, http://localhost/images/product_images/zestawdlanauczyciela/img_2.jpg, http://localhost/images/product_images/zestawdlanauczyciela/img_3.jpg, http://localhost/images/product_images/zestawdlanauczyciela/img_4.jpg, http://localhost/images/product_images/zestawdlanauczyciela/img_5.jpg, http://localhost/images/product_images/zestawdlanauczyciela/img_6.jpg;1
;1;ZESTAW DLA NAUCZYCIELA 2 HERBATY;Prezenty,Zestawy prezentowe,Cyber Monday,Prezenty dla nauczyciela;69.9;1;97;Podwójny zestaw herbaciany dedykowany nauczycielowi.;Zestaw prezentowy zawiera:;1;http://localhost/images/product_images/zestawdlanauczyciela2herbaty/img_0.jpg, http://localhost/images/product_images/zestawdlanauczyciela2herbaty/img_1.jpg, http://localhost/images/product_images/zestawdlanauczyciela2herbaty/img_2.jpg, http://localhost/images/product_images/zestawdlanauczyciela2herbaty/img_3.jpg;1
;1;ZESTAW DLA NAUCZYCIELA 3 HERBATY;Prezenty,Zestawy prezentowe,Prezenty dla nauczyciela;59.43;1;82;Potrójny zestaw herbaciany dedykowany nauczycielowi.;Zestaw prezentowy zawiera:  - Herbatę czarną kompozycję Earl Grey niebieski kwiat 70g w kartoniku okazjonalnym;1;http://localhost/images/product_images/zestawdlanauczyciela3herbaty/img_0.jpg, http://localhost/images/product_images/zestawdlanauczyciela3herbaty/img_1.jpg, http://localhost/images/product_images/zestawdlanauczyciela3herbaty/img_2.jpg, http://localhost/images/product_images/zestawdlanauczyciela3herbaty/img_3.jpg;1
;1;ZESTAW DLA NAUCZYCIELA 3 HERBATY KLASYCZNE;Prezenty,Zestawy prezentowe,Cyber Monday,Prezenty dla nauczyciela;59.43;1;67;Potrójny zestaw herbaciany dedykowany nauczycielowi.;Zestaw prezentowy zawiera:  - Herbatę czarną Assam Dekorai 70g w kartoniku okazjonalnym;1;http://localhost/images/product_images/zestawdlanauczyciela3herbatyklasyczne/img_0.jpg, http://localhost/images/product_images/zestawdlanauczyciela3herbatyklasyczne/img_1.jpg, http://localhost/images/product_images/zestawdlanauczyciela3herbatyklasyczne/img_2.jpg, http://localhost/images/product_images/zestawdlanauczyciela3herbatyklasyczne/img_3.jpg, http://localhost/images/product_images/zestawdlanauczyciela3herbatyklasyczne/img_4.jpg;1
;1;ZESTAW DOMEK;Prezenty,Zestawy prezentowe,Prezenty na Święta;79.9;1;67;Potrójny zestaw herbaciany;Zestaw prezentowy zawiera:;1;http://localhost/images/product_images/zestawdomek/img_0.jpg, http://localhost/images/product_images/zestawdomek/img_1.jpg, http://localhost/images/product_images/zestawdomek/img_2.jpg, http://localhost/images/product_images/zestawdomek/img_3.jpg, http://localhost/images/product_images/zestawdomek/img_4.jpg, http://localhost/images/product_images/zestawdomek/img_5.jpg;1
;1;KOMU W DROGĘ, MADAGASKAR;Herbaty w kartonikach okazjonalnych,Prezenty dla mężczyzny,Prezenty dla kobiety,Herbaty pakowane;26.9;1;60;Czarna kompozycja 70g;Kalejdoskop smaków i barw, który tworzy kompozycja czarnej herbaty z soczystymi truskawkami oraz orzeźwiającą skórką pomarańczy, całość otulają aromatyczne płatki bławatka. Już przy otwarciu torebki pomieszczenie wypełnia się uroczym, kwiatowym zapachem. Wraz z pierwszym łykiem przenosimy się w gorący klimat dalekich, egzotycznych krajów.;1;http://localhost/images/product_images/komuwdrogmadagaskar/img_0.jpg, http://localhost/images/product_images/komuwdrogmadagaskar/img_1.jpg;1
;1;ZESTAW BIAŁE PŁATKI ŚNIEGU;Prezenty na Święta;74.9;1;37;Zestaw trzech herbat zimowych;Zestaw prezentowy zawiera:;1;http://localhost/images/product_images/zestawbiaepatkiniegu/img_0.jpg, http://localhost/images/product_images/zestawbiaepatkiniegu/img_1.jpg, http://localhost/images/product_images/zestawbiaepatkiniegu/img_2.jpg, http://localhost/images/product_images/zestawbiaepatkiniegu/img_3.jpg, http://localhost/images/product_images/zestawbiaepatkiniegu/img_4.jpg;1
;1;ZESTAW BOGACTWO SMAKÓW - LAPONIA;Prezenty na Święta;59.9;1;99;Zestaw prezentowy ze słodkościami.;Zestaw prezentowy zawiera:;1;http://localhost/images/product_images/zestawbogactwosmakw-laponia/img_0.jpg, http://localhost/images/product_images/zestawbogactwosmakw-laponia/img_1.jpg, http://localhost/images/product_images/zestawbogactwosmakw-laponia/img_2.jpg;1
;1;ZESTAW BOX ŚWIĄTECZNY;Prezenty na Święta;149.9;1;97;Zestaw herbaciany 10x50g;Herbaty czarne, ze względu na swój organiczny skład, działają antybakteryjnie, detoksykują, są antygrzybiczne, przeciwzapalne, wyciszają i pobudzają w odpowiednich momentach. Ich regularne wypijanie wpływa na ukojenie i odżywienie organizmu, dzięki czemu pracuje on na pełnych obrotach. Dodatkowo, związki zawarte w napoju, jakim są herbaty czarne, regulują poziom ciśnienia tętniczego krwi, usuwają zły cholesterol, stabilizują układ odpornościowy, ośrodkowy układ nerwowy, zabezpieczając przy tym pracę serca, nerek, jelit i wątroby – a co najważniejsze – również naszego mózgu.;1;http://localhost/images/product_images/zestawboxwiteczny/img_0.jpg, http://localhost/images/product_images/zestawboxwiteczny/img_1.jpg, http://localhost/images/product_images/zestawboxwiteczny/img_2.jpg, http://localhost/images/product_images/zestawboxwiteczny/img_3.jpg, http://localhost/images/product_images/zestawboxwiteczny/img_4.jpg, http://localhost/images/product_images/zestawboxwiteczny/img_5.jpg, http://localhost/images/product_images/zestawboxwiteczny/img_6.jpg, http://localhost/images/product_images/zestawboxwiteczny/img_7.jpg, http://localhost/images/product_images/zestawboxwiteczny/img_8.jpg, http://localhost/images/product_images/zestawboxwiteczny/img_9.jpg, http://localhost/images/product_images/zestawboxwiteczny/img_10.jpg, http://localhost/images/product_images/zestawboxwiteczny/img_11.jpg, http://localhost/images/product_images/zestawboxwiteczny/img_12.jpg, http://localhost/images/product_images/zestawboxwiteczny/img_13.jpg, http://localhost/images/product_images/zestawboxwiteczny/img_14.jpg, http://localhost/images/product_images/zestawboxwiteczny/img_15.jpg, http://localhost/images/product_images/zestawboxwiteczny/img_16.jpg;1
;1;ZESTAW DWIE HERBATY W PUSZKACH;Prezenty na Święta;99.9;1;33;Zestaw 2 herbat w puszkach;Zestaw prezentowy zawiera :;1;http://localhost/images/product_images/zestawdwieherbatywpuszkach/img_0.jpg, http://localhost/images/product_images/zestawdwieherbatywpuszkach/img_1.jpg, http://localhost/images/product_images/zestawdwieherbatywpuszkach/img_2.jpg, http://localhost/images/product_images/zestawdwieherbatywpuszkach/img_3.jpg, http://localhost/images/product_images/zestawdwieherbatywpuszkach/img_4.jpg;1
;1;ZESTAW DZYŃ DZYŃ DZYŃ;Prezenty na Święta,Prezenty z bakaliami;149.9;1;23;Zestaw prezentowy;Zestaw prezentowy zawiera :;1;http://localhost/images/product_images/zestawdzydzydzy/img_0.jpg;1
;1;ZESTAW HERBACIANY SREBRNY;Prezenty,Zestawy prezentowe,Prezenty na Święta;79.9;1;16;Zestaw świąteczny srebrny;;1;http://localhost/images/product_images/zestawherbacianysrebrny/img_0.jpg, http://localhost/images/product_images/zestawherbacianysrebrny/img_1.jpg, http://localhost/images/product_images/zestawherbacianysrebrny/img_2.jpg, http://localhost/images/product_images/zestawherbacianysrebrny/img_5.jpg, http://localhost/images/product_images/zestawherbacianysrebrny/img_6.jpg;1
;1;ZESTAW HERBACIANY ZŁOTY;Prezenty,Zestawy prezentowe,Prezenty na Święta;159.9;1;20;Zestaw świąteczny złoty;;1;http://localhost/images/product_images/zestawherbacianyzoty/img_0.jpg, http://localhost/images/product_images/zestawherbacianyzoty/img_1.jpg, http://localhost/images/product_images/zestawherbacianyzoty/img_2.jpg, http://localhost/images/product_images/zestawherbacianyzoty/img_3.jpg, http://localhost/images/product_images/zestawherbacianyzoty/img_4.jpg;1
;1;ZESTAW KULIG;Prezenty,Zestawy prezentowe,Prezenty na Święta;54.9;1;82;Podwójny zestaw herbaciany;Zestaw prezentowy zawiera :;1;http://localhost/images/product_images/zestawkulig/img_0.jpg, http://localhost/images/product_images/zestawkulig/img_1.jpg, http://localhost/images/product_images/zestawkulig/img_2.jpg, http://localhost/images/product_images/zestawkulig/img_3.jpg;1
;1;ZESTAW MAGICZNY CZAS;Prezenty na Święta;29.9;1;19;Zestaw prezentowy zawierający herbatę oraz czekoladki;Zestaw prezentowy zawiera:;1;http://localhost/images/product_images/zestawmagicznyczas/img_0.jpg, http://localhost/images/product_images/zestawmagicznyczas/img_1.jpg, http://localhost/images/product_images/zestawmagicznyczas/img_2.jpg, http://localhost/images/product_images/zestawmagicznyczas/img_3.jpg;1
;1;ZESTAW MAGICZNY NASTRÓJ;Prezenty na Święta;29.9;1;42;Zestaw prezentowy zawierający herbatę oraz czekoladki;Zestaw prezentowy zawiera:;1;http://localhost/images/product_images/zestawmagicznynastrj/img_0.jpg, http://localhost/images/product_images/zestawmagicznynastrj/img_1.jpg, http://localhost/images/product_images/zestawmagicznynastrj/img_2.jpg, http://localhost/images/product_images/zestawmagicznynastrj/img_3.jpg;1
;1;ZESTAW NOWOROCZNY;Prezenty na Święta;59.9;1;11;Zestaw trzech herbat zimowych;Zestaw prezentowy zawiera:;1;http://localhost/images/product_images/zestawnoworoczny/img_0.jpg, http://localhost/images/product_images/zestawnoworoczny/img_1.jpg, http://localhost/images/product_images/zestawnoworoczny/img_2.jpg, http://localhost/images/product_images/zestawnoworoczny/img_3.jpg, http://localhost/images/product_images/zestawnoworoczny/img_4.jpg;1
;1;ZESTAW RENIFEREK;Prezenty na Święta;64.9;1;59;Zestaw trzech czarnych herbat zimowych;Zestaw prezentowy zawiera:;1;http://localhost/images/product_images/zestawreniferek/img_0.jpg, http://localhost/images/product_images/zestawreniferek/img_1.jpg, http://localhost/images/product_images/zestawreniferek/img_2.jpg, http://localhost/images/product_images/zestawreniferek/img_3.jpg, http://localhost/images/product_images/zestawreniferek/img_4.jpg;1
;1;ZESTAW ŚNIEŻNE ŚWIĘTA;Prezenty na Święta;109.9;1;33;Zestaw prezentowy Śnieżne święta;Zestaw prezentowy zawiera :;1;http://localhost/images/product_images/zestawnienewita/img_0.jpg, http://localhost/images/product_images/zestawnienewita/img_1.jpg, http://localhost/images/product_images/zestawnienewita/img_2.jpg, http://localhost/images/product_images/zestawnienewita/img_3.jpg, http://localhost/images/product_images/zestawnienewita/img_4.jpg, http://localhost/images/product_images/zestawnienewita/img_5.jpg;1
;1;ZESTAW ŚWIĄTECZNA SKRZYNKA;Prezenty na Święta;149.9;1;63;Zestaw herbaciany z syropem;Zestaw prezentowy zawiera :;1;http://localhost/images/product_images/zestawwitecznaskrzynka/img_0.jpg, http://localhost/images/product_images/zestawwitecznaskrzynka/img_1.jpg, http://localhost/images/product_images/zestawwitecznaskrzynka/img_2.jpg, http://localhost/images/product_images/zestawwitecznaskrzynka/img_3.jpg, http://localhost/images/product_images/zestawwitecznaskrzynka/img_4.jpg, http://localhost/images/product_images/zestawwitecznaskrzynka/img_5.jpg;1
;1;ZESTAW WESOŁYCH ŚWIĄT;Prezenty na Święta;84.9;1;45;Potrójny zestaw kompozycji herbacianych;Zestaw prezentowy zawiera:;1;http://localhost/images/product_images/zestawwesoychwit/img_0.jpg, http://localhost/images/product_images/zestawwesoychwit/img_1.jpg, http://localhost/images/product_images/zestawwesoychwit/img_2.jpg, http://localhost/images/product_images/zestawwesoychwit/img_3.jpg, http://localhost/images/product_images/zestawwesoychwit/img_4.jpg;1
;1;KAWA TO DOBRY POMYSŁ;Kawy Paczkowane,Prezenty dla zakochanych;26.9;1;39;Kawa smakowa Miłość w Paryżu w kartoniku okazjonalnym (100g).;Kawy smakowe należą do naszych specjalności. Niezwykłe propozycje komponowane są w oparciu o kolumbijską kawę Excelso z odmiany arabika, której walory doskonale współgrają z najróżniejszymi aromatami. To niesamowite, jakimi smakami może oczarować nas kawa, zachowując przy tym odpowiednie proporcje i balans.;1;http://localhost/images/product_images/kawatodobrypomys/img_0.jpg;1
;1;NARCYZY LAZY DAY;Herbaty w kartonikach okazjonalnych,Prezenty dla kobiety,Prezenty dla zakochanych,Prezenty dla Babci i Dziadka;19.9;1;85;Czarna kompozycja 70g;Czarna herbata z dodatkiem egzotycznej papai oraz orzeźwiającej pomarańczy, dopełniona liśćmi malin. Napar po zaparzeniu ma piękną, bursztynową barwę. W smaku możemy wyczuć słodycz papai. Całość kompozycji jest niezwykle aromatyczna. W zapachu odnajdziemy nuty maliny.  Składniki: herbata czarna OP, papaja kandyzowana (papaja, cukier), pomarańcza crunch (koncentrat soku pomarańczowego, cząstki pomarańczy), malina liść, bławatek, aromat.  Wartość odżywcza w 100g: wartość energetyczna 176,0 kJ / 42,0 kcal, tłuszcze 0,0 g, węglowodany 9,1g (w tym cukry 7,7 g), błonnik 0,9g, białko 0,0 g, sól 0,0g, sód 0,0g.  Kraj pochodzenia: Wietnam;1;http://localhost/images/product_images/narcyzylazyday/img_0.jpg, http://localhost/images/product_images/narcyzylazyday/img_1.jpg;1
;1;SPEŁNIAJ MARZENIA, CASABLANCA;Herbaty w kartonikach okazjonalnych,Herbaty pakowane,Prezenty dla zakochanych;32.9;1;89;Czarna kompozycja 70g;Czarna herbata Ceylon High Grown z dodatkiem melisy oraz kawałków jabłek, truskawek i ananasa w połączeniu z naturalnymi aromatami truskawki i ananasa.;1;http://localhost/images/product_images/speniajmarzeniacasablanca/img_0.jpg, http://localhost/images/product_images/speniajmarzeniacasablanca/img_1.jpg;1
;1;ZESTAW DWIE HERBATY SERCA;Prezenty,Zestawy prezentowe,Prezenty dla mamy,Prezenty dla kobiety,Prezenty dla zakochanych,Prezenty dla Babci i Dziadka;56.9;1;13;Zestaw prezentowy zawierający dwie uniwersalne herbaty.;Zestaw Herbaciany – Twoja Codzienna Przyjemność;1;http://localhost/images/product_images/zestawdwieherbatyserca/img_0.jpg, http://localhost/images/product_images/zestawdwieherbatyserca/img_1.jpg, http://localhost/images/product_images/zestawdwieherbatyserca/img_2.jpg, http://localhost/images/product_images/zestawdwieherbatyserca/img_3.jpg;1
;1;ZESTAW FLOWER POWER BOGACTWO SMAKÓW;Prezenty,Zestawy prezentowe,Prezenty dla mamy,Prezenty dla kobiety,Prezenty dla zakochanych,Prezenty z bakaliami,Zestawy promocyjne;61.9;1;19;Zestaw prezentowy zawierający herbatę, bakalie oraz smakowy miód.;Zestaw prezentowy zawiera:;1;http://localhost/images/product_images/zestawflowerpowerbogactwosmakw/img_0.jpg, http://localhost/images/product_images/zestawflowerpowerbogactwosmakw/img_1.jpg, http://localhost/images/product_images/zestawflowerpowerbogactwosmakw/img_2.jpg, http://localhost/images/product_images/zestawflowerpowerbogactwosmakw/img_3.jpg, http://localhost/images/product_images/zestawflowerpowerbogactwosmakw/img_4.jpg;1
;1;ZESTAW FLOWER POWER DWIE HERBATY;Prezenty,Zestawy prezentowe,Prezenty dla mamy,Prezenty dla kobiety,Prezenty dla zakochanych;55.9;1;88;Zestaw prezentowy zawierający dwie uniwersalne herbaty.;Zestaw prezentowy zawiera:  - Herbatę zielona Aloe Vera 70g w kartoniku okazjonalnym - Herbatę czarną kompozycję Earl Grey Madam Grey 70g w kartoniku okazjonalnym - Pudełko eco z okienkiem przewiązane rafią;1;http://localhost/images/product_images/zestawflowerpowerdwieherbaty/img_0.jpg, http://localhost/images/product_images/zestawflowerpowerdwieherbaty/img_1.jpg, http://localhost/images/product_images/zestawflowerpowerdwieherbaty/img_2.jpg;1
;1;ZESTAW HERBACIANY SKRZYNKA AŻUR;Prezenty,Zestawy prezentowe,Prezenty dla mamy,Prezenty dla kobiety,Prezenty dla zakochanych,Prezenty dla Babci i Dziadka;79.9;1;35;Zestaw 2 kompozycje herbaciane zielone;Zestaw Herbaciany – Twoja Codzienna Przyjemność;1;http://localhost/images/product_images/zestawherbacianyskrzynkaaur/img_0.jpg, http://localhost/images/product_images/zestawherbacianyskrzynkaaur/img_1.jpg, http://localhost/images/product_images/zestawherbacianyskrzynkaaur/img_2.jpg, http://localhost/images/product_images/zestawherbacianyskrzynkaaur/img_3.jpg, http://localhost/images/product_images/zestawherbacianyskrzynkaaur/img_4.jpg;1
;1;ZESTAW HERBATA I KAWA;Prezenty,Zestawy prezentowe,Prezenty dla zakochanych,Prezenty dla nauczyciela,Prezenty dla Babci i Dziadka,Prezenty z bakaliami;89.9;1;85;Zestaw prezentowy zawierający herbatę, kawę oraz bakalie.;Zestaw prezentowy zawiera:  - Herbatę czarną Darjeeling first flush 70g w kartoniku okazjonalnym - Kawę ziarnistą Brazylia Yellow Bourbon 100g w kartoniku okazjonalnym - Migdały w mlecznej czekoladzie z cynamonem op. 100g - Pudełko eco z okienkiem przewiązane rafią;1;http://localhost/images/product_images/zestawherbataikawa/img_0.jpg, http://localhost/images/product_images/zestawherbataikawa/img_1.jpg, http://localhost/images/product_images/zestawherbataikawa/img_2.jpg, http://localhost/images/product_images/zestawherbataikawa/img_3.jpg, http://localhost/images/product_images/zestawherbataikawa/img_4.jpg;1
;1;ZESTAW HERBACIANY;Prezenty,Zestawy prezentowe,Prezenty dla nauczyciela,Prezenty dla Babci i Dziadka;87.9;1;69;Zestaw prezentowy zawierający trzy uniwersalne herbaty.;Zestaw prezentowy zawiera:  - Herbatę czarną English breakfast 70g w kartoniku okazjonalnym - Herbatę czarną Earl grey niebieski kwiat 70g w kartoniku okazjonalnym - Herbatę czarną Hiszpańska mandarynka 70g w kartoniku okazjonalnym - Pudełko eco z okienkiem przewiązane rafią;1;http://localhost/images/product_images/zestawherbaciany/img_0.jpg, http://localhost/images/product_images/zestawherbaciany/img_1.jpg, http://localhost/images/product_images/zestawherbaciany/img_2.jpg, http://localhost/images/product_images/zestawherbaciany/img_3.jpg, http://localhost/images/product_images/zestawherbaciany/img_4.jpg;1
;1;ZESTAW OWOCOWY KOSZYK DLA NAUCZYCIELA;Prezenty,Zestawy prezentowe,Prezenty dla mamy,Prezenty dla kobiety,Prezenty dla nauczyciela,Prezenty dla Babci i Dziadka,Zestawy promocyjne;134.9;1;94;Owocowy zestaw w bambusowym koszyku.;Zestaw prezentowy zawiera:  - Herbatę owocową Bora Bora 70g w kartoniku okazjonalnym;1;http://localhost/images/product_images/zestawowocowykoszykdlanauczyciela/img_0.jpg, http://localhost/images/product_images/zestawowocowykoszykdlanauczyciela/img_1.jpg, http://localhost/images/product_images/zestawowocowykoszykdlanauczyciela/img_2.jpg;1
;1;ZESTAW ROZMAITOŚCI W PUDEŁKU;Prezenty,Zestawy prezentowe,Prezenty dla mężczyzny,Prezenty dla nauczyciela,Prezenty z bakaliami;169.9;1;3;Zestaw prezentowy ze słodkościami.;Zestaw prezentowy zawiera:  - Kawa smakowa Miłość w Paryżu 100g,;1;http://localhost/images/product_images/zestawrozmaitociwpudeku/img_0.jpg, http://localhost/images/product_images/zestawrozmaitociwpudeku/img_1.jpg, http://localhost/images/product_images/zestawrozmaitociwpudeku/img_2.jpg, http://localhost/images/product_images/zestawrozmaitociwpudeku/img_3.jpg, http://localhost/images/product_images/zestawrozmaitociwpudeku/img_4.jpg, http://localhost/images/product_images/zestawrozmaitociwpudeku/img_5.jpg;1
;1;ZESTAW Z KUBKIEM;Prezenty,Zestawy prezentowe,Prezenty dla mamy,Prezenty dla kobiety,Prezenty dla nauczyciela,Prezenty dla Babci i Dziadka;169.9;1;83;Zestaw z kubkami w bambusowym koszyku.;Zestaw prezentowy zawiera:  - Herbatę czarną Śniadanie u Tiffanny'ego 70g w kartoniku okazjonalnym;1;http://localhost/images/product_images/zestawzkubkiem/img_0.jpg, http://localhost/images/product_images/zestawzkubkiem/img_1.jpg, http://localhost/images/product_images/zestawzkubkiem/img_2.jpg, http://localhost/images/product_images/zestawzkubkiem/img_3.jpg, http://localhost/images/product_images/zestawzkubkiem/img_4.jpg, http://localhost/images/product_images/zestawzkubkiem/img_5.jpg, http://localhost/images/product_images/zestawzkubkiem/img_6.jpg;1
;1;KOSZYK BAMBUSOWY OWAL;Dodatki do prezentów;14.9;1;100;Wymiary 24,5 x 16,5 x 5 cm;Wymiary :;1;http://localhost/images/product_images/koszykbambusowyowal/img_0.jpg, http://localhost/images/product_images/koszykbambusowyowal/img_1.jpg;1
;1;KOSZYK BAMBUSOWY XXL;Dodatki do prezentów;19.9;1;73;Wymiary 38 x 28 x 8 cm;Wymiary koszyka*:;1;http://localhost/images/product_images/koszykbambusowyxxl/img_0.jpg, http://localhost/images/product_images/koszykbambusowyxxl/img_1.jpg;1
;1;KOSZYK RATTANOWY OKRĄGŁY;Dodatki do prezentów;40.9;1;38;Wymiary 26 x 26 x 7 cm;Wymiary koszyka*:;1;http://localhost/images/product_images/koszykrattanowyokrgy/img_0.jpg, http://localhost/images/product_images/koszykrattanowyokrgy/img_1.jpg, http://localhost/images/product_images/koszykrattanowyokrgy/img_2.jpg;1
;1;KOSZYK RATTANOWY Z UCHWYTAMI OWALNY;Dodatki do prezentów;36.9;1;41;Wymiary 26 x 22 x 10 cm;Wymiary koszyka*:;1;http://localhost/images/product_images/koszykrattanowyzuchwytamiowalny/img_0.jpg, http://localhost/images/product_images/koszykrattanowyzuchwytamiowalny/img_1.jpg, http://localhost/images/product_images/koszykrattanowyzuchwytamiowalny/img_2.jpg;1
;1;KOSZYK WIKLINOWY BIAŁY;Dodatki do prezentów;30.9;1;62;Wymiary 36 x 17 x 12 cm;Koszyk wykonany jest z wikliny. Środek wykończony jest folią.;1;http://localhost/images/product_images/koszykwiklinowybiay/img_0.jpg, http://localhost/images/product_images/koszykwiklinowybiay/img_1.jpg;1
;1;SKRZYNKA AŻUROWA NA 2 PUSZKI FIRMOWE;Dodatki do prezentów;43.9;1;99;Skrzynka ażurowa na dwie puszki firmowe z herbatą.;Drewniana skrzynka z logo Czas na Herbatę przeznaczona jest na dwie puszki z herbatą wybraną z zakładki HERBATY W PUSZKACH:;1;http://localhost/images/product_images/skrzynkaaurowana2puszkifirmowe/img_0.jpg, http://localhost/images/product_images/skrzynkaaurowana2puszkifirmowe/img_1.jpg, http://localhost/images/product_images/skrzynkaaurowana2puszkifirmowe/img_2.jpg;1
;1;SKRZYNKA AŻUROWA NA 4 PUSZKI FIRMOWE;Dodatki do prezentów;53.9;1;53;Skrzynka ażurowa na cztery puszki firmowe z herbatą.;Drewniana skrzynka z logo Czas na Herbatę przeznaczona jest na cztery puszki z herbatą wybraną z zakładki HERBATY W PUSZKACH:;1;http://localhost/images/product_images/skrzynkaaurowana4puszkifirmowe/img_0.jpg, http://localhost/images/product_images/skrzynkaaurowana4puszkifirmowe/img_1.jpg, http://localhost/images/product_images/skrzynkaaurowana4puszkifirmowe/img_2.jpg;1
;1;SKRZYNKA DREWNIANA;Dodatki do prezentów;25.9;1;35;Wymiary 32 x 22 x 5,5 cm;Wymiary :;1;http://localhost/images/product_images/skrzynkadrewniana/img_0.jpg, http://localhost/images/product_images/skrzynkadrewniana/img_1.jpg, http://localhost/images/product_images/skrzynkadrewniana/img_2.jpg;1
;1;USŁUGA PAKOWANIA NA PREZENT;Dodatki do prezentów;9;1;42;Dodaj do zakupionych produktów i stwórz własny zestaw prezentowy.;Dodaj do zakupionych produktów i stwórz własny zestaw prezentowy zapakowany w koszyk z celofanem, pudełko lub sam celofan (dopasowujemy samodzielnie biorąc pod uwagę wielkość prezentu, ilość produktów i ich rodzaj).;1;http://localhost/images/product_images/usugapakowanianaprezent/img_0.jpg;1
;1;LAWENDOWY ZESTAW DO HERBATY;Kubki,Prezenty dla Babci i Dziadka,Pozostałe;86.9;1;5;Zestaw filizanek w prezentowym opakowaniu - 2x200ml.;Wymiary :;1;http://localhost/images/product_images/lawendowyzestawdoherbaty/img_0.jpg, http://localhost/images/product_images/lawendowyzestawdoherbaty/img_1.jpg;1
;1;ZESTAW DZIĘKUJĘ! W SKRZYNCE;Prezenty,Zestawy prezentowe,Prezenty dla kobiety,Prezenty dla Babci i Dziadka,Prezenty z bakaliami;139.9;1;27;Zestaw prezentowy - słodkie dodatki.;Zestaw prezentowy zawiera :;1;http://localhost/images/product_images/zestawdzikujwskrzynce/img_0.jpg, http://localhost/images/product_images/zestawdzikujwskrzynce/img_1.jpg, http://localhost/images/product_images/zestawdzikujwskrzynce/img_2.jpg, http://localhost/images/product_images/zestawdzikujwskrzynce/img_3.jpg, http://localhost/images/product_images/zestawdzikujwskrzynce/img_4.jpg, http://localhost/images/product_images/zestawdzikujwskrzynce/img_5.jpg, http://localhost/images/product_images/zestawdzikujwskrzynce/img_6.jpg, http://localhost/images/product_images/zestawdzikujwskrzynce/img_7.jpg, http://localhost/images/product_images/zestawdzikujwskrzynce/img_8.jpg;1
;1;ZESTAW ROMANTYCZNY;Prezenty,Zestawy prezentowe,Prezenty dla kobiety,Prezenty dla zakochanych,Prezenty z bakaliami;91.9;1;5;Zestaw prezentowy zawierający herbatę, kawę smakową oraz bakalie.;Zestaw prezentowy zawiera:  - Herbatę owocową Paris Paris 70g w kartoniku okazjonalnym - Kawę smakową ziarnistą Miłość w Paryżu 100g w kartoniku okazjonalnym - Truskawki w mlecznej czekoladzie - Pudełko eco z okienkiem przewiązane rafią;1;http://localhost/images/product_images/zestawromantyczny/img_0.jpg, http://localhost/images/product_images/zestawromantyczny/img_1.jpg, http://localhost/images/product_images/zestawromantyczny/img_2.jpg, http://localhost/images/product_images/zestawromantyczny/img_3.jpg, http://localhost/images/product_images/zestawromantyczny/img_4.jpg;1
;1;DZIĘKUJĘ! LAZY DAY;Drobne upominki;5.9;1;42;Czarna kompozycja 20g;Czarna herbata z dodatkiem egzotycznej papai oraz orzeźwiającej pomarańczy, dopełniona liśćmi malin. Napar po zaparzeniu ma piękną, bursztynową barwę. W smaku możemy wyczuć słodycz papai. Całość kompozycji jest niezwykle aromatyczna. W zapachu odnajdziemy nuty maliny.  Składniki: herbata czarna OP, papaja kandyzowana (papaja, cukier), pomarańcza crunch (koncentrat soku pomarańczowego, cząstki pomarańczy), malina liść, bławatek, aromat.  Wartość odżywcza w 100g: wartość energetyczna 176,0 kJ / 42,0 kcal, tłuszcze 0,0 g, węglowodany 9,1g (w tym cukry 7,7 g), błonnik 0,9g, białko 0,0 g, sól 0,0g, sód 0,0g.  Kraj pochodzenia: Wietnam;1;http://localhost/images/product_images/dzikujlazyday/img_0.jpg, http://localhost/images/product_images/dzikujlazyday/img_1.jpg;1
;1;EG LEMON DLA MĘŻCZYZNY;Drobne upominki;5.9;1;20;Herbata Earl Grey z dodatkiem skórki cytrynowej w kartoniku 20g;Klasyczna kompozycja herbaty Earl Grey wzbogacona skórką dojrzałej cytryny. Orzeźwiający smak egzotycznego owocu podkreśla bogaty bukiet naparu nadając mu przyjemnego kwaskowego wyrazu. Herbata Earl Grey swój niepowtarzalny smak i aromat zawdzięcza olejkowi z bergamotki. Nazwę bergamotka wprowadzili Turcy określając tym mianem uprawiany w strefie śródziemnomorskiej owoc Książęcej Gruszki zbliżony kształtem do owoców cytrusowych, posiadający grubą, mięsistą skórkę. Właśnie z tej skóry tłoczony jest aromatyczny olejek dodawany między innymi do herbat typu Earl Grey.;1;http://localhost/images/product_images/eglemondlamczyzny/img_0.jpg, http://localhost/images/product_images/eglemondlamczyzny/img_1.jpg;1
;1;PYCHOTKA NA DZIEŃ KOBIET;Drobne upominki;5.9;1;85;Czarna kompozycja Pychotka w kartoniku 20g;Kompozycja na bazie czarnej herbaty z dodatkiem jabłka i truskawki oraz kwiatów słonecznika. W nutach zapachowych dominuje truskawka. To idealna propozycja dla osób lubiących czarną herbatę z owocową słodyczą.  Składniki: herbata czarna OP, jabłko suszone, truskawka liofilizowana, słonecznik kwiat, aromat.  Kraj pochodzenia: Wietnam;1;http://localhost/images/product_images/pychotkanadziekobiet/img_0.jpg, http://localhost/images/product_images/pychotkanadziekobiet/img_1.jpg;1
;1;KALENDARZ ADWENTOWY DOMEK;Kalendarze Adwentowe;69.9;1;58;Kalendarz pełen aromatów;Przygotuj się na wyjątkowy czas oczekiwania, dzięki naszemu kalendarzowi adwentowemu z herbatą liściastą. Każde z 24 okienek skrywa starannie wyselekcjonowaną mieszankę herbaty, która umili Ci zimowe wieczory i pozwoli odkryć nowe smaki każdego dnia. Od klasycznych czarnych herbat, przez aromatyczne zielone mieszanki, aż po egzotyczne herbaty z dodatkiem owoców i przypraw – każdy dzień to nowa niespodzianka. Podaruj sobie lub bliskim codzienną chwilę relaksu i przyjemności, zanurzając się w świecie herbaty, który rozgrzeje serce i wprowadzi w świąteczny nastrój.;1;http://localhost/images/product_images/kalendarzadwentowydomek/img_0.jpg, http://localhost/images/product_images/kalendarzadwentowydomek/img_1.jpg;1
;1;KALENDARZ ADWENTOWY DUŻY;Kalendarze Adwentowe;129.9;1;39;Kalendarz pełen aromatów;Przygotuj się na wyjątkowy czas oczekiwania, dzięki naszemu kalendarzowi adwentowemu z herbatą liściastą. Każde z 24 okienek skrywa starannie wyselekcjonowaną mieszankę herbaty, która umili Ci zimowe wieczory i pozwoli odkryć nowe smaki każdego dnia. Od klasycznych czarnych herbat, przez aromatyczne zielone mieszanki, aż po egzotyczne herbaty z dodatkiem owoców i przypraw – każdy dzień to nowa niespodzianka. Podaruj sobie lub bliskim codzienną chwilę relaksu i przyjemności, zanurzając się w świecie herbaty, który rozgrzeje serce i wprowadzi w świąteczny nastrój.;1;http://localhost/images/product_images/kalendarzadwentowyduy/img_0.jpg, http://localhost/images/product_images/kalendarzadwentowyduy/img_1.jpg;1
;1;CZEKOLADA CIEMNA Z POMARAŃCZĄ;Słodkości i przekąski,Czekolada;27.9;1;1;Czekolada z dodatkami Mini Pomarańcza 50g;Czekolada ręcznie wyrabiana w Manufakturze Czekolady to idealna propozycja dla osób szukających wyrobów z wyselekcjonowanych ziaren kakao.;1;http://localhost/images/product_images/czekoladaciemnazpomaracz/img_0.jpg;1
;1;CZEKOLADA MADAGASKAR MANU;Słodkości i przekąski,Czekolada;31.9;1;100;Czekolada Madagaskar Manu 50g.;Czekolada stworzona z ziaren kakaowca pochodzących z Madagaskaru o zawartości 46% kakao. Charakteryzuje się wyczuwalnymi nutami karmelu, drewna oraz wanilii.;1;http://localhost/images/product_images/czekoladamadagaskarmanu/img_0.jpg;1
;1;CZEKOLADA MLECZNA Z MALINĄ;Słodkości i przekąski,Czekolada;27.9;1;43;Czekolada z dodatkami Mini Malina 50g;Czekolada ręcznie wyrabiana w Manufakturze Czekolady to idealna propozycja dla osób szukających wyrobów z wyselekcjonowanych ziaren kakao.;1;http://localhost/images/product_images/czekoladamlecznazmalin/img_0.jpg;1
;1;CZEKOLADA RUBY Z ŻURAWINĄ I MALINĄ;Słodkości i przekąski,Czekolada;29.9;1;86;Różowa czekolada Chocotale z dodatkiem żurawiny i maliny 75g.;Przedstawiamy Państwu nową ofertę najwyższej jakości czekolad tworzonych na Państwa oczach marki CHOCOTALE. Wśród dostępnych rodzajów znajdą Państwo zarówno słodkości z wyselekcjonowanymi owocami, jak i fantazyjne zestawienia, dedykowane osobom o wyrafinowanym podniebieniu, łączące w nieoczywisty sposób smaki owoców z ostrymi przyprawami.Całość prezentuje się niezwykle apetycznie dzięki opakowaniom z dużym okienkiem eksponującym walory wizualne ręcznie przygotowanych czekolad CHOCOTALE. Różowa czekolada to świeże odkrycie. Równie świeży i niebanalny jest jej lekko owocowy smak, który w tej tabliczce idealnie podkreślają żurawiny i maliny. Zanurz się w orzeźwiającej słodkości ruby!;1;http://localhost/images/product_images/czekoladarubyzurawinimalin/img_0.jpg;1
;1;CZEKOLADA Z BANANEM I MALINĄ;Słodkości i przekąski,Czekolada;24.9;1;39;Czekolada Chocotale ciemna z bananem i wiśnią 79g.;Tabliczka ciemnej czekolady z kawałkami słodkich suszonych bananów i apetycznymi, zachowującymi smak i zapach świeżych owoców, liofilizowanymi malinami.;1;http://localhost/images/product_images/czekoladazbananemimalin/img_0.jpg, http://localhost/images/product_images/czekoladazbananemimalin/img_1.jpg;1
;1;CZEKOLADA Z JABŁKIEM I WIŚNIĄ;Słodkości i przekąski,Czekolada;24.9;1;44;Czekolada Chocotale mleczna z jabłkiem i wiśnią 79g.;Słodko - wytrawny duet wiśni i jabłka połączony z głębią smaku klasycznej ciemnej czekolady.;1;http://localhost/images/product_images/czekoladazjabkiemiwini/img_0.jpg, http://localhost/images/product_images/czekoladazjabkiemiwini/img_1.jpg;1
;1;CZEKOLADA Z MALINĄ I JABŁKIEM;Słodkości i przekąski,Czekolada;24.9;1;43;Czekolada Chocotale ciemna z maliną i jabłkiem 80g.;Szykowna tabliczka rozpływającej się w ustach mlecznej czekolady z delikatnymi, smakowitymi malinami i orzeźwiającymi cząstkami jabłka.;1;http://localhost/images/product_images/czekoladazmalinijabkiem/img_0.jpg, http://localhost/images/product_images/czekoladazmalinijabkiem/img_1.jpg;1
;1;CZEKOLADA Z MANGO I MARAKUJĄ;Słodkości i przekąski,Czekolada;24.9;1;95;Czekolada Chocotale mleczna z dodatkiem mango i marakui 79g.;Przedstawiamy Państwu nową ofertę najwyższej jakości czekolad tworzonych na Państwa oczach marki CHOCOTALE. Wśród dostępnych rodzajów znajdą Państwo zarówno słodkości z wyselekcjonowanymi owocami, jak i fantazyjne zestawienia, dedykowane osobom o wyrafinowanym podniebieniu, łączące w nieoczywisty sposób smaki owoców z ostrymi przyprawami.Całość prezentuje się niezwykle apetycznie dzięki opakowaniom z dużym okienkiem eksponującym walory wizualne ręcznie przygotowanych czekolad CHOCOTALE.;1;http://localhost/images/product_images/czekoladazmangoimarakuj/img_0.jpg, http://localhost/images/product_images/czekoladazmangoimarakuj/img_1.jpg;1
;1;CZEKOLADA Z MIGDAŁEM I SOLĄ MANU;Słodkości i przekąski,Czekolada;24.9;1;11;Czekolada mleczna z migdałami i solą morską 60g.;Czekolada mleczna o zawartości 44% kakao z dodatkiem prażonych migdałów i soli morskiej.;1;http://localhost/images/product_images/czekoladazmigdaemisolmanu/img_0.jpg;1
;1;CZEKOLADA Z PIWEM MANU;Słodkości i przekąski,Czekolada;34.9;1;52;Czekolada mleczna z palonym słodem jęczmiennym 60g.;Czekolada mleczna o zawartości 44% kakao z dodatkiem palonego słodu jęczmiennego.;1;http://localhost/images/product_images/czekoladazpiwemmanu/img_0.jpg;1
;1;CZEKOLADA Z ŻURAWINĄ I PISTACJAMI;Słodkości i przekąski,Czekolada;24.9;1;76;Czekolada Chocotale biała z żurawiną i pistacjami 81g.;Niezwykłe połączenie delikatnej, białej czekolady z chrupiącymi pistacjami i owocami żurawiny. Pięknie wygląda i świetnie smakuje, co czyni ją nie tylko perfekcyjnym deserem, ale też sprawia, że będzie idealnym upominkiem.;1;http://localhost/images/product_images/czekoladazurawinipistacjami/img_0.jpg, http://localhost/images/product_images/czekoladazurawinipistacjami/img_1.jpg;1
;1;CZEKOLADA ZE ŚLIWKĄ I KARDAMONEM;Słodkości i przekąski,Czekolada;24.9;1;65;Czekolada Chocotale ciemna ze śliwką i kardamonem 77g.;Tabliczka pełnomlecznej czekolady łącząca głębię i wyrazistość soczystej śliwki z korzennym smakiem kardamonu. Daj się uwieść temu przysmakowi.;1;http://localhost/images/product_images/czekoladazeliwkikardamonem/img_0.jpg, http://localhost/images/product_images/czekoladazeliwkikardamonem/img_1.jpg;1
;1;MINI CZEKOLADKA MLECZNA;Słodkości i przekąski,Czekolada;1.69;1;23;Wyśmienita czekoladka z czekolady mlecznej.;"Elegancka czekoladka wykonana z wyśmienitej, wysokiej jakości czekolady mlecznej Callebaut pochodzącej z Belgii. Czekolada z tego kraju uważana jest za najlepszą na świecie, gdyż belgijscy producenci używają najczęściej najwyższej jakości ziaren kakao. Callebaut jest często używana przez smakoszy ze względu na jej smak, który pozostaje niezmienny przez dziesięciolecia. Na każdej czekoladce widnieje sentencja ""Miłego dnia"". Idealnie pasuje jako dodatek do kawy, herbaty, prezentów lub jako słodka przekąska.";1;http://localhost/images/product_images/miniczekoladkamleczna/img_0.jpg;1
;1;GORĄCA CZEKOLADA CIEMNA;Słodkości i przekąski,Czekolada na Gorąco;42.9;1;31;Czekolada na gorąco do samodzielnego przygotowania 200g.;Czekolada do picia.;1;http://localhost/images/product_images/gorcaczekoladaciemna/img_0.jpg, http://localhost/images/product_images/gorcaczekoladaciemna/img_1.jpg;1
;1;GORĄCA CZEKOLADA CIEMNA Z WIŚNIAMI;Słodkości i przekąski,Czekolada na Gorąco;42.9;1;51;Czekolada na gorąco do samodzielnego przygotowania 200g.;Opakowanie jednostkowe: 200 g;1;http://localhost/images/product_images/gorcaczekoladaciemnazwiniami/img_0.jpg, http://localhost/images/product_images/gorcaczekoladaciemnazwiniami/img_1.jpg;1
;1;GORĄCA CZEKOLADA JABŁKO CYNAMON;Słodkości i przekąski,Czekolada na Gorąco;38.9;1;78;Czekolada na gorąco do samodzielnego przygotowania 200g.;Opakowanie jednostkowe: 200 g;1;http://localhost/images/product_images/gorcaczekoladajabkocynamon/img_0.jpg, http://localhost/images/product_images/gorcaczekoladajabkocynamon/img_1.jpg;1
;1;GORĄCA CZEKOLADA MLECZNA;Słodkości i przekąski,Czekolada na Gorąco;42.9;1;35;Czekolada na gorąco do samodzielnego przygotowania 200g.;Opakowanie jednostkowe: 200 g;1;http://localhost/images/product_images/gorcaczekoladamleczna/img_0.jpg, http://localhost/images/product_images/gorcaczekoladamleczna/img_1.jpg;1
;1;GORĄCA CZEKOLADA Z CAPPUCCINO;Słodkości i przekąski,Czekolada na Gorąco;42.9;1;88;Czekolada na gorąco do samodzielnego przygotowania 200g.;Opakowanie jednostkowe: 200 g;1;http://localhost/images/product_images/gorcaczekoladazcappuccino/img_0.jpg;1
;1;MIGDAŁ W BIAŁEJ CZEKOLADZIE Z KOKOSEM;Słodkości i przekąski,Bakalie;23.9;1;80;Najlepsze bakalie w wyśmienitej czekoladzie 100g.;Opakowanie jednostkowe: 100 g;1;http://localhost/images/product_images/migdawbiaejczekoladziezkokosem/img_0.jpg;1
;1;MIGDAŁY W MLECZNEJ CZEKOLADZIE Z CYNAMONEM;Słodkości i przekąski,Bakalie,Promocje;23.9;1;22;Najlepsze bakalie w wyśmienitej czekoladzie 100g.;Opakowanie jednostkowe: 100 g;1;http://localhost/images/product_images/migdaywmlecznejczekoladziezcynamonem/img_0.jpg;1
;1;MIGDAŁY W SŁONYM KARMELU;Słodkości i przekąski,Bakalie;23.9;1;69;Najlepsze bakalie w wyśmienitej czekoladzie 100g.;Opakowanie jednostkowe: 100 g;1;http://localhost/images/product_images/migdaywsonymkarmelu/img_0.jpg;1
;1;NERKOWCE W MLECZNEJ CZEKOLADZIE;Słodkości i przekąski,Bakalie;23.9;1;55;Najlepsze bakalie w wyśmienitej czekoladzie 100g.;Opakowanie jednostkowe: 100 g;1;http://localhost/images/product_images/nerkowcewmlecznejczekoladzie/img_0.jpg;1
;1;ORZECH LASKOWY W MLECZNEJ CZEKOLADZIE Z CYNAMONEM;Słodkości i przekąski,Bakalie;23.9;1;26;Najlepsze bakalie w wyśmienitej czekoladzie 100g.;Opakowanie jednostkowe: 100 g;1;http://localhost/images/product_images/orzechlaskowywmlecznejczekoladziezcynamonem/img_0.jpg;1
;1;TRUSKAWKI W MLECZNEJ CZEKOLADZIE;Słodkości i przekąski,Bakalie;23.9;1;97;Najlepsze bakalie w wyśmienitej czekoladzie 100g.;Opakowanie jednostkowe: 100 g;1;http://localhost/images/product_images/truskawkiwmlecznejczekoladzie/img_0.jpg;1
;1;ZIARNO KAWY W MLECZNEJ CZEKOLADZIE;Słodkości i przekąski,Bakalie;23.9;1;73;Najlepsze bakalie w wyśmienitej czekoladzie 100g.;Opakowanie jednostkowe: 100 g;1;http://localhost/images/product_images/ziarnokawywmlecznejczekoladzie/img_0.jpg;1
;1;SYROP CYNAMONOWY;Słodkości i przekąski,Syropy do kawy;11.9;1;10;Naturalny syrop do kaw i deserów 100ml.;Opakowanie jednostkowe: 100 ml;1;http://localhost/images/product_images/syropcynamonowy/img_0.jpg;1
;1;SYROP CYTRYNOWY;Słodkości i przekąski,Syropy do kawy;11.9;1;95;Naturalny syrop do kaw i deserów 100ml.;Opakowanie jednostkowe: 100 ml;1;http://localhost/images/product_images/syropcytrynowy/img_0.jpg;1
;1;SYROP IMBIROWY;Słodkości i przekąski,Syropy do kawy;11.9;1;3;Naturalny syrop do kaw i deserów 100ml.;Opakowanie jednostkowe: 100 ml;1;http://localhost/images/product_images/syropimbirowy/img_0.jpg;1
;1;SYROP KARMELOWY;Słodkości i przekąski,Syropy do kawy;11.9;1;85;Naturalny syrop do kaw i deserów 100ml.;Opakowanie jednostkowe: 100 ml;1;http://localhost/images/product_images/syropkarmelowy/img_0.jpg;1
;1;SYROP MIĘTOWY;Słodkości i przekąski,Syropy do kawy;11.9;1;10;Naturalny syrop do kaw i deserów 100ml.;Opakowanie jednostkowe: 100 ml;1;http://localhost/images/product_images/syropmitowy/img_0.jpg;1
;1;SYROP MIGDAŁOWY;Słodkości i przekąski,Syropy do kawy;11.9;1;85;Naturalny syrop do kaw i deserów 100ml.;Opakowanie jednostkowe: 100 ml;1;http://localhost/images/product_images/syropmigdaowy/img_0.jpg;1
;1;SYROP POMARAŃCZOWY;Słodkości i przekąski,Syropy do kawy;11.9;1;34;Naturalny syrop do kaw i deserów 100ml.;Opakowanie jednostkowe: 100 ml;1;http://localhost/images/product_images/syroppomaraczowy/img_0.jpg;1
;1;SYROP RÓŻANY;Słodkości i przekąski,Syropy do kawy;11.9;1;53;Naturalny syrop do kaw i deserów 100ml.;Opakowanie jednostkowe: 100 ml;1;http://localhost/images/product_images/syroprany/img_0.jpg;1
;1;SYROP SŁONY KARMEL;Słodkości i przekąski,Syropy do kawy;11.9;1;21;Naturalny syrop do kaw i deserów 100ml.;Opakowanie jednostkowe: 100 ml;1;http://localhost/images/product_images/syropsonykarmel/img_0.jpg;1
;1;SYROP WANILIOWY;Słodkości i przekąski,Syropy do kawy;11.9;1;50;Naturalny syrop do kaw i deserów 100ml.;Opakowanie jednostkowe: 100 ml;1;http://localhost/images/product_images/syropwaniliowy/img_0.jpg;1
;1;SYROP CZARNY BEZ;Słodkości i przekąski,Syropy owocowe;20.9;1;46;Naturalny syrop z kwiatów czarnego bzu 250ml.;Opakowanie jednostkowe: 250 ml;1;http://localhost/images/product_images/syropczarnybez/img_0.jpg;1
;1;SYROP MALINA Z LIPĄ;Słodkości i przekąski,Syropy owocowe;20.9;1;6;Naturalny syrop malinowy z dodatkiem lipy 250ml.;Opakowanie jednostkowe: 250 ml;1;http://localhost/images/product_images/syropmalinazlip/img_0.jpg;1
;1;SYROP MALINOWY;Słodkości i przekąski,Syropy owocowe;20.9;1;88;Naturalny syrop malinowy 250ml.;Opakowanie jednostkowe: 250 ml;1;http://localhost/images/product_images/syropmalinowy/img_0.jpg;1
;1;SYROP MIODOWY Z CYTRYNĄ I IMBIREM;Syropy owocowe;24.9;1;95;Syrop miodowy cytryna imbir 250ml;Polecamy jako dodatek do herbaty, wody i napojów.;1;http://localhost/images/product_images/syropmiodowyzcytryniimbirem/img_0.jpg;1
;1;SYROP WIŚNIA Z RUMEM;Słodkości i przekąski,Syropy owocowe;24.9;1;91;Syrop wiśniowy z rumem 250ml;Syrop wiśniowy z rumem to wyjątkowa kompozycja soczystych, dojrzałych wiśni i aromatycznych nut rumu. Ten luksusowy dodatek idealnie sprawdzi się jako dodatek do deserów, koktajli czy herbat, dodając im niepowtarzalnego charakteru. Stworzony z naturalnych składników, bez sztucznych barwników i konserwantów syrop zachwyca głębią smaku i aksamitną konsystencją.;1;http://localhost/images/product_images/syropwiniazrumem/img_0.jpg;1
;1;SYROP ŻURAWINOWY;Słodkości i przekąski,Syropy owocowe;20.9;1;68;Naturalny syrop żurawinowy 250ml.;Opakowanie jednostkowe: 250 ml;1;http://localhost/images/product_images/syropurawinowy/img_0.jpg;1
;1;CYTRYNKI Z WHISKY;Słodkości i przekąski,Konfitury;25.9;1;79;Cytrynki z whisky 280g;Opakowanie jednostkowe: 280 g;1;http://localhost/images/product_images/cytrynkizwhisky/img_0.jpg;1
;1;CYTRYNKI Z ŻURAWINĄ I CYNAMONEM;Słodkości i przekąski,Konfitury;25.9;1;59;Cytrynki z żurawiną i cynamonem 280g;Opakowanie jednostkowe: 280 g;1;http://localhost/images/product_images/cytrynkizurawinicynamonem/img_0.jpg;1
;1;CZARNY BEZ Z SOKIEM;Słodkości i przekąski,Konfitury;19.9;1;14;Czarny bez z sokiem cytrynowym 210g.;Opakowanie jednostkowe: 210 g;1;http://localhost/images/product_images/czarnybezzsokiem/img_0.jpg;1
;1;IMBIR Z SOKIEM CYTRYNOWYM;Słodkości i przekąski,Konfitury;16.9;1;58;Imbir z sokiem cytrynowym.;Opakowanie jednostkowe: 220g;1;http://localhost/images/product_images/imbirzsokiemcytrynowym/img_0.jpg;1
;1;KONFITURA CYTRYNOWA;Słodkości i przekąski,Konfitury;8.9;1;25;Konfitura cytrynowa z imbirem 40g.;Konfiturę cytrynową z imbirem polecamy jako dodatek do prezentów.;1;http://localhost/images/product_images/konfituracytrynowa/img_0.jpg;1
;1;KONFITURA WIŚNIOWA;Słodkości i przekąski,Konfitury;8.9;1;93;Konfitura wiśniowa z kardamonem 40g.;Konfiturę z wiśniami i kardamonem polecamy jako dodatek do prezentów.;1;http://localhost/images/product_images/konfiturawiniowa/img_0.jpg;1
;1;LIMONKI;Strona główna,Słodkości i przekąski,Konfitury;25.9;1;24;Limonki 280g;Opakowanie jednostkowe: 280 g;1;http://localhost/images/product_images/limonki/img_0.jpg;1
;1;MALINY W SYROPIE;Słodkości i przekąski,Konfitury;36.9;1;49;Maliny w syropie 300g;Opakowanie jednostkowe: 300 g;1;http://localhost/images/product_images/malinywsyropie/img_0.jpg;1
;1;MALINY Z SOKIEM;Słodkości i przekąski,Konfitury;23.9;1;17;Maliny z sokiem cytrynowym 210g.;Opakowanie jednostkowe: 210 g;1;http://localhost/images/product_images/malinyzsokiem/img_0.jpg;1
;1;MUS MALINOWY;Słodkości i przekąski,Konfitury;8.9;1;76;Mus malinowy 40g.;Mus malinowy polecamy jako dodatek do prezentów.;1;http://localhost/images/product_images/musmalinowy/img_0.jpg;1
;1;PIGWA;Strona główna,Słodkości i przekąski,Konfitury;24.9;1;94;Pigwa 300g;Opakowanie jednostkowe: 300 g;1;http://localhost/images/product_images/pigwa/img_0.jpg;1
;1;POWIDŁA Z ORZECHAMI;Słodkości i przekąski,Konfitury;8.9;1;24;Powidła z orzechami i cynamonem 40g;Powidła z orzechami włoskimi i cynamonem polecamy jako dodatek do prezentów.;1;http://localhost/images/product_images/powidazorzechami/img_0.jpg;1
;1;PŁATKI RÓŻY W SYROPIE;Słodkości i przekąski,Konfitury;39.9;1;44;Płatki róży w syropie 310g.;Opakowanie jednostkowe: 310 g;1;http://localhost/images/product_images/patkirywsyropie/img_0.jpg;1
;1;TRUSKAWKA Z GRUSZKĄ I PROSECCO;Słodkości i przekąski,Konfitury;8.9;1;23;Konfitura truskawka z gruszką i prosecco 40g;Konfitura Truskawka z gruszką i prosecco to produkt, który zaspakaja potrzeby najbardziej wymagających konsumentów. Słodka truskawka wraz z soczystą gruszką i dodatkiem musującego wina to pozycja idealna na letnie dni. Stanowi wspaniały dodatek do herbat i napojów, a także smakuje pysznie jako konfitura do bezpośredniego spożycia. Konfiturę truskawkową  polecamy jako dodatek do prezentów.;1;http://localhost/images/product_images/truskawkazgruszkiprosecco/img_0.jpg;1
;1;MIÓD AKACJOWY Z MALINOWĄ RAPSODIĄ MINI 50G;Słodkości i przekąski,Miody;9.9;1;86;Kompozycja Malinowa rapsodia w miodzie akacjowym 50g.;Pyszna kompozycja suszonych owoców i kwiatów hibiskusa zanurzona w złocistym miodzie akacjowym. Polecamy jako słodki dodatek do prezentów.;1;http://localhost/images/product_images/midakacjowyzmalinowrapsodimini50g/img_0.jpg;1
;1;MIÓD KRÓLEWSKI MATECZNIK;Słodkości i przekąski,Miody;36.9;1;62;Miód królewski białowieski 250g;"Miód wielokwiatowy, w 100% leśny, składający się z pożytków pszczelich kwiatów i drzew puszczańskich. Jest wyjątkowy, ponieważ wytwarzają go pszczoły żyjące „dziko”, w naturalnych warunkach. Zbiór odbywa się bezpośrednio z barci, a plastry od miodu oddziela się poprzez wyciskanie go na prasach. Według pory nektarowania, w której był pozyskiwany, Miód Królewski zawiera nektar maliny, lucerny, koniczyny, naparstnicy, czosnku niedźwiedziego, knieci błotnej, dębu, klonu, jodły, buku pospolitego. Miód Królewski działa wspomagająco przy przeziębieniu i grypie.  Polecamy przeczytać też nasz artykuł  -  ""Jak słodzić herbatę miodem""";1;http://localhost/images/product_images/midkrlewskimatecznik/img_0.jpg;1
;1;MIÓD LIPOWY MATECZNIK;Słodkości i przekąski,Miody;30.9;1;8;Miód lipowy białowieski 250g;"Miód pozyskany w około 85% z nektarowania lip różnych gatunków, od szerokolistnej i drobnolistnej, na miodowej kończąc. Pozostałe około 15% to nektary innych kwiatów i drzew z okresu nektarowania lipy. Są to między innymi: mak polny, koniczyna, naparstnica. Barwa miodu przed krystalizacją przybiera tony od zielonkawożółtej przez bursztynową i złocistożółtą. Zbiory miodu lipowego przypadają na okres kwitnienia lipy, czyli na początku lipca. Miód lipowy jest stosowany jako naturalny środek wspomagający przy przeziębieniach i grypie, a także działa przeciwbakteryjnie i wykrztuśnie.  Polecamy przeczytać też nasz artykuł  -  ""Jak słodzić herbatę miodem""";1;http://localhost/images/product_images/midlipowymatecznik/img_0.jpg;1
;1;MIÓD SEZONOWANY MATECZNIK;Słodkości i przekąski,Miody;30.9;1;41;Miód sezonowany do kawy i herbaty  250g;Miód w 100% wielokwiatowy, składający się z pożytków pszczelich kwiatów polnych, podlaskich łąk. Miód został poddany odpowiedniej obróbce i sezonowaniu, dzięki czemu zyskał właściwości odpowiadające używaniu go do napojów gorących (max. 65°C). Według pory nektarowania, w której był pozyskiwany, Miód Sezonowany zawiera nektar i śladowe ilości spadzi następujących kwiatów i drzew: mniszek lekarski, rzepak, wrzos, lipa, wiąz, chaber, kaczeniec, mak polny. Miód Sezonowany zawiera wysokie stężenie cukrów prostych, dzięki czemu znakomicie wspiera organizm przy nadmiernym zmęczeniu i wzmacnia odporność.;1;http://localhost/images/product_images/midsezonowanymatecznik/img_0.jpg;1
;1;MIÓD Z MIĘTĄ MATECZNIK;Słodkości i przekąski,Miody;36.9;1;57;Naturalnego miód z nutą orzeźwiającej mięty 250g;Miód z miętą to wyjątkowe połączenie naturalnego miodu o słodkim, kwiatowym aromacie oraz świeżej, orzeźwiającej mięty. Łączy w sobie delikatność nektaru z subtelną, ziołową nutą, która nadaje mu niepowtarzalny, chłodzący charakter. Jest to idealny wybór dla osób poszukujących harmonii smaków, łączących naturalną słodycz z odświeżającym akcentem mięty. Doskonale sprawdzi się jako dodatek do napojów – zarówno gorących herbat, którym doda delikatnego aromatu, jak i chłodnych lemoniad, podkreślając ich letni, orzeźwiający charakter. Można go również wykorzystać jako składnik deserów, koktajli czy marynat do mięs, nadając potrawom delikatny, słodko-ziołowy posmak.;1;http://localhost/images/product_images/midzmitmatecznik/img_0.jpg;1
;1;MIÓD Z MIGDAŁAMI;Słodkości i przekąski,Miody;8.9;1;58;Mały słoiczek miodu akacjowego z dodatkami 45g.;Polecamy jako słodki dodatek do prezentów.;1;http://localhost/images/product_images/midzmigdaami/img_0.jpg;1
;1;MIÓD Z ORZECHAMI;Słodkości i przekąski,Miody;8.9;1;34;Mały słoiczek miodu akacjowego z dodatkami 45g.;Polecamy jako słodki dodatek do prezentów.;1;http://localhost/images/product_images/midzorzechami/img_0.jpg;1
;1;MIODOWY IMBIR;Słodkości i przekąski,Miody;8.9;1;66;Mały słoiczek miodu z imbirem 40g.;Polecamy jako słodki dodatek do prezentów.;1;http://localhost/images/product_images/miodowyimbir/img_0.jpg;1
;1;CZAS NA CIACHO KLASYCZNE;Słodkości i przekąski,Ciastka;6.2;1;58;Czas na Ciacho Klasyczne z orzechami i ziarnami oraz z suszoną żurawiną.;Czas na Ciacho to ręcznie robione ciastko, słodzone miodem, z wysoką zawartością błonnika i bez konserwantów.  Masa netto: 60 g;1;http://localhost/images/product_images/czasnaciachoklasyczne/img_0.jpg, http://localhost/images/product_images/czasnaciachoklasyczne/img_1.jpg;1
;1;CZAS NA CIACHO LEŚNE;Słodkości i przekąski,Ciastka;6.2;1;31;Czas na Ciacho Leśne z orzechami i ziarnami oraz z borówką-brusznicą.;Czas na Ciacho to ręcznie robione ciastko, słodzone miodem, z wysoką zawartością błonnika i bez konserwantów.  Masa netto: 50 g;1;http://localhost/images/product_images/czasnaciacholene/img_0.jpg, http://localhost/images/product_images/czasnaciacholene/img_1.jpg;1
;1;CZAS NA CIACHO SZARLOTKA;Słodkości i przekąski,Ciastka;6.2;1;12;Czas na Ciacho Szarlotka z orzechami i ziarnami oraz z jabłkiem i cynamonem.;Czas na Ciacho to ręcznie robione ciastko, słodzone miodem, z wysoką zawartością błonnika i bez konserwantów.  Masa netto: 50 g;1;http://localhost/images/product_images/czasnaciachoszarlotka/img_0.jpg, http://localhost/images/product_images/czasnaciachoszarlotka/img_1.jpg;1
