Product ID;Active (0/1);Name *;Categories (x,y,z...);Price tax excluded;Tax rules ID;On sale (0/1);Summary;Description;Show price (0 = No, 1 = Yes);Image URLs (x,y,z...)
;1;ASSAM DIKOM STGFOPI;HerbataKlasycznaHerbata CzarnaHerbaty indyjskie AssamHerbaty do biura;15.95;1;0;Mocna i cierpka herbata o głębokim kolorze naparu.;Prowincja Assam to region na północnym wschodzie Indii, gdzie uprawia się odmianę herbaty o nazwie Camellia assamica, której liście ze względu na wysoką jakość są często stosowane do uszlachetniania mieszanek gorszego gatunku. Odmiana Assam Dikom STGFOP (Special Finest Tippy Golden Flowery Orange Pekoe) jest uznawana za rarytas jakościowy, zawierający bardzo drobne, starannie wyselekcjonowane listki o równomiernej wielkości. Dzięki właściwemu zaparzeniu uzyskuje się aromatyczny, ciemnoczerwony napar o naturalnym miodowym posmaku.;1;https://czasnaherbate.net/2112-home_default/assam-dikom-stgfopi.webphttps://czasnaherbate.net/2112-home_default/assam-dikom-stgfopi.webphttps://czasnaherbate.net/2112-small_medium/assam-dikom-stgfopi.webp
;1;ASSAM TGFOP DEKORAI;HerbataKlasycznaHerbata CzarnaHerbaty indyjskie AssamHerbaty do restauracji;16.45;1;0;Wyśmienita herbata czarna  o wyrazistym smaku.;Prowincja Assam to region na północnym wschodzie Indii, gdzie uprawia się odmianę herbaty o nazwie Camellia assamica. Ze względu na wysoką jakość liście tej odmiany są często stosowane do uszlachetniania mieszanek herbat niższego gatunku. Herbaty z regionu Assam są zaliczane do pięciu najlepszych herbat na świecie. Standard TGFOP (Tippy Golden Flowery Orange Pekoe) oznacza główną klasę herbat pochodzących z regionów Assam oraz Darjeeling, zawierających duże ilości tzw. złotych tipsów, czyli dwóch pierwszych listków z krzewu wraz z pączkami. Napar posiada barwę brązowo-bursztynową i mocny, cierpkawy, ale równocześnie słodki smak. Filiżanka herbaty Assam dodaje energii i doskonale orzeźwia.;1;https://czasnaherbate.net/2114-home_default/assam-tgfop-dekorai.webphttps://czasnaherbate.net/2114-home_default/assam-tgfop-dekorai.webphttps://czasnaherbate.net/2114-small_medium/assam-tgfop-dekorai.webp
;1;CEYLON HIGH GROWN OP;HerbataKlasycznaHerbata CzarnaHerbaty cejlońskieHerbaty do restauracjiHerbaty do biura;15.45;1;0;Czarna herbata o delikatnym aromacie z wyczuwalnym kwiatowym akcentem.;W przypadku Cejlonu (Sri Lanka) herbatę uprawia się praktycznie od poziomu morza, aż po szczyty centralnie położonego masywu górskiego (ok. 2300 m n.p.m). Najlepsze gatunki pochodzą z upraw wysokogórskich usytuowanych powyżej 1200 m n.p.m. Ceylon High Grown OP (Orange Pekoe) to propozycja herbaty czarnej o długich, spiczastych liściach, sporadycznie zawierającej złotawe tipsy Napar charakteryzuje się delikatnym aromatem, orzeźwiającym smakiem oraz czerwono- złotą barwą.;1;https://czasnaherbate.net/73-home_default/ceylon-high-grown-op.webphttps://czasnaherbate.net/73-home_default/ceylon-high-grown-op.webphttps://czasnaherbate.net/4084-home_default/ceylon-high-grown-op.webphttps://czasnaherbate.net/73-home_default/ceylon-high-grown-op.webphttps://czasnaherbate.net/73-small_medium/ceylon-high-grown-op.webphttps://czasnaherbate.net/73-home_default/ceylon-high-grown-op.webphttps://czasnaherbate.net/4084-small_medium/ceylon-high-grown-op.webp
;1;DA HONG PAO STD;HerbataKlasycznaHerbata CzarnaHerbaty chińskie;27.95;1;0;Herbata turkusowa z Chin.;Da Hong Pao to legenda wśród herbat należących do grupy herbat turkusowych – Oolong. Pochodzi z gór Wu Yi Shan w chińskiej prowincji Fujian. Górski klimat i skłąd gleby wpływają na smak rosnącej w tym rejonie herbaty, nazywanej w związku z tym skalną. Nazwa Da Hong Pao nawiązuje do legendy i oznacza Wielką Czerwoną Szatę. Susz ciemnej barwy i pozawijane listki oraz pomarańczowo-złotą wręcz miodowa barwę, a w zapachu wyczuwalne są nuty orzechowe oraz drzewne lekko palone dymne. Smak odrobinę ściągający, przeradzający się w karmelową słodycz. Herbata oolong po zbiorze jest poddawana procesowi więdnięcia, a następnie jest przekładana do specjalnych koszy , w których jest potrząsana. Podczas tego procesu listki obcierają się o brzegi kosza, przez co powstają w nich drobne uszkodzenia. Dzięki tym obtarciom z tkanek liści uwalniają się soki, które pomagają przy późniejszej oksydacji. Proces obcierania i utleniania liści jest powtarzalny kilkakrotnie, dzięki czemu możliwa jest duża kontrola nad stopniem utleniania herbat. W zależności od gatunku utlenia się od kilku do nawet 90 procent. Da Hong Pao należy do tych wysoko utlenionych – powyżej 60%.;1;https://czasnaherbate.net/3167-home_default/da-hong-pao-std.webphttps://czasnaherbate.net/3167-home_default/da-hong-pao-std.webphttps://czasnaherbate.net/3167-small_medium/da-hong-pao-std.webp
Product ID;Active (0/1);Name *;Categories (x,y,z...);Price tax excluded;Tax rules ID;On sale (0/1);Summary;Description;Show price (0 = No, 1 = Yes);Image URLs (x,y,z...)
;1;BANCHA;HerbataKlasycznaHerbata ZielonaHerbaty chińskieHerbaty do restauracji;19.45;1;0;Zielona herbata typu japońskiego;Bancha należy do grona herbat zielonych. Pozyskiwana jest z krzewu Camellia sinensis czyli z tego samego, z którego pozyskuje się herbatę Sencha. Sencha powstaje z pierwszego zbioru delikatnych, młodych listków herbaty. Bancha zaś to tzw. herbata późnego zbioru (zbierana późnym latem, jesienią, a nawet i niekiedy zimą). Wyróżnia się Banchę z drugiego zbioru, uzyskiwaną najwcześniej – pod koniec lata, tradycyjnie nazywaną nibanchą. Charakteryzuje się najwyższą jakością. Bancha z trzeciego zbioru – to sanbancha, a z czwartego to yonbancha. W obrocie towarowym wszystkie trzy zbiory noszą jedną nazwę Bancha. Bancha produkowana jest z liści twardszych, grubo żyłkowanych z łodyżkami. W Japonii to jedna z najpopularniejszych herbat. Jednak mało znana w Europie. Na Starym Kontynencie jest napojem cenionym głównie przez makrobiotyków i wegetarian.;1;https://czasnaherbate.net/2142-home_default/bancha.webphttps://czasnaherbate.net/2142-home_default/bancha.webphttps://czasnaherbate.net/2142-small_medium/bancha.webp
;1;BI LUO CHUN;HerbataKlasycznaHerbata ZielonaHerbaty chińskie;22.45;1;0;Chińska zielona herbata o mocno zwiniętych listkach.;Bi Luo Chun to zielona herbata pochodząca z Dongting w prowincji Jiangsu w Chinach. Herbata wytrwarzana jest z młodych, świeżych pączków herbacianych, które zrywane są wczesną wiosną. Na plantacjach wśród krzewów herbacianych sadzone są drzewka owocowe, które zapewniają herbacie cień, a także przekazują swój zapach gdy kwitną.;1;https://czasnaherbate.net/2138-home_default/bi-luo-chun.webphttps://czasnaherbate.net/2138-home_default/bi-luo-chun.webphttps://czasnaherbate.net/2138-small_medium/bi-luo-chun.webp
;1;CEYLON DIMBULA OPA2;HerbataKlasycznaHerbata ZielonaHerbaty cejlońskieHerbaty do biuraHerbaty Sri Lanka;19.95;1;0;Cejlońska zielona herbata.;Zielona herbata z wysokich gór Sri Lanki. Charakteryzuje się dużymi, mocno skręconymi liśćmi, które po zalaniu wodą uwalniają swój szlachetny, a zarazem delikatny smak. Idealna dla miłośników cejlońskich herbat.;1;https://czasnaherbate.net/254-home_default/ceylon-dimbula-opa2.webphttps://czasnaherbate.net/254-home_default/ceylon-dimbula-opa2.webphttps://czasnaherbate.net/254-small_medium/ceylon-dimbula-opa2.webp
;1;CHINA GREEN YUNNAN;HerbataKlasycznaHerbata ZielonaHerbaty w puszkach firmowychHerbaty chińskie Yunnan;19.95;1;0;Wyjątkowa w smaku herbata zielona z rejonu Yunnan.;Herbata zielona pochodząca z prowincji Yunnan. Wyjątkowo odświeżająca i pobudzająca do aktywności. Herbata pochodzi z górskiej prowincji Yunnan położonej w Chinach przy granicy z Wietnamem, Birmą i Laosem. Krzewy herbaciane charakteryzują się szerokimi i mięsistymi liśćmi o połyskującej powierzchni. Napar o delikatnym smaku uznawanym przez miłośników herbaty na całym świecie. China Yunnan jest uznawana za jedną z najlepszych klasycznych herbat na rynku. Herbatę zieloną otrzymuje się poddając suszeniu liście niezwłocznie po zerwaniu ich z krzewu, tak aby nie dopuścić do rozpoczęcia procesu utleniania. Dzięki temu herbata zielona utrzymuje więcej składników o leczniczych właściwościach. Herbata zielona posiada bardzo ziołowy aromat oraz wyraźnie delikatniejszy smak niż pozostałe rodzaje herbat. Najbardziej popularne odmiany zielonej herbaty to: Sencha, Genmaicha oraz Gunpowder. Szczególną popularnością herbaty zielone cieszą się w Chinach oraz Japonii.;1;https://czasnaherbate.net/2132-home_default/china-green-yunnan.webphttps://czasnaherbate.net/2132-home_default/china-green-yunnan.webphttps://czasnaherbate.net/3047-home_default/china-green-yunnan.webphttps://czasnaherbate.net/2132-home_default/china-green-yunnan.webphttps://czasnaherbate.net/2132-small_medium/china-green-yunnan.webphttps://czasnaherbate.net/2132-home_default/china-green-yunnan.webphttps://czasnaherbate.net/3047-small_medium/china-green-yunnan.webp
Product ID;Active (0/1);Name *;Categories (x,y,z...);Price tax excluded;Tax rules ID;On sale (0/1);Summary;Description;Show price (0 = No, 1 = Yes);Image URLs (x,y,z...)
;1;PU ERH;HerbataKlasycznaHerbata Pu ErhHerbaty chińskieHerbaty do restauracji;16.45;1;0;"Herbata czerwona nazywana ""zabójcą tłuszczu"".";Chińczycy mianem herbaty czerwonej określają zieloną, zawilgoconą, herbatę Pu Erh, którą poddaje się procesowi fermentacji w celu nadania jej głębszej, ciemniejszej barwy. Kiedyś zarezerwowana jedynie dla chińskiej rodziny cesarskiej z czasem stała się powszechnie dostępna. Gotowy napar posiada mocną, czerwonobrązową barwę i nabiera charakterystycznego, korzenno-ziemistego zapachu i posmaku. Napar z czerwonej herbaty działa pobudzająco na wytwarzanie soków trawiennych oraz stymuluje pracę jelit, co przyśpiesza metabolizm, a w efekcie końcowym wspomaga spalanie tłuszczów. Czerwona herbata obniża poziom cholesterolu i ciśnienie krwi, co poprawia również krążenie. To podstawa diety osób, które zdecydowały się na odchudzanie oraz tych, którym zależy na naturalnym oczyszczaniu organizmu.;1;https://czasnaherbate.net/376-home_default/pu-erh.webphttps://czasnaherbate.net/376-home_default/pu-erh.webphttps://czasnaherbate.net/376-small_medium/pu-erh.webp
;1;PU ERH SUPERIOR;HerbataKlasycznaHerbata Pu ErhHerbaty chińskie;22.95;1;0;Wyśmienita odmiana herbaty czerwonej.;Chińczycy mianem herbaty czerwonej określają zieloną, zawilgoconą, herbatę Pu Erh, którą poddaje się procesowi fermentacji w celu nadania jej głębszej, ciemniejszej barwy. Kiedyś zarezerwowana jedynie dla chińskiej rodziny cesarskiej z czasem stała się powszechnie dostępna. Superior to doskonała odmiana herbaty Pu Erh o delikatnie ziemistym smaku. Bardzo skutecznie zastępuje małą czarną i dostarcza dawkę dobrego humoru na cały dzień. Napar z czerwonej herbaty działa pobudzająco na wytwarzanie soków trawiennych oraz stymuluje pracę jelit, co przyśpiesza metabolizm, a w efekcie końcowym wspomaga spalanie tłuszczów. Czerwona herbata obniża poziom cholesterolu i ciśnienie krwi, co poprawia również krążenie. To podstawa diety osób, które zdecydowały się na odchudzanie oraz tych, którym zależy na naturalnym oczyszczaniu organizmu.;1;https://czasnaherbate.net/2146-home_default/pu-erh-superior.webphttps://czasnaherbate.net/2146-home_default/pu-erh-superior.webphttps://czasnaherbate.net/4083-home_default/pu-erh-superior.webphttps://czasnaherbate.net/2146-home_default/pu-erh-superior.webphttps://czasnaherbate.net/2146-small_medium/pu-erh-superior.webphttps://czasnaherbate.net/2146-home_default/pu-erh-superior.webphttps://czasnaherbate.net/4083-small_medium/pu-erh-superior.webp
;1;PU ERH TUOCHA;HerbataKlasycznaHerbata Pu ErhHerbaty chińskie Yunnan;24.95;1;0;Herbata Pu erh w postaci sprasowanych gniazdek.;"Postać uformowanej chińskiej herbaty Pu Erh, która pochodzi z ogrodu Yongde w prowincji Yunnan. Odpowiednio dobrane i wyselekcjonowane listki poddano sprasowaniu w specjalnych formach, nadając im kształt gniazdek. Fermentacja tej herbaty odbywa się w wykorzystaniem procesu wu dui, który polega na uaktywnieniu naturalnych enzymów występujących w listkach. Po zaparzeniu otrzymujemy ciemnobordowy napar, który cechuje się wyrazistym lekko kasztanowym smakiem. Charakterystyczny posmak herbaty pu erh jest tu połączony z delikatnie słodową nutą, co nadaje całości pewnej lekkości. Wygodna forma herbaty sprawia, że jest ona ceniona, szczególnie przez osoby aktywnie spędzające czas czy podróżujące. Ulubiona wersja herbaty ""do pracy"".";1;https://czasnaherbate.net/2147-home_default/pu-erh-tuocha.webphttps://czasnaherbate.net/2147-home_default/pu-erh-tuocha.webphttps://czasnaherbate.net/2147-small_medium/pu-erh-tuocha.webp
Product ID;Active (0/1);Name *;Categories (x,y,z...);Price tax excluded;Tax rules ID;On sale (0/1);Summary;Description;Show price (0 = No, 1 = Yes);Image URLs (x,y,z...)
;1;White Moon;;27.95;1;0;Biała herbata, uprawiana w prowincji Yunnan w Chinach. Czaruje pięknymi, dużymi pąkami o srebrzysto-białej barwie. Bogaty bukiet smaków i aromatów to dominująca cecha tego niezwykłego naparu. Słodowe, drzewne nuty przeplatają się ze świeżością kwiatów i ziół. Lekka propozycja na przyjemne degustowanie i odkrywanie nowości na herbacianej mapie.;;1;https://czasnaherbate.net/2478-home_default/white-moon.webphttps://czasnaherbate.net/2478-home_default/white-moon.webphttps://czasnaherbate.net/2478-small_medium/white-moon.webp
Product ID;Active (0/1);Name *;Categories (x,y,z...);Price tax excluded;Tax rules ID;On sale (0/1);Summary;Description;Show price (0 = No, 1 = Yes);Image URLs (x,y,z...)
;1;SUNNON YELLOW TEA;HerbataKlasycznaHerbata ŻółtaHerbaty urodzinoweHerbaty chińskie Anhui;29.95;1;0;Wyjątkowa i mało znana w Europie herbata żółta.;Sunon Yellow tea to żółta herbata produkowana w Huoshan, w prowincji Anhui w bardzo małych ilościach. Dlatego też jest trudno dostępna i bardzo mało znana nie tylko w Polsce, ale i w Europie. Napar jest koloru bladożółtego, posiada wyrazisty aromat i smak zbliżony do białej herbaty z lekko orzechową nutą. Herbata żółta przywraca siły witalne, doskonale wpływa na układ trawienny, dodatkowo usuwa szkodliwe substancje z organizmu.;1;https://czasnaherbate.net/410-home_default/sunnon-yellow-tea.webphttps://czasnaherbate.net/410-home_default/sunnon-yellow-tea.webphttps://czasnaherbate.net/410-small_medium/sunnon-yellow-tea.webp
;1;YELLOW BUDS;HerbataHerbata ŻółtaHerbaty chińskie Anhui;29.95;1;0;Herbata żółta pochodząca z Chin z prowincji Anhui;Herbata żółta pochodząca z Chin z prowincji Anhui. Charakteryzuje się słomkowo-żółtą barwą. W smaku wyczujemy delikatne, owocowe nuty. Pozostawia przyjemny, słodki posmak. Zapach jest bardzo charakterystyczny, lekko orzeźwiający. Listki są podłużnie zwinięte, a po zaparzeniu rozwijają się i mają zielono-złocisty kolor.;1;https://czasnaherbate.net/2637-home_default/yellow-buds.webphttps://czasnaherbate.net/2637-home_default/yellow-buds.webphttps://czasnaherbate.net/2637-small_medium/yellow-buds.webp
Product ID;Active (0/1);Name *;Categories (x,y,z...);Price tax excluded;Tax rules ID;On sale (0/1);Summary;Description;Show price (0 = No, 1 = Yes);Image URLs (x,y,z...)
;1;JASMINE OOLONG;HerbataKlasycznaHerbata OolongHerbata z jaśminemHerbaty chińskie;24.95;1;0;Jaśminowa herbata Oolong.;Chińska herbata turkusowa z regionu Kuangsi-Czuang. Swój hipnotyzujący zapach zawdzięcza leżakowaniu ze świeżymi kwiatami jaśminu. Prawdziwa gratka dla wszystkich fanów herbat Oolong.;1;https://czasnaherbate.net/458-home_default/jasmine-oolong.webphttps://czasnaherbate.net/458-home_default/jasmine-oolong.webphttps://czasnaherbate.net/458-small_medium/jasmine-oolong.webp
;1;MILK OOLONG;HerbataKlasycznaHerbata OolongHerbaty urodzinowePromocja urodzinowaHerbaty chińskie;23.45;1;0;Herbata odmiany Oolong charakteryzująca się mlecznym posmakiem.;"W wielu krajach herbaty Oolong określa się jako należące do odmiany ""niebieskich"" lub ""niebiesko-zielonych"". Milk Oolong to herbata najwyższej jakości pochodząca z Anxi w prowincji Fujian. Jedyna w swoim rodzaju, ma niepowtarzalny smak, który zawdzięcza przejściu przez specjalny proces pozwalający nadać mleczny aromat. Uzyskany napar ma mocną żółtozłotą barwę i mleczny posmak.";1;https://czasnaherbate.net/2153-home_default/milk-oolong.webphttps://czasnaherbate.net/2153-home_default/milk-oolong.webphttps://czasnaherbate.net/4078-home_default/milk-oolong.webphttps://czasnaherbate.net/2153-home_default/milk-oolong.webphttps://czasnaherbate.net/2153-small_medium/milk-oolong.webphttps://czasnaherbate.net/2153-home_default/milk-oolong.webphttps://czasnaherbate.net/4078-small_medium/milk-oolong.webp
;1;OOLONG;HerbataKlasycznaHerbata OolongHerbaty chińskie;15.95;1;0;Częściowo utleniona herbata o delikatnym smaku i wyjątkowym zapachu.;"W wielu krajach herbaty Oolong określa się jako ""niebieskie"" lub ""niebiesko-zielone"". Ten gatunek herbaty przygotowywany w procesie utleniania, potrzebuje kilku lat by trafić do naszych domów. Uprawiany jest w południowych Chinach oraz na Tajwanie. Jego wyjątkowość tkwi jednak nie tyle w geografii, co w sposobie przygotowania. Przy wytwarzaniu herbaty Oolong proces fermentacji zostaje w pewnym momencie przerwany.";1;https://czasnaherbate.net/450-home_default/oolong.webphttps://czasnaherbate.net/450-home_default/oolong.webphttps://czasnaherbate.net/450-small_medium/oolong.webp
;1;PEACH OOLONG;HerbataHerbata Oolong;21.45;1;0;Klasyczna herbata Oolong o orzeźwiającym, brzoskwiniowym aromacie;"""Peach Oolong – klasyczna herbata o przyjemnym aromacie soczystej brzoskwini, która zachwyca swoją harmonią smaku i aromatu. To wyjątkowa propozycja z serii starannie dobranych herbat, obok dobrze znanych już Milk Oolong i Jasmine Oolong, cieszących się uznaniem wśród miłośników herbacianych klasyków. Jej subtelny smak łączy delikatność tradycyjnego oolonga z naturalną, owocową słodyczą dojrzałej brzoskwini, dzięki czemu każda filiżanka staje się prawdziwym doznaniem dla zmysłów. Proces produkcji tej herbaty jest oparty na tradycyjnych metodach, które podkreślają jej unikalne właściwości i zachowują pełnię aromatu. Peach Oolong wyróżnia się swoją lekkością, jednocześnie oferując głębię smaku, który idealnie sprawdza się zarówno jako codzienna przyjemność, jak i elegancki dodatek do wyjątkowych chwil. Herbata ta dostępna jest jedynie w starannie wyselekcjonowanych miejscach, co czyni ją rarytasem dla koneserów poszukujących herbat najwyższej jakości. Doskonale komponuje się z popołudniowym relaksem, stanowiąc idealne połączenie tradycji, wyrafinowania i naturalnej słodyczy.""";1;https://czasnaherbate.net/5872-home_default/peach-oolong.webphttps://czasnaherbate.net/5872-home_default/peach-oolong.webphttps://czasnaherbate.net/5872-small_medium/peach-oolong.webp
Product ID;Active (0/1);Name *;Categories (x,y,z...);Price tax excluded;Tax rules ID;On sale (0/1);Summary;Description;Show price (0 = No, 1 = Yes);Image URLs (x,y,z...)
;1;HONEYBUSH;HerbataKlasycznaRooibos i HoneybushHerbaty RPA;14.95;1;0;Napar Honeybush o lekko miodowym smaku i orzeźwiającym zapachu.;Honeybush jest otrzymywana z liści południowo-afrykańskiego krzewu o łacińskiej nazwie Cyclopia intermedia ,który nie jest spokrewniony z tradycyjnym krzewem herbacianym. Do robienia naparu używa się liści, łodygi i kwiatów. Herbatę z miodokrzewu czasem pije się z mlekiem i cukrem, ale by docenić jej subtelny, słodki smak nie należy tego robić. Smak tej herbaty określany jest bardzo różnie, np. porównywany jest do gorącego dżemu morelowego, określany jako kwiatowy, miodowy, jako smak suszonej mieszanki owocowej z wyczuwalną słodkością. Herbata ta ma tą zaletę, że jej chłodny napar może być pity jako mrożona herbata i świetnie smakuje z sokami owocowymi.;1;https://czasnaherbate.net/2156-home_default/honeybush.webphttps://czasnaherbate.net/2156-home_default/honeybush.webphttps://czasnaherbate.net/2156-small_medium/honeybush.webp
;1;ROOIBOS;HerbataKlasycznaRooibos i Honeybush;9.95;1;0;Rooibos - czerwonokrzew afrykański.;"Rooibos jest krzewem uprawianym w RPA, niespokrewnionym z herbatą z którą łączy go tylko sposób zaparzania. Utarło się jednak określać napar z czerwonokrzewu właśnie ""herbatą"". Herbata rooibos powstaje z liści krzewu, które ususzeniu tnie się na drobne kawałki. Napar ma kolor słomkowy, a jego smak wyróżnia nuta miodowa. Napar charakteryzuje się łagodnością i brakiem typowego w herbatach zielonych lub czarnych posmaku goryczy, ponieważ nie zawiera garbników będących jego przyczyną. Nie zawiera także kofeiny, dlatego może być pity bez ograniczeń przez dzieci oraz przed snem. Zalecany jest także kobietom w ciąży ponieważ obfituje w żelazo i zapobiega mdłościom.";1;https://czasnaherbate.net/2155-home_default/rooibos.webphttps://czasnaherbate.net/2155-home_default/rooibos.webphttps://czasnaherbate.net/4081-home_default/rooibos.webphttps://czasnaherbate.net/2155-home_default/rooibos.webphttps://czasnaherbate.net/2155-small_medium/rooibos.webphttps://czasnaherbate.net/2155-home_default/rooibos.webphttps://czasnaherbate.net/4081-small_medium/rooibos.webp
Product ID;Active (0/1);Name *;Categories (x,y,z...);Price tax excluded;Tax rules ID;On sale (0/1);Summary;Description;Show price (0 = No, 1 = Yes);Image URLs (x,y,z...)
;1;HERBACIANY SPECJAŁ;Herbata KwitnącaHerbaty w kartonikach okazjonalnychPrezenty dla mamyPrezenty dla kobietyPrezenty dla zakochanychPrezenty dla Babci i Dziadka;19.9;1;0;Dwie herbaty kwitnące w firmowym opakowaniu.;"Zestaw prezentowy zawiera:

- Herbatę kwitnącą zieloną Kwiat miłości - 1 szt";1;https://czasnaherbate.net/6026-home_default/herbaciany-specjal.webphttps://czasnaherbate.net/6026-home_default/herbaciany-specjal.webphttps://czasnaherbate.net/6025-home_default/herbaciany-specjal.webphttps://czasnaherbate.net/6026-home_default/herbaciany-specjal.webphttps://czasnaherbate.net/2498-home_default/herbaciany-specjal.webphttps://czasnaherbate.net/6026-home_default/herbaciany-specjal.webphttps://czasnaherbate.net/6026-small_medium/herbaciany-specjal.webphttps://czasnaherbate.net/6026-home_default/herbaciany-specjal.webphttps://czasnaherbate.net/6025-small_medium/herbaciany-specjal.webphttps://czasnaherbate.net/6026-home_default/herbaciany-specjal.webphttps://czasnaherbate.net/2498-small_medium/herbaciany-specjal.webphttps://czasnaherbate.net/6026-home_default/herbaciany-specjal.webphttps://czasnaherbate.net/6026-small_medium/herbaciany-specjal.webphttps://czasnaherbate.net/6026-home_default/herbaciany-specjal.webphttps://czasnaherbate.net/6025-small_medium/herbaciany-specjal.webphttps://czasnaherbate.net/6026-home_default/herbaciany-specjal.webphttps://czasnaherbate.net/2498-small_medium/herbaciany-specjal.webp
;1;KWIAT HARMONII;HerbataHerbata Kwitnąca;8.9;1;0;Ręcznie zwijana zielona herbata kwitnąca.;Kwiaty wraz z herbatą tworzą formę koszyczka, kwiaty zaś tworzą barwny jego pałąk. Przed zaparzeniem herbata ma kształt niepozornej kulki, która umieszczona w gorącej wodzie przekształca się w piękny rozłożysty kwiat. Możemy więc dopieścić nie tylko podniebienia delikatnym smakiem unikatowych kompozycji, ale także nacieszyć oczy prawdziwym spektaklem, jakim jest rozkwitanie pączka w dzbanku. Niezwykłe specjały, mogą być nie tylko kwitnącym ukoronowaniem wystawnej kolacji, lub obiadu z przyjaciółmi. Świetnie nadają się także na prezent, będąc zaskakującą niespodzianką.;1;https://czasnaherbate.net/490-home_default/kwiat-harmonii.webphttps://czasnaherbate.net/490-home_default/kwiat-harmonii.webphttps://czasnaherbate.net/490-small_medium/kwiat-harmonii.webphttps://czasnaherbate.net/490-home_default/kwiat-harmonii.webphttps://czasnaherbate.net/490-small_medium/kwiat-harmonii.webp
;1;KWIAT MIŁOŚCI (LICHI BALL);HerbataKlasycznaHerbata Kwitnąca;8.9;1;0;Ręcznie zwijana zielona herbata kwitnąca.;Kwiat miłości (Lichi Ball) to kompozycja zielonej herbaty pochodzącej z prowincji Fujian oraz kwiatu globe amaranth (jedna z odmian amarantusa, polska nazwa wiecznik kulisty) o listkach w odcieniu różu. Przed zaparzeniem herbata ma kształt niepozornej kulki, która umieszczona w gorącej wodzie przekształca się w piękny rozłożysty kwiat. Możemy więc dopieścić nie tylko podniebienia delikatnym smakiem unikatowych kompozycji, ale także nacieszyć oczy prawdziwym spektaklem, jakim jest rozkwitanie pączka w dzbanku. Niezwykłe specjały, mogą być nie tylko kwitnącym ukoronowaniem wystawnej kolacji, lub obiadu z przyjaciółmi. Świetnie nadają się także na prezent, będąc zaskakującą niespodzianką.;1;https://czasnaherbate.net/488-home_default/kwiat-milosci-lichi-ball.webphttps://czasnaherbate.net/488-home_default/kwiat-milosci-lichi-ball.webphttps://czasnaherbate.net/488-small_medium/kwiat-milosci-lichi-ball.webphttps://czasnaherbate.net/488-home_default/kwiat-milosci-lichi-ball.webphttps://czasnaherbate.net/488-small_medium/kwiat-milosci-lichi-ball.webp
;1;KWIAT MIŁOŚCI TOREBKA NATURALNA;Herbata KwitnącaHerbaty pakowaneHerbaty w torebkach okazjonalnych;26.9;1;0;Zielona herbata kwitnąca 4 szt;Kwiat miłości (Lichi Ball) to kompozycja zielonej herbaty pochodzącej z prowincji Fujian oraz kwiatu globe amaranth (jedna z odmian amarantusa, polska nazwa wiecznik kulisty) o listkach w odcieniu różu. Przed zaparzeniem herbata ma kształt niepozornej kulki, która umieszczona w gorącej wodzie przekształca się w piękny rozłożysty kwiat. Możemy więc dopieścić nie tylko podniebienia delikatnym smakiem unikatowych kompozycji, ale także nacieszyć oczy prawdziwym spektaklem, jakim jest rozkwitanie pączka w dzbanku. Niezwykłe specjały, mogą być nie tylko kwitnącym ukoronowaniem wystawnej kolacji, lub obiadu z przyjaciółmi. Świetnie nadają się także na prezent, będąc zaskakującą niespodzianką.;1;https://czasnaherbate.net/5406-home_default/kwiat-milosci-4-szt-torebka-naturalna.webphttps://czasnaherbate.net/5406-home_default/kwiat-milosci-4-szt-torebka-naturalna.webphttps://czasnaherbate.net/5407-home_default/kwiat-milosci-4-szt-torebka-naturalna.webphttps://czasnaherbate.net/5406-home_default/kwiat-milosci-4-szt-torebka-naturalna.webphttps://czasnaherbate.net/5405-home_default/kwiat-milosci-4-szt-torebka-naturalna.webphttps://czasnaherbate.net/5406-home_default/kwiat-milosci-4-szt-torebka-naturalna.webphttps://czasnaherbate.net/5406-small_medium/kwiat-milosci-4-szt-torebka-naturalna.webphttps://czasnaherbate.net/5406-home_default/kwiat-milosci-4-szt-torebka-naturalna.webphttps://czasnaherbate.net/5407-small_medium/kwiat-milosci-4-szt-torebka-naturalna.webphttps://czasnaherbate.net/5406-home_default/kwiat-milosci-4-szt-torebka-naturalna.webphttps://czasnaherbate.net/5405-small_medium/kwiat-milosci-4-szt-torebka-naturalna.webphttps://czasnaherbate.net/5406-home_default/kwiat-milosci-4-szt-torebka-naturalna.webphttps://czasnaherbate.net/5406-small_medium/kwiat-milosci-4-szt-torebka-naturalna.webphttps://czasnaherbate.net/5406-home_default/kwiat-milosci-4-szt-torebka-naturalna.webphttps://czasnaherbate.net/5407-small_medium/kwiat-milosci-4-szt-torebka-naturalna.webphttps://czasnaherbate.net/5406-home_default/kwiat-milosci-4-szt-torebka-naturalna.webphttps://czasnaherbate.net/5405-small_medium/kwiat-milosci-4-szt-torebka-naturalna.webp
Product ID;Active (0/1);Name *;Categories (x,y,z...);Price tax excluded;Tax rules ID;On sale (0/1);Summary;Description;Show price (0 = No, 1 = Yes);Image URLs (x,y,z...)
;1;ALEJA GWIAZD;HerbataKompozycjeHerbata Czarna z dodatkamiHerbaty urodzinoweHerbaty AdwentowePromocja urodzinowaHerbaty cejlońskie;24.95;1;0;Czarna herbata Ceylon z dodatkiem cytryny, truskawki, żurawiny oraz...;Wysokiej jakości herbata Ceylon High Grown z wyraźną w smaku cytryną oraz delikatnymi owocami brzoskwini, żurawiny i truskawki, a także barwnymi płatkami bławatka.;1;https://czasnaherbate.net/171-home_default/aleja-gwiazd.webphttps://czasnaherbate.net/171-home_default/aleja-gwiazd.webphttps://czasnaherbate.net/171-small_medium/aleja-gwiazd.webp
;1;BAJECZNE ŚWIĘTA;HerbataHerbata Czarna z dodatkamiHerbaty świąteczneHerbaty na zimę;20.95;1;0;Czarna herbata OP z dodatkiem truskawki, wiśni, płatków śniegu oraz...;Pełna smaku kompozycja czarnej herbaty, która przypomni jak niezwykły i bajeczny może być czas świąt. Owocowa moc dzikiej róży, jabłka, wiśni, żurawiny i truskawki przeniesie do magicznej krainy. W tym bajecznym świecie pełnym kwitnących hibiskusów i róż padają płatki słodkiego, cukrowego śniegu.;1;https://czasnaherbate.net/169-home_default/bajeczne-swieta.webphttps://czasnaherbate.net/169-home_default/bajeczne-swieta.webphttps://czasnaherbate.net/169-small_medium/bajeczne-swieta.webp
;1;CASABLANCA;HerbataKompozycjeHerbata Czarna z dodatkamiHerbaty cejlońskie;23.95;1;0;Czarna herbata Ceylon z dodatkiem melisy, kawałków jabłek oraz...;Czarna herbata Ceylon High Grown z dodatkiem melisy oraz kawałków jabłek, truskawek i ananasa w połączeniu z naturalnymi aromatami truskawki i ananasa.;1;https://czasnaherbate.net/2167-home_default/casablanca.webphttps://czasnaherbate.net/2167-home_default/casablanca.webphttps://czasnaherbate.net/2167-small_medium/casablanca.webp
;1;CHWILA PRZY KOMINKU;HerbataKompozycjeHerbata Czarna z dodatkamiHerbaty rozgrzewająceHerbata wietnamska;19.45;1;0;Herbata czarna OP oraz zielona Sencha z dodatkiem rodzynek, pomarańczy oraz...;Wspaniałe, korzenne połączenie czarnej wietnamskiej herbaty z zielonymi listkami herbaty Sencha. Oryginalności dodają kawałki cynamonu, skórka pomarańczowa, płatki róży oraz słodkie rodzynki. Złocisty cynamonowo-pomarańczowy napar umili długie jesienne i zimowe wieczory, rozgrzewając oraz wprowadzając nas w wyjątkowy nastrój.;1;https://czasnaherbate.net/165-home_default/chwila-przy-kominku.webphttps://czasnaherbate.net/165-home_default/chwila-przy-kominku.webphttps://czasnaherbate.net/165-small_medium/chwila-przy-kominku.webp
Product ID;Active (0/1);Name *;Categories (x,y,z...);Price tax excluded;Tax rules ID;On sale (0/1);Summary;Description;Show price (0 = No, 1 = Yes);Image URLs (x,y,z...)
;1;ALOE VERA;HerbataKompozycjeHerbata Zielona z dodatkamiHerbaty urodzinoweHerbaty w puszkach firmowychHerbaty do restauracjiHerbaty na zimno;19.45;1;0;Herbata zielona Gunpowder z dodatkiem pokrzywy, aloesu i płatków róży.;Kompozycja zielonej herbaty Gunpowder, w której skrywa się zdrowotne bogactwo pokrzywy oraz aloesu, okraszone wonnymi płatkami róży. Aloes jest niesamowitą roślina leczniczą pełną drogocennych wartości odżywczych. Zawiera wiele witamin, w tym A, C, E, kwas foliowy (B9), B1, B2, B3 (niacyna), B6. Aloes jest również jedyną z niewielu roślin zawierających witaminę B12. Zawiera także wiele niezbędnych mikroelementów: wapń, magnez, cynk, chrom, selen, sód, potas, żelazo, miedź oraz mangan. Pomaga także w oczyszczaniu organizmu oraz w trawieniu pokarmu.;1;https://czasnaherbate.net/368-home_default/aloe-vera.webphttps://czasnaherbate.net/368-home_default/aloe-vera.webphttps://czasnaherbate.net/3150-home_default/aloe-vera.webphttps://czasnaherbate.net/368-home_default/aloe-vera.webphttps://czasnaherbate.net/368-small_medium/aloe-vera.webphttps://czasnaherbate.net/368-home_default/aloe-vera.webphttps://czasnaherbate.net/3150-small_medium/aloe-vera.webp
;1;CHWILA DLA CIEBIE;HerbataKompozycjeHerbata Zielona z dodatkamiHerbata z miętąHerbaty urodzinoweHerbaty na latoHerbaty do kawiarniHerbaty na zimno;19.95;1;0;Połączenie zielonej herbaty Sencha, białej Pai Mu Tan, ananasa, acai oraz...;"Połączenie zielonej herbaty Sencha, białej Pai Mu Tan, ananasa, owocu acai, marakui i kwiatu słonecznika. Intensywnie owocowa herbata, której nie może zabraknąć w żadnym salonie sieci Czas na Herbatę.

Nasza propozycja przyrządzenia herbaty na zimno:
Składniki: herbata Chwila dla Ciebie, ananas, mięta. Listki mięty włóż do pojemnika na lód i zalej wodą. Zamroź. Zaparz 1-1,5 łyżeczki herbaty w 200 ml wody i odstaw do schłodzenia. Pokrój ananasa w plastry, a następnie w trójkąty. Wrzuć ananasa wraz z przygotowanymi kostkami lodu i zalej herbatą. Smacznego!";1;https://czasnaherbate.net/364-home_default/chwila-dla-ciebie.webphttps://czasnaherbate.net/364-home_default/chwila-dla-ciebie.webphttps://czasnaherbate.net/364-small_medium/chwila-dla-ciebie.webp
;1;DOTYK ANIOŁA;HerbataKompozycjeHerbata Zielona z dodatkami;19.95;1;0;Herbata zielona Gunpowder z dodatkiem skórki pomarańczowej oraz...;Słodka gruszka, aromatyczna skórka pomarańczy i soczysta brzoskwinia otulone zieloną herbatą Gunpowder Super i przystrojone płatkami różowego bławatka.;1;https://czasnaherbate.net/360-home_default/dotyk-aniola.webphttps://czasnaherbate.net/360-home_default/dotyk-aniola.webphttps://czasnaherbate.net/360-small_medium/dotyk-aniola.webp
;1;EARL GREY FANTASY;HerbataKompozycjeHerbata Zielona z dodatkamiHerbata Earl GreyHerbaty po angielskuHerbaty kwiatoweHerbaty wielkanocne;21.45;1;0;Zielona herbata Sencha z dodatkiem winogron, wiśni, rumianku, lippii oraz...;Odwiedź pełną bergamotkowej magii krainę, w której wśród zielonej herbaty Sencha skosztujesz owoców winogron i wiśni, zachwycisz się aromatem werbeny oraz odpoczniesz wśród kwiatów rumianku i bławatka.;1;https://czasnaherbate.net/358-home_default/earl-grey-fantasy.webphttps://czasnaherbate.net/358-home_default/earl-grey-fantasy.webphttps://czasnaherbate.net/358-small_medium/earl-grey-fantasy.webp
Product ID;Active (0/1);Name *;Categories (x,y,z...);Price tax excluded;Tax rules ID;On sale (0/1);Summary;Description;Show price (0 = No, 1 = Yes);Image URLs (x,y,z...)
;1;AKSAMITNY POCAŁUNEK;HerbataKompozycjeHerbata Pu Erh z dodatkamiHerbaty Adwentowe;21.95;1;0;Herbata czerwona Pu erh z dodatkiem czarnej porzeczki, żurawiny oraz...;Finezyjny związek czerwonej herbaty Pu Erh z żurawiną, porzeczką oraz malinami, który oczarowuje smakiem oraz zapachem, który rozprzestrzenia się w całym pomieszczeniu. Słodycz owoców, a zarazem ich orzeźwiający charakter kojarzą się z pierwszym pocałunkiem, który zawsze jest czymś nowym, ekscytującym i wyjątkowym. Czymś, co mogłoby się nigdy nie kończyć – tak jak herbata Aksamitny Pocałunek.;1;https://czasnaherbate.net/1677-home_default/aksamitny-pocalunek.webphttps://czasnaherbate.net/1677-home_default/aksamitny-pocalunek.webphttps://czasnaherbate.net/1677-small_medium/aksamitny-pocalunek.webp
;1;OGNISTY SMOK;HerbataKompozycjeHerbata Pu Erh z dodatkamiHerbaty urodzinowe;19.95;1;0;Herbata czerwona Pu erh z dodatkiem ananasa, skórki pomarańczowej oraz...;"Bogate połączenie czerwonej herbaty Pu Erh z Rooibosem, które dopełniono słodkim ananasem, kawałkami jabłek i truskawek oraz skórką pomarańczy. Uroku dodają złociste płatki słonecznika, które wspaniale kontrastują z czerwienią Rooibosa czy truskawek. Po zaparzeniu otrzymujemy owocowo-cytrusowy napar, który doskonale harmonizuje z ziemistym posmakiem czerwonej herbaty.
 
Napar z czerwonej herbaty działa pobudzająco na wytwarzanie soków trawiennych oraz stymuluje pracę jelit, co przyśpiesza metabolizm, a w efekcie końcowym wspomaga spalanie tłuszczów. Czerwona herbata obniża poziom cholesterolu i ciśnienie krwi, co poprawia również krążenie. To podstawa diety osób, które zdecydowały się na odchudzanie oraz tych, którym zależy na naturalnym oczyszczaniu organizmu.

Składniki: herbata czerwona Pu-erh, ananas kandyzowany (ananas, cukier, kwas cytrynowy), skórka pomarańczowa suszona, jabłko suszone, Rooibos, truskawka liofilizowana, kwiat słonecznika, aromaty

Wartość odżywcza w 100g: wartość energetyczna 240,0kJ / 57,0kcal, tłuszcze 0,0g, węglowodany 12,0g (w tym cukry 9,7g), błonnik 1,8g, białko 0,6g, sól 0,0g, sód 0,0g.

Kraj pochodzenia: Chiny";1;https://czasnaherbate.net/1675-home_default/ognisty-smok.webphttps://czasnaherbate.net/1675-home_default/ognisty-smok.webphttps://czasnaherbate.net/1675-small_medium/ognisty-smok.webp
;1;ORANGE SPRITZ;HerbataKompozycjeHerbata Pu Erh z dodatkami;19.95;1;0;Herbata czerwona Pu erh z pomarańczą, hibiskusem,suszoną skórką grejpfruta...;Smak: Wyrazisty, lekko gorzkawy z wyczuwalną słodyczą i cytrusowym orzeźwieniem. Ziemista baza Pu Erh została zestawiona z nutami pomarańczy, grejpfruta i hibiskusa, tworząc smak inspirowany klasycznym włoskim drinkiem Aperol Spritz. Lukrecja nadaje subtelnej słodyczy, a mięta dopełnia kompozycję chłodnym, świeżym akcentem.;1;https://czasnaherbate.net/6313-home_default/orange-spritz.webphttps://czasnaherbate.net/6313-home_default/orange-spritz.webphttps://czasnaherbate.net/6313-small_medium/orange-spritz.webp
;1;PU ERH FITNESS;HerbataKompozycjeHerbata Pu Erh z dodatkami;19.95;1;0;Herbata czerwona Pu erh z dodatkiem yerba mate, jabłka oraz...;"Napar z czerwonej herbaty działa pobudzająco na wytwarzanie soków trawiennych oraz stymuluje pracę jelit, co przyśpiesza metabolizm, a w efekcie końcowym wspomaga spalanie tłuszczów. Czerwona herbata obniża poziom cholesterolu i ciśnienie krwi, co poprawia również krążenie. To podstawa diety osób, które zdecydowały się na odchudzanie oraz tych, którym zależy na naturalnym oczyszczaniu organizmu.

Składniki: herbata czerwona Pu erh 63,3%, yerba mate, jabłko suszone, wiśnia liofilizowana, nagietek 0,7%, aromaty
 

Wartość odżywcza w 100g: wartość energetyczna 342,0 kJ / 81,0 kcal, tłuszcze 0,0 g, węglowodany 17,0g (w tym cukry 12,0g), błonnik 3,3g, białko 1,0g, sól 0,0g, sód 0,0g.     

Kraj pochodzenia: Chiny";1;https://czasnaherbate.net/1683-home_default/pu-erh-fitness.webphttps://czasnaherbate.net/1683-home_default/pu-erh-fitness.webphttps://czasnaherbate.net/1683-small_medium/pu-erh-fitness.webp
Product ID;Active (0/1);Name *;Categories (x,y,z...);Price tax excluded;Tax rules ID;On sale (0/1);Summary;Description;Show price (0 = No, 1 = Yes);Image URLs (x,y,z...)
;1;LA DOLCE VITA! SYCYLIJSKA LEMONIADA;HerbataHerbata Biała z dodatkamiHerbaty limitowaneHerbaty urodzinoweHerbaty na lato;45.9;1;0;Herbata biała Pai Mu Tan z dodatkiem pomelo, limonki oraz rozmarynu.;"Smak: Delikatny, lekko cytrusowy z wyczuwalną słodyczą mango i pomelo. Biała herbata Pai Mu Tan nadaje łagodną, roślinną bazę, którą uzupełniają orzeźwiające nuty limonki,
pomarańczy i ziołowy akcent rozmarynu. Kompozycja przywodzi na myśl smak domowej lemoniady – subtelnie słodkiej, naturalnej i świeżej.";1;https://czasnaherbate.net/6204-home_default/la-dolce-vita-sycylijska-lemoniada.webphttps://czasnaherbate.net/6204-home_default/la-dolce-vita-sycylijska-lemoniada.webphttps://czasnaherbate.net/6205-home_default/la-dolce-vita-sycylijska-lemoniada.webphttps://czasnaherbate.net/6204-home_default/la-dolce-vita-sycylijska-lemoniada.webphttps://czasnaherbate.net/6203-home_default/la-dolce-vita-sycylijska-lemoniada.jpghttps://czasnaherbate.net/6204-home_default/la-dolce-vita-sycylijska-lemoniada.webphttps://czasnaherbate.net/6204-small_medium/la-dolce-vita-sycylijska-lemoniada.webphttps://czasnaherbate.net/6204-home_default/la-dolce-vita-sycylijska-lemoniada.webphttps://czasnaherbate.net/6205-small_medium/la-dolce-vita-sycylijska-lemoniada.webphttps://czasnaherbate.net/6204-home_default/la-dolce-vita-sycylijska-lemoniada.webphttps://czasnaherbate.net/6203-small_medium/la-dolce-vita-sycylijska-lemoniada.jpghttps://czasnaherbate.net/6204-home_default/la-dolce-vita-sycylijska-lemoniada.webphttps://czasnaherbate.net/6204-small_medium/la-dolce-vita-sycylijska-lemoniada.webphttps://czasnaherbate.net/6204-home_default/la-dolce-vita-sycylijska-lemoniada.webphttps://czasnaherbate.net/6205-small_medium/la-dolce-vita-sycylijska-lemoniada.webphttps://czasnaherbate.net/6204-home_default/la-dolce-vita-sycylijska-lemoniada.webphttps://czasnaherbate.net/6203-small_medium/la-dolce-vita-sycylijska-lemoniada.jpg
;1;MAMMA MIA;HerbataKompozycjeHerbata Biała z dodatkami;29.95;1;0;Herbata biała Pai Mu Tan z dodatkiem truskawki.;Kompozycja, która budzi zainteresowanie już po otwarciu torebki. Rozkoszny zapach soczystych truskawek skąpanych w śmietanie, pośród listków białej herbaty Pai Mu Tan, wypełnia pomieszczenie w kilka chwil. Doskonała propozycja do przygotowywania i delektowania się nią w wyjątkowych chwilach. Pozwala zapomnieć o otaczającej codzienności, a dodatkowo ma zbawienny wpływ na nasz organizm. Biała herbata ma bowiem właściwości likwidujące napięcie umysłowe, przywracające koncentrację, orzeźwiające, odmładzające skórę, nawilżające, antymutagenne oraz przeciwutleniające.;1;https://czasnaherbate.net/398-home_default/mamma-mia.webphttps://czasnaherbate.net/398-home_default/mamma-mia.webphttps://czasnaherbate.net/398-small_medium/mamma-mia.webp
;1;OGRÓD ZMYSŁÓW;HerbataKompozycjeHerbata Biała z dodatkami;34.95;1;0;Herbata biała Silver Needle z dodatkiem jabłka, migdałów, igieł świerku oraz....;Smak: Silver Needle wprowadza delikatność i lekko roślinny, neutralny profil. Słodycz jabłka i migdałów przeplata się z wyrazistą korzennością cynamonu. Owoc kakaowca wnosi głębię i lekko gorzkawą nutę, a świerkowy akcent dodaje świeżości. Aromat marcepanowy dopełnia całość słodką, wyraźną nutą o charakterze deserowym. Smak naparu jest złożony i harmonijny, dobrze zbalansowany.;1;https://czasnaherbate.net/6274-home_default/ogrod-zmyslow.webphttps://czasnaherbate.net/6274-home_default/ogrod-zmyslow.webphttps://czasnaherbate.net/6274-small_medium/ogrod-zmyslow.webp
;1;PEŁNIA SZCZĘŚCIA;HerbataKompozycjeHerbata Biała z dodatkamiProdukty na WielkanocHerbaty kwiatoweHerbaty wielkanocne;29.95;1;0;Herbata biała Pai Mu Tan z dodatkiem ananasa, marakui, jagód inkaskich oraz...;Herbata biała Pai Mu Tan z dodatkiem ananasa, marakui, jagód inkaskich, kocanki i bławatka.;1;https://czasnaherbate.net/1805-home_default/pelnia-szczescia.webphttps://czasnaherbate.net/1805-home_default/pelnia-szczescia.webphttps://czasnaherbate.net/1805-small_medium/pelnia-szczescia.webp
Product ID;Active (0/1);Name *;Categories (x,y,z...);Price tax excluded;Tax rules ID;On sale (0/1);Summary;Description;Show price (0 = No, 1 = Yes);Image URLs (x,y,z...)
;1;EARL GREY YELLOW;HerbataHerbata Żółta z dodatkamiHerbata Earl GreyHerbaty limitowane;25.95;1;0;Żółta herbata z dodatkiem olejku bergamotowego.;Skład: herbata żółta Yellow buds, olejek bergamotowy;1;https://czasnaherbate.net/5961-home_default/earl-grey-yellow.webphttps://czasnaherbate.net/5961-home_default/earl-grey-yellow.webphttps://czasnaherbate.net/5961-small_medium/earl-grey-yellow.webp
Product ID;Active (0/1);Name *;Categories (x,y,z...);Price tax excluded;Tax rules ID;On sale (0/1);Summary;Description;Show price (0 = No, 1 = Yes);Image URLs (x,y,z...)
;1;NOCE I DNIE;HerbataKompozycjeHerbata Oolong kompozycjeHerbaty urodzinowe;24.95;1;0;Turkusowa herbata Oolong z dodatkiem żurawiny, truskawki, jabłka oraz...;Wyjątkowa kompozycja turkusowej herbaty Oolong z tropikalnym melonem, pełną witamin żurawiną i delikatną truskawką ozdobiona aromatycznym kwiatem pomarańczy.;1;https://czasnaherbate.net/452-home_default/noce-i-dnie.webphttps://czasnaherbate.net/452-home_default/noce-i-dnie.webphttps://czasnaherbate.net/452-small_medium/noce-i-dnie.webp
;1;WHISKY KIOTO;HerbataKompozycjeHerbata Oolong kompozycje;27.45;1;0;Turkusowa herbata Oolong z dodatkiem czarnej porzeczki, śliwką...;Smak: Pełny i wielowarstwowy – bazę stanowi szlachetny oolong o łagodnym, lekko słodowym charakterze. Czarna porzeczka i jej liść wprowadzają owocową głębię i subtelną cierpkość, którą równoważy naturalna słodycz śliwki liofilizowanej. Kwiat granatu dodaje delikatnego kwiatowego niuansu, a skórka cytrynowa nadaje kompozycji lekkiego cytrusowego akcentu. Całość przypomina spokojny, dojrzały profil smakowy zainspirowany whisky – ale zamknięty w filiżance herbaty.;1;https://czasnaherbate.net/6331-home_default/whisky-kioto.webphttps://czasnaherbate.net/6331-home_default/whisky-kioto.webphttps://czasnaherbate.net/6331-small_medium/whisky-kioto.webp
Product ID;Active (0/1);Name *;Categories (x,y,z...);Price tax excluded;Tax rules ID;On sale (0/1);Summary;Description;Show price (0 = No, 1 = Yes);Image URLs (x,y,z...)
;1;BORA BORA;HerbataKompozycjeHerbata OwocowaHerbata z hibiskusemHerbaty urodzinoweHerbaty z Egiptu;23.45;1;0;Na kompozycję składają się hibiskus, jabłko, papaja, czarny bez, malina oraz...;Wspaniale fantazyjne połączenie owoców: jabłka, papai, owocu czarnego bzu, maliny oraz truskawki w towarzystwie hibiskusa, delikatnych płatków słonecznika i aromatycznego bławatka. Z każdym kolejnym łykiem przenosi nas w cudowny klimat egzotyki. Wyśmienita do podawania jako słodki dodatek podczas spotkań z rodziną czy przyjaciółmi.;1;https://czasnaherbate.net/446-home_default/bora-bora.webphttps://czasnaherbate.net/446-home_default/bora-bora.webphttps://czasnaherbate.net/446-small_medium/bora-bora.webp
;1;CYTRUSOWA POKUSA;HerbataKompozycjeHerbata OwocowaHerbaty na zimno;22.95;1;0;Na kompozycję składają się ananas, papaja, malina, rodzynki i jabłko.;Wyjątkowo orzeźwiająca kompozycja pysznych owoców: ananasa, papai i rodzynek, które nadają cudownie słodkiego smaku, przełamanego wyrazistym smakiem malin i soczystego jabłka. Idealna propozycja dla łasuchów: zaraz po zaparzeniu możemy oddać się przyjemności wyjadania wszystkich owoców! Po prostu pycha!;1;https://czasnaherbate.net/444-home_default/cytrusowa-pokusa.webphttps://czasnaherbate.net/444-home_default/cytrusowa-pokusa.webphttps://czasnaherbate.net/444-small_medium/cytrusowa-pokusa.webp
;1;GORĄCE RYTMY;HerbataKompozycjeHerbata OwocowaHerbaty urodzinowePromocja urodzinowa;21.95;1;0;Gorąca kompozycja owocowa z ananasem, papają, jabłkiem oraz...;Cóż może być przyjemniejszego niż połączenie smaku egzotycznych owoców z rodzimymi jabłkami i wiśniami skąpanymi w kwiatach bławatka, nagietka i safloru. Przygotowany napar na długo rozgrzeje nasze myśli i duszę, powrócimy wspomnieniami do gorących dni wakacji.;1;https://czasnaherbate.net/440-home_default/gorace-rytmy.webphttps://czasnaherbate.net/440-home_default/gorace-rytmy.webphttps://czasnaherbate.net/440-small_medium/gorace-rytmy.webp
;1;GRZANIEC;HerbataKompozycjeHerbata OwocowaHerbata z hibiskusemHerbaty rozgrzewająceHerbaty świąteczneHerbaty na zimę;21.45;1;0;Kompozycja zawiera hibiskus, jarzębinę, owoc głogu, cynamon, goździki oraz...;Wyjątkowo aromatyczna i bogata w smaku kompozycja cynamonu, goździków, owocu czarnego bzu, tarniny, jagody, aronii, owocu głogu, jarzębiny, jabłka, skórki owocu róży oraz hibiskusa, która sprawia, że czas zatrzymuje się w miejscu. Nie istnieje nic poza cudownie otulającym bukietem smaków. Propozycja idealna na chłodne jesienne i zimowe dni, a także jako dodatek do grzanego wina.;1;https://czasnaherbate.net/438-home_default/grzaniec-galicyjski.webphttps://czasnaherbate.net/438-home_default/grzaniec-galicyjski.webphttps://czasnaherbate.net/438-small_medium/grzaniec-galicyjski.webp
Product ID;Active (0/1);Name *;Categories (x,y,z...);Price tax excluded;Tax rules ID;On sale (0/1);Summary;Description;Show price (0 = No, 1 = Yes);Image URLs (x,y,z...)
;1;BLASK ŚWIĄT;HerbataRooibos kompozycjeHerbaty świąteczneHerbaty na zimę;18.95;1;0;Rooibos z dodatkiem jabłek, hibiskusa, cykorii oraz goździków.;Smak: Delikatny, naturalnie słodki i gładki dzięki rooibosowi, przełamany lekką kwaskowatością hibiskusa i jabłka. Cykoria wnosi nutę głębi, a goździk dodaje charakteru i świątecznego ciepła. Całość jest zbalansowana – rozgrzewająca, ale łagodna, bez goryczy.;1;https://czasnaherbate.net/6291-home_default/blask-swiat.webphttps://czasnaherbate.net/6291-home_default/blask-swiat.webphttps://czasnaherbate.net/6291-small_medium/blask-swiat.webp
;1;ELIKSIR KUMARU;HerbataRooibos kompozycjeHerbaty świąteczneHerbaty na zimę;26.95;1;0;Rooibos z dodatkiem gruszki, fasoli Tonka, skórki pomarańczowej..;Smak: Otulający, słodki i głęboki – z wyczuwalnymi nutami gruszki, wanilii i migdałów pochodzącymi z fasoli tonka. Rooibos superior tworzy gładką, miodową bazę, którą przełamuje delikatna cytrusowa świeżość skórki pomarańczowej i liścia limonki. Suszone jabłko i malina dodają kompozycji naturalnej soczystości i lekkości, czyniąc napar aksamitnym i harmonijnym.;1;https://czasnaherbate.net/6418-home_default/eliksir-kumaru.webphttps://czasnaherbate.net/6418-home_default/eliksir-kumaru.webphttps://czasnaherbate.net/6418-small_medium/eliksir-kumaru.webp
;1;ROOIBOS CHILLOUT;HerbataKompozycjeRooibos kompozycjeHerbata z miętąHerbaty urodzinoweHerbaty RPA;14.95;1;0;Rooibos z dodatkiem truskawki, lawendy i mięty.;Rooibos połączony z soczystymi truskawkami, dodającą witalności lawendą i nutką orzeźwiającej mięty. Wyśmienity w smaku i aromacie.;1;https://czasnaherbate.net/507-home_default/rooibos-chillout.webphttps://czasnaherbate.net/507-home_default/rooibos-chillout.webphttps://czasnaherbate.net/507-small_medium/rooibos-chillout.webp
;1;ROOIBOS CUBA LIBRE;HerbataKompozycjeRooibos kompozycje;15.95;1;0;Rooibos z dodatkami cytrusowymi i liśćmi eukaliptusa.;Niech smak Cię wyzwoli! Miodowy aromat rooibosa połączony ze świeżym smakiem skórki i kwiatów pomarańczy oraz orzeźwiającymi liśćmi limonki i eukaliptusa.;1;https://czasnaherbate.net/505-home_default/rooibos-cuba-libre.webphttps://czasnaherbate.net/505-home_default/rooibos-cuba-libre.webphttps://czasnaherbate.net/505-small_medium/rooibos-cuba-libre.webp
Product ID;Active (0/1);Name *;Categories (x,y,z...);Price tax excluded;Tax rules ID;On sale (0/1);Summary;Description;Show price (0 = No, 1 = Yes);Image URLs (x,y,z...)
;1;EARL GREY;HerbataKompozycjeHerbata Czarna z dodatkamiHerbata Earl GreyHerbaty po angielskuHerbaty cejlońskieHerbaty do gastronomiiHerbaty do biura;18.45;1;0;Klasyczny Earl Grey.;Jedna z najbardziej znanych i cenionych kompozycji na świecie. Jej wspaniały smak i aromat uzyskuje się poprzez dodanie olejku z bergamotki. Herbata Earl Grey swój niepowtarzalny smak i aromat zawdzięcza olejkowi z bergamotki. Nazwę bergamotka wprowadzili Turcy określając tym mianem uprawiany w strefie śródziemnomorskiej owoc Książęcej Gruszki zbliżony kształtem do owoców cytrusowych, posiadający grubą, mięsistą skórkę. Właśnie z tej skóry tłoczony jest aromatyczny olejek dodawany między innymi do herbat typu Earl Grey. Pojawienie się herbaty Earl Grey w Europie jest prawdopodobnie związane z transportem herbaty z Chin. Podczas długiej podróży liście herbaty zabezpieczano olejkiem bergamotowym, umieszczając go w lukach transportowych, tak aby ochronić ładunek przed działaniem pleśni oraz specyficznym zapachem ryb. Herbata Earl Grey posiada także właściwości zdrowotne. Substancje zawarte w olejku bergamotowym wzmacniają układ odpornościowy, zwiększają produkcję endorfin, odpowiedzialnych za poprawę nastroju oraz stymulują pracę mózgu. To wspaniała propozycja do śniadania, która zapewni nam dobry nastrój przez cały dzień.;1;https://czasnaherbate.net/163-home_default/earl-grey.webphttps://czasnaherbate.net/163-home_default/earl-grey.webphttps://czasnaherbate.net/163-small_medium/earl-grey.webp
;1;EARL GREY LAWENDOWY;HerbataKompozycjeHerbata Czarna z dodatkamiHerbata Earl GreyHerbaty kwiatowe;19.95;1;0;Herbata Ceylon z dodatkiem suszonej lawendy.;Tradycyjna herbata Earl Grey skomponowana na bazie Ceylonu z dodatkiem suszonej lawendy. W smaku wyczuwalne są charakterystyczne nuty bergamoty delikatnie przełamane aromatem lawendy. Napar ma kolor czerwono-brązowy.;1;https://czasnaherbate.net/2578-home_default/earl-grey-lawendowy.webphttps://czasnaherbate.net/2578-home_default/earl-grey-lawendowy.webphttps://czasnaherbate.net/2578-small_medium/earl-grey-lawendowy.webp
;1;EARL GREY LEMON;HerbataKompozycjeHerbata Czarna z dodatkamiHerbata Earl GreyHerbaty po angielskuHerbaty do kawiarniHerbaty do biura;18.95;1;0;Herbata Earl Grey z dodatkiem skórki cytrynowej.;Klasyczna kompozycja herbaty Earl Grey wzbogacona skórką dojrzałej cytryny. Orzeźwiający smak egzotycznego owocu podkreśla bogaty bukiet naparu nadając mu przyjemnego kwaskowego wyrazu. Herbata Earl Grey swój niepowtarzalny smak i aromat zawdzięcza olejkowi z bergamotki. Nazwę bergamotka wprowadzili Turcy określając tym mianem uprawiany w strefie śródziemnomorskiej owoc Książęcej Gruszki zbliżony kształtem do owoców cytrusowych, posiadający grubą, mięsistą skórkę. Właśnie z tej skóry tłoczony jest aromatyczny olejek dodawany między innymi do herbat typu Earl Grey.;1;https://czasnaherbate.net/157-home_default/earl-grey-lemon.webphttps://czasnaherbate.net/157-home_default/earl-grey-lemon.webphttps://czasnaherbate.net/157-small_medium/earl-grey-lemon.webp
Product ID;Active (0/1);Name *;Categories (x,y,z...);Price tax excluded;Tax rules ID;On sale (0/1);Summary;Description;Show price (0 = No, 1 = Yes);Image URLs (x,y,z...)
;1;JAŚMINOWA;HerbataHerbata ZielonaHerbata z jaśminemHerbaty do restauracji;16.45;1;0;Herbata zielona Yunnan z dodatkiem kwiatu jaśminu.;"Tradycyjna chińska zielona herbata Yunnan z dodatkiem kwiatu jaśminu. To doskonała propozycja do ciężko strawnych posiłków jak i do  poobiedniej sjesty.

Składniki: herbata zielona Yunnan, jaśmin

Kraj pochodzenia: Chiny";1;https://czasnaherbate.net/338-home_default/jasminowa.webphttps://czasnaherbate.net/338-home_default/jasminowa.webphttps://czasnaherbate.net/338-small_medium/jasminowa.webp
;1;JAŚMINOWA DAMA;HerbataKompozycjeHerbata Zielona z dodatkamiHerbata z jaśminemHerbaty urodzinowe;19.95;1;0;Herbata jaśminowa z imbirem.;"Herbata idealna dla kobiet, stworzona z myślą o nich z okazji ich dnia - 8 marca. Jest to wyjątkowa kompozycja, która niczym bukiet jaśminów, łączy delikatność zielonej herbaty z kwiatowym aromatem tych kwiatów i charakterystyczną nutą imbiru. Subtelne kwiaty i pąki jaśminu nadają naparowi romantyczny, lekko słodkawy charakter, a imbir wnosi do bukietu rozgrzewający charakter. Każdy łyk tej herbaty to chwila relaksu i harmonii – doskonała zarówno na poranne przebudzenie, jak i popołudniowe ukojenie. Jaśminowa Dama zachwyca swoim wyrafinowanym smakiem, który pobudza zmysły i otula elegancką wonią. Idealna dla miłośników herbaty ceniących wyrafinowane połączenia smaków.
Uwaga: ta kompozycja nie zawiera aromatów – jej subtelny aromat i smak zawdzięcza jedynie naturalnym składnikom.

Składniki: herbata zielona Yunnan, kwiat jaśminu, pąki jaśminu, imbir.

Kraj: Chiny";1;https://czasnaherbate.net/5921-home_default/jasminowa-dama.webphttps://czasnaherbate.net/5921-home_default/jasminowa-dama.webphttps://czasnaherbate.net/5921-small_medium/jasminowa-dama.webp
;1;JAŚMINOWA PREMIUM;HerbataKompozycjeHerbata Zielona z dodatkamiHerbata z jaśminemPromocja urodzinowa;22.95;1;0;Herbata zielona Sencha z dodatkiem jaśminu.;Klasyczna zielona herbata Sencha odznaczająca się delikatnym, aczkolwiek wykwintnym smakiem, harmonijnie połączona z aromatycznymi kwiatami jaśminu to propozycja idealna dla wszystkich herbacianych koneserów doceniający kompozycje o najwyższej jakości;1;https://czasnaherbate.net/2076-home_default/jasminowa-premium.webphttps://czasnaherbate.net/2076-home_default/jasminowa-premium.webphttps://czasnaherbate.net/2076-small_medium/jasminowa-premium.webp
Product ID;Active (0/1);Name *;Categories (x,y,z...);Price tax excluded;Tax rules ID;On sale (0/1);Summary;Description;Show price (0 = No, 1 = Yes);Image URLs (x,y,z...)
;1;GREEN ORANGE;HerbataKompozycjeHerbata Zielona z dodatkamiHerbata z hibiskusemHerbaty w puszkach firmowychHerbaty do biura;19.95;1;0;Herbata zielona Sencha z dodatkiem truskawki, pomarańczy, jabłka oraz...;Kompozycja, o której się nie zapomina. Już podczas otwarcia torebki zaskakuje nas paletą barw i zapachów. Soczyste plastry truskawek, ćwiartki pomarańczy, cząstki jabłek, kwiaty pomarańczy oraz trawa cytrynowa tworzą prawdziwe bogactwo herbaty Green Orange. Drobne listki zielonej herbaty Sencha niemal giną wśród barwnej kolekcji owoców. Jednak to właśnie ona nadaje kompozycji charakterystyczny smak. Wonne płatki hibiskusa równoważą słodki smak truskawek i pomarańczy. Jest to wspaniała wariacja na temat zielonej herbaty, która umili nam dzień, niezależnie od pory roku.;1;https://czasnaherbate.net/350-home_default/green-orange.webphttps://czasnaherbate.net/350-home_default/green-orange.webphttps://czasnaherbate.net/3039-home_default/green-orange.webphttps://czasnaherbate.net/350-home_default/green-orange.webphttps://czasnaherbate.net/350-small_medium/green-orange.webphttps://czasnaherbate.net/350-home_default/green-orange.webphttps://czasnaherbate.net/3039-small_medium/green-orange.webp
;1;KRAINA ŁAGODNOŚCI;HerbataKompozycjeHerbata OwocowaHerbata z hibiskusem;22.45;1;0;Owocowa kompozycja zawierająca suszone jabłko, rodzynki oraz...;Owocowa kompozycja pełna delikatnej słodkości suszonego jabłka, rodzynek, dobroczynnych owoców czarnego bzu, aronii, hibiskusa, śliwki, maliny, wiśni oraz różanych płatków sprawi, że już po pierwszym łyku przeniesiesz się do miejsca pełnego błogiego spokoju i relaksu.;1;https://czasnaherbate.net/432-home_default/kraina-lagodnosci.webphttps://czasnaherbate.net/432-home_default/kraina-lagodnosci.webphttps://czasnaherbate.net/432-small_medium/kraina-lagodnosci.webp
Product ID;Active (0/1);Name *;Categories (x,y,z...);Price tax excluded;Tax rules ID;On sale (0/1);Summary;Description;Show price (0 = No, 1 = Yes);Image URLs (x,y,z...)
;1;EARL GREY SPICY;HerbataKompozycjeHerbata Czarna z dodatkamiHerbata Earl GreyHerbata z imbiremHerbaty po angielskuHerbaty rozgrzewająceHerbaty świąteczneHerbaty na zimęHerbaty na jesień;19.45;1;0;Czarna herbata Earl grey z dodatkiem kardamonu, pieprzu oraz...;Pozwól rozgrzać się odważnemu smakowi czarnej herbaty Ceylon z dodatkiem imbiru, czerwonego pieprzu i kardamonu oraz oleju z bergamoty.;1;https://czasnaherbate.net/151-home_default/earl-grey-spicy.webphttps://czasnaherbate.net/151-home_default/earl-grey-spicy.webphttps://czasnaherbate.net/151-small_medium/earl-grey-spicy.webp
;1;GINGER&LEMON;HerbataKompozycjeHerbata Zielona z dodatkamiHerbata z imbiremHerbaty rozgrzewająceHerbaty AdwentoweHerbaty w puszkach firmowychHerbaty do gastronomiiHerbaty na zimno;19.45;1;0;Zielona herbata Sencha z dodatkiem imbiru, trawy cytrynowej oraz...;Autorska, orzeźwiająca propozycja oparta na bazie zielonej herbaty Sencha, wzbogacona została o cząstki imbiru oraz trawę cytrynową. Rewelacyjnie gasi pragnienie, oczyszcza organizm, a także pobudza do życia.;1;https://czasnaherbate.net/352-home_default/gingerlemon.webphttps://czasnaherbate.net/352-home_default/gingerlemon.webphttps://czasnaherbate.net/3040-home_default/gingerlemon.webphttps://czasnaherbate.net/352-home_default/gingerlemon.webphttps://czasnaherbate.net/352-small_medium/gingerlemon.webphttps://czasnaherbate.net/352-home_default/gingerlemon.webphttps://czasnaherbate.net/3040-small_medium/gingerlemon.webp
;1;MASALA CHAI;HerbataKompozycjeHerbata Czarna z dodatkamiHerbata z imbiremHerbaty rozgrzewająceHerbaty świąteczneHerbaty indyjskie AssamHerbaty na zimę;22.95;1;0;Czarna herbata Assam z intensywną mocą imbiru, goździków oraz...;Ta propozycja zabierze nas do tajemniczego Dalekiego Wschodu, z jego bogactwem smaków i zapachów. W kompozycji tej połączyliśmy czarną herbatę Assam Dekorai z dodatkiem azjatyckich przypraw oraz trawy cytrynowej. Swój orientalny smak zawdzięcza bogatemu aromatycznemu bukietowi który tworzą imbir, goździki, cynamon, kardamon, pieprz, anyż oraz gałka muszkatołowa. Idealna w chłodne wieczory, a także jako dodatek do potraw kuchni Dalekiego Wschodu. Znakomicie smakuje podawana z mlekiem.;1;https://czasnaherbate.net/121-home_default/masala-chai.webphttps://czasnaherbate.net/121-home_default/masala-chai.webphttps://czasnaherbate.net/121-small_medium/masala-chai.webp
;1;PU ERH MALAKKA;HerbataKompozycjeHerbata Pu Erh z dodatkamiHerbata z imbiremHerbaty urodzinoweHerbaty do kawiarni;21.45;1;0;Herbata czerwona Pu erh z dodatkiem czerwonej porzeczki, truskawki oraz...;"Odwiedź Malakkę, miasto będące perłą Malezji. Na Czerwonym Placu znajdziesz czerwoną herbatę, a dookoła niego porzeczkę, truskawki, wiśnie. Wycieczce pikanterii doda imbir, a całość ubarwią kwiaty ślazu i pomarańczy.

Napar z czerwonej herbaty działa pobudzająco na wytwarzanie soków trawiennych oraz stymuluje pracę jelit, co przyśpiesza metabolizm, a w efekcie końcowym wspomaga spalanie tłuszczów. Czerwona herbata obniża poziom cholesterolu i ciśnienie krwi, co poprawia również krążenie. To podstawa diety osób, które zdecydowały się na odchudzanie oraz tych, którym zależy na naturalnym oczyszczaniu organizmu.

Składniki: herbata czerwona Pu Erh 72%, czerwona porzeczka. truskawka liofilizowana, wiśnia liofilizowana, imbir, ślaz, kwiat pomarańczy, aromaty";1;https://czasnaherbate.net/1669-home_default/pu-erh-malakka.webphttps://czasnaherbate.net/1669-home_default/pu-erh-malakka.webphttps://czasnaherbate.net/1669-small_medium/pu-erh-malakka.webp
Product ID;Active (0/1);Name *;Categories (x,y,z...);Price tax excluded;Tax rules ID;On sale (0/1);Summary;Description;Show price (0 = No, 1 = Yes);Image URLs (x,y,z...)
;1;CHWILA DLA CIEBIE Z IMBIREM;Herbaty w kartonikach okazjonalnychHerbaty limitowaneALLEGRO;28.9;1;0;Kompozycja zielona 70g;Imbirowa harmonia smaków – wyjątkowa kompozycja dla koneserów. Chwila dla Ciebie z Imbirem łączy w sobie wysokiej jakości zieloną herbatę Sencha oraz delikatną białą Pai Mu Tan, tworząc idealną bazę dla owocowych akcentów. Nuty imbiru, owocu acai i marakui nadają naparowi intensywnie owocowy charakter, a dodatek kwiatu słonecznika wzbogaca go nie tylko wizualnie, ale i aromatycznie. To doskonały wybór dla miłośników pełnych smaków, który na zagościł w ofercie Czas na Herbatę jako edycja limitowana. Spróbuj tej wyjątkowej mieszanki i pozwól sobie na chwilę relaksu z filiżanką doskonałej herbaty.;1;https://czasnaherbate.net/5931-home_default/chwila-dla-ciebie-z-imbirem-.webphttps://czasnaherbate.net/5931-home_default/chwila-dla-ciebie-z-imbirem-.webphttps://czasnaherbate.net/5930-home_default/chwila-dla-ciebie-z-imbirem-.webphttps://czasnaherbate.net/5931-home_default/chwila-dla-ciebie-z-imbirem-.webphttps://czasnaherbate.net/5931-small_medium/chwila-dla-ciebie-z-imbirem-.webphttps://czasnaherbate.net/5931-home_default/chwila-dla-ciebie-z-imbirem-.webphttps://czasnaherbate.net/5930-small_medium/chwila-dla-ciebie-z-imbirem-.webphttps://czasnaherbate.net/5931-home_default/chwila-dla-ciebie-z-imbirem-.webphttps://czasnaherbate.net/5931-small_medium/chwila-dla-ciebie-z-imbirem-.webphttps://czasnaherbate.net/5931-home_default/chwila-dla-ciebie-z-imbirem-.webphttps://czasnaherbate.net/5930-small_medium/chwila-dla-ciebie-z-imbirem-.webp
;1;ICE TEA BRZOSKWINIOWA RUMBA;HerbataKompozycjeHerbata Czarna z dodatkamiHerbaty limitowaneHerbaty na lato;18.95;1;0;Czarna herbata dodatkiem brzoskwini, owocu dzikiej róży;Kompozycja dedykowana na lato.;1;https://czasnaherbate.net/6210-home_default/ice-tea-brzoskwiniowa-rumba.webphttps://czasnaherbate.net/6210-home_default/ice-tea-brzoskwiniowa-rumba.webphttps://czasnaherbate.net/6210-small_medium/ice-tea-brzoskwiniowa-rumba.webp
;1;ICE TEA MANGO TWIST;HerbataKompozycjeHerbata Czarna z dodatkamiHerbaty limitowaneHerbaty na lato;18.95;1;0;Czarna herbata z dodatkiem mango, mięty i limonki;Kompozycja dedykowana na lato.;1;https://czasnaherbate.net/6212-home_default/ice-tea-mango-twist.webphttps://czasnaherbate.net/6212-home_default/ice-tea-mango-twist.webphttps://czasnaherbate.net/6212-small_medium/ice-tea-mango-twist.webp
Product ID;Active (0/1);Name *;Categories (x,y,z...);Price tax excluded;Tax rules ID;On sale (0/1);Summary;Description;Show price (0 = No, 1 = Yes);Image URLs (x,y,z...)
Product ID;Active (0/1);Name *;Categories (x,y,z...);Price tax excluded;Tax rules ID;On sale (0/1);Summary;Description;Show price (0 = No, 1 = Yes);Image URLs (x,y,z...)
;1;LETNIE ORZEŹWIENIE;HerbataKompozycjeHerbata Zielona z dodatkamiHerbata z miętąHerbaty na latoHerbaty na zimno;22.45;1;0;Zielona herbata Sencha z cytryną, miętą i liśćmi limonki.;Słoneczne dni, aż proszą się o rześki powiew, najlepiej w postaci herbacianej kompozycji. „Letnie orzeźwienie” stanowi idealne dopełnienie wakacyjnych przygód. W tej kompozycji znajdziemy wysokogatunkową, zieloną herbatę Sencha pełną nie tylko właściwości smakowych, ale i zdrowotnych, jak i ożywcze cząstki cytryny, a także listki limonki oraz mięty. Herbata doskonale smakuje na zimno z dodatkiem kostek lodu.;1;https://czasnaherbate.net/330-home_default/letnie-orzezwienie.webphttps://czasnaherbate.net/330-home_default/letnie-orzezwienie.webphttps://czasnaherbate.net/330-small_medium/letnie-orzezwienie.webp
;1;MAROKAŃSKA;HerbataKompozycjeHerbata Zielona z dodatkamiHerbata z miętąHerbaty do gastronomii;15.95;1;0;Herbata zielona Gunpowder z dodatkiem mięty.;Smaczne i zdrowe połączenie zielonej herbaty Gunpowder z aromatyczną miętą. Herbata Miętowa pozwala zadbać o prawidłowe funkcjonowanie organizmu, a także o szczupłą sylwetkę. Dodatkowo poprawia perystaltykę jelit, łagodzi zaparcia i problemy żołądkowe oraz orzeźwia. Doskonale smakuje również w wersji na zimno, z kostkami lodu, listkami świeżej mięty oraz plasterkami świeżej cytryny. W Maroku taką herbatę nazywa się Touareg i pija się ją namiętnie, w sposób szczególny witając nią gości.;1;https://czasnaherbate.net/322-home_default/marokanska.webphttps://czasnaherbate.net/322-home_default/marokanska.webphttps://czasnaherbate.net/322-small_medium/marokanska.webp
;1;POLE LAWENDOWE;HerbataHerbata Zielona z dodatkamiHerbata z miętąHerbaty na zimno;19.95;1;0;Zielona herbata Sencha z dodatkiem cytryny, ananasa, lawendy, mięty oraz...;Zielona herbata Sencha z dodatkiem cytryny, ananasa, lawendy, mięty oraz rozmarynu. W smaku wyczujemy orzeźwiające nuty mięty i cytryny, słodycz ananasa, delikatnie podbite rozmarynem. Całość kompozycji dopełnia suszona lawenda. Napar ma intensywny żółto-zielony kolor.;1;https://czasnaherbate.net/2580-home_default/pole-lawendowe.webphttps://czasnaherbate.net/2580-home_default/pole-lawendowe.webphttps://czasnaherbate.net/2580-small_medium/pole-lawendowe.webp
Product ID;Active (0/1);Name *;Categories (x,y,z...);Price tax excluded;Tax rules ID;On sale (0/1);Summary;Description;Show price (0 = No, 1 = Yes);Image URLs (x,y,z...)
Product ID;Active (0/1);Name *;Categories (x,y,z...);Price tax excluded;Tax rules ID;On sale (0/1);Summary;Description;Show price (0 = No, 1 = Yes);Image URLs (x,y,z...)
;1;CZEKOLADOWA LAGUNA;Herbata Czarna z dodatkamiHerbaty na latoHerbaty świąteczneHerbaty na zimęHerbaty na jesień;21.45;1;0;Herbata czarna cejlońska z dodatkiem pistacji.;"Smak: Deserowy, gładki i wyrazisty. Dominują nuty pistacji i gorzkiej czekolady, wspierane przez klasyczny, lekko cierpki charakter herbaty Ceylon. Smak pełny, harmonijny, bez goryczy. Dobrze wyważony – nieprzesłodzony, ale intensywny. Idealny do picia solo lub jako zamiennik słodkich napojów.

Aromat: Bardzo intensywny i stabilny. Dominują pistacje z wyraźną nutą czekolady – zarówno w suchym suszu, jak i po zaparzeniu. Aromat nie traci na mocy po zalaniu wodą. Pachnie jak orzechowy deser – ciepło i słodko.";1;https://czasnaherbate.net/6112-home_default/czekoladowa-laguna.webphttps://czasnaherbate.net/6112-home_default/czekoladowa-laguna.webphttps://czasnaherbate.net/6112-small_medium/czekoladowa-laguna.webp
;1;ICE TEA CYTRYNOWA SAMBA;HerbataKompozycjeHerbata Czarna z dodatkamiHerbaty na lato;18.95;1;0;Czarna herbata cejlońska z dodatkiem cytryny, owocu dzikiej róży oraz stewii.;Herbata czarna Ceylon, skórka cytrynowa, skórka owocu róży, stewia. Kompozycja dedykowana na lato.;1;https://czasnaherbate.net/4128-home_default/ice-tea-cytrynowa-samba.webphttps://czasnaherbate.net/4128-home_default/ice-tea-cytrynowa-samba.webphttps://czasnaherbate.net/4128-small_medium/ice-tea-cytrynowa-samba.webp
Product ID;Active (0/1);Name *;Categories (x,y,z...);Price tax excluded;Tax rules ID;On sale (0/1);Summary;Description;Show price (0 = No, 1 = Yes);Image URLs (x,y,z...)
;1;KWIAT GRANATU;KompozycjeHerbata Czarna z dodatkamiHerbaty na latoHerbaty na wiosnę;22.95;1;0;Herbata czarna Wietnam z dodatkiem kwiatu granatu, nagietka i berberysu.;Poczuj wyjątkowe połączenie głębokiego smaku czarnej herbaty i owocowej świeżości w naszej herbacie Kwiat Granatu. Aromatyczna czarna herbata z Wietnamu zachwyca swoją pełnią i aksamitnym charakterem, tworząc idealną bazę dla owocowo-kwiatowych dodatków. Kwiat granatu wprowadza delikatną egzotyczną nutę, podczas gdy nagietek nadaje subtelnej lekkości i złocistego blasku naparowi. Owoc berberysu dodaje lekko kwaskowej nuty, przełamując kompozycję i nadając jej harmonijną równowagę. Intensywny aromat sprawia, że każdy łyk przenosi Cię do pełnego słońca orientalnego ogrodu, gdzie zmysły rozkwitają przy każdej filiżance. .;1;https://czasnaherbate.net/5943-home_default/kwiat-granatu.webphttps://czasnaherbate.net/5943-home_default/kwiat-granatu.webphttps://czasnaherbate.net/5943-small_medium/kwiat-granatu.webp
;1;WIOSENNY SPACER;HerbataKompozycjeHerbata Czarna z dodatkamiHerbaty limitowaneHerbaty na wiosnęHerbaty kwiatowe;17.95;1;0;Herbata czarna cejlońska z owocowo-kwiatowymi dodatkami;Edycja limitowana. Kompozycja na bazie herbaty czarnej Ceylon High Grown OP o wyjątkowo świeżym i owocowym zapachu i smaku. Dodatki w postaci niebieskiego bławatka, truskawki, ananasa i papai wspaniale komponują się z bazą czarnej herbaty.;1;https://czasnaherbate.net/5070-home_default/wiosenny-spacer.webphttps://czasnaherbate.net/5070-home_default/wiosenny-spacer.webphttps://czasnaherbate.net/5070-small_medium/wiosenny-spacer.webp
;1;ZIELONA O SMAKU POMARAŃCZY Z NAGIETKIEM;HerbataKompozycjeHerbata Zielona z dodatkamiHerbaty na wiosnęHerbaty do gastronomii;14.95;1;0;Herbata zielona Gunpowder z dodatkiem pomarańczy i nagietka.;Zielona herbata Gunpowder połączona z aromatyczną skórką pomarańczy oraz nagietkiem. Wyrazisty smak i świeżość zawdzięcza dodatkowi skórki pomarańczowej.;1;https://czasnaherbate.net/3541-home_default/czarna-o-smaku-cytrynowym.webphttps://czasnaherbate.net/3541-home_default/czarna-o-smaku-cytrynowym.webphttps://czasnaherbate.net/3541-small_medium/czarna-o-smaku-cytrynowym.webp
Product ID;Active (0/1);Name *;Categories (x,y,z...);Price tax excluded;Tax rules ID;On sale (0/1);Summary;Description;Show price (0 = No, 1 = Yes);Image URLs (x,y,z...)
Product ID;Active (0/1);Name *;Categories (x,y,z...);Price tax excluded;Tax rules ID;On sale (0/1);Summary;Description;Show price (0 = No, 1 = Yes);Image URLs (x,y,z...)
;1;IMIĘ RÓŻY;HerbataKompozycjeHerbata Czarna z dodatkamiHerbaty kwiatowe;24.95;1;0;Czarna herbata cejlońska z dodatkiem jabłka, maliny, płatków róży oraz...;Główni bohaterowie, czyli malina i płatki róży wraz ze swoim kompanem jabłkiem, porywają nas do świata pełnego kolorów (za sprawą bławatka i nagietka), w którym akcja toczy się wśród liści czarnej herbaty Ceylon. Limit dziennego spożycia 4 filiżanki.;1;https://czasnaherbate.net/139-home_default/imie-rozy.webphttps://czasnaherbate.net/139-home_default/imie-rozy.webphttps://czasnaherbate.net/139-small_medium/imie-rozy.webp
;1;NA DOBRY DZIEŃ;HerbataKompozycjeHerbata Zielona z dodatkamiHerbaty po angielskuProdukty na WielkanocHerbaty kwiatoweHerbaty wielkanocne;20.95;1;0;Herbata zielona Gunpowder z dodatkiem skórki cytryny, wiśni, kocanki i piwonii.;Herbata zielona Gunpowder z dodatkiem skórki cytryny, wiśni, kocanki i piwonii.;1;https://czasnaherbate.net/1598-home_default/na-dobry-dzien.webphttps://czasnaherbate.net/1598-home_default/na-dobry-dzien.webphttps://czasnaherbate.net/1598-small_medium/na-dobry-dzien.webp
Product ID;Active (0/1);Name *;Categories (x,y,z...);Price tax excluded;Tax rules ID;On sale (0/1);Summary;Description;Show price (0 = No, 1 = Yes);Image URLs (x,y,z...)
;1;CHINA GUNPOWDER SUPER;HerbataKlasycznaHerbata ZielonaHerbaty chińskieHerbaty do gastronomii;14.45;1;0;Herbata zaliczana do specjałów.;Mianem Gunpowder (czyli proch strzelniczy) jest nazywana herbata o listkach zwiniętych do postaci herbacianych kulek małej średnicy, twardych w dotyku, o szaro-zielonym odcieniu. China Gunpowder pochodzi z chińskiej prowincji Anhwei, gdzie jest produkowany podczas wyjątkowo krótkich zbiorów. W Chinach ten rodzaj herbaty nosi nazwę perłowej. Charakteryzuje się bardzo wyraźnym gorzkim smakiem i złocistą barwą naparu.;1;https://czasnaherbate.net/2131-home_default/china-gunpowder-super.webphttps://czasnaherbate.net/2131-home_default/china-gunpowder-super.webphttps://czasnaherbate.net/2131-small_medium/china-gunpowder-super.webp
;1;EARL GREY ROYAL;HerbataKompozycjeHerbata Czarna z dodatkamiHerbata Earl GreyHerbaty po angielskuHerbaty urodzinoweHerbaty do gastronomii;34.45;1;0;Czarna herbata Yun ming z dodatkiem oleju z bergamoty.;Skosztuj Earl Grey w iście królewskim wydaniu. Niech szlachetny smak herbaty Yun Ming wspólnie z aromatem oleju z bergamoty zawładnie Twoim podniebieniem.;1;https://czasnaherbate.net/153-home_default/earl-grey-royal.webphttps://czasnaherbate.net/153-home_default/earl-grey-royal.webphttps://czasnaherbate.net/4082-home_default/earl-grey-royal.webphttps://czasnaherbate.net/153-home_default/earl-grey-royal.webphttps://czasnaherbate.net/153-small_medium/earl-grey-royal.webphttps://czasnaherbate.net/153-home_default/earl-grey-royal.webphttps://czasnaherbate.net/4082-small_medium/earl-grey-royal.webp
;1;EARL GREY SERCE MATKI;HerbataKompozycjeHerbata Czarna z dodatkamiHerbata Earl GreyPromocja urodzinowaHerbaty do gastronomiiHerbata wietnamska;19.95;1;0;Czarna herbata z dodatkiem skórki cytrynowej kandyzowanej, maliny oraz...;Wyjątkowa propozycja, która z każdym kolejnym łykiem otula nas przyjemnym zapachem domowego ogniska. Skórka cytryny, wyraziste maliny oraz delikatne jabłko rozpływające się wokół listków wietnamskiej czarnej herbaty to idealna propozycja na długie jesienne wieczory. Jej lekko cytrusowa nuta w połączeniu z kostkami lodu, świeżą miętą i owocami sprawdzi się także jako kojący napój w letnie dni.;1;https://czasnaherbate.net/103-home_default/earl-grey-serce-matki.webphttps://czasnaherbate.net/103-home_default/earl-grey-serce-matki.webphttps://czasnaherbate.net/103-small_medium/earl-grey-serce-matki.webp
Product ID;Active (0/1);Name *;Categories (x,y,z...);Price tax excluded;Tax rules ID;On sale (0/1);Summary;Description;Show price (0 = No, 1 = Yes);Image URLs (x,y,z...)
Product ID;Active (0/1);Name *;Categories (x,y,z...);Price tax excluded;Tax rules ID;On sale (0/1);Summary;Description;Show price (0 = No, 1 = Yes);Image URLs (x,y,z...)
;1;DARJEELING FIRST FLUSH;HerbataKlasycznaHerbata CzarnaHerbaty w puszkach firmowychHerbaty Indyjskie DarjeelingHerbaty do kawiarni;24.45;1;0;Herbata indyjska Darjeeling z pierwszego zbioru.;Darjeeling jest niewielkim regionem w Indiach (pomiędzy Nepalem i Bhutanem) położonym na wysokości ponad 2200 m n.p.m. o umiarkowanym klimacie, sprzyjającym rozwojowi turystyki. Plantacje gatunku Darjeeling dostarczają ok. 4-5% całej produkcji herbaty w Indiach. Ze względy na wysoką jakość upraw praktycznie cały zbiór jest przeznaczony na eksport. Dobrej jakości towarzyszą wysokie ceny osiągane przez ten gatunek herbaty na światowych rynkach. Szczególną popularnością cieszy się herbata z pierwszego zbioru w sezonie (First Flush), której sprzedaż i dystrybucja jest starannie reglamentowana. Herbata indyjska z pierwszego zbioru (First Flush) daje napar o jasnym, złotawym odcieniu i wyśmienitym kwiatowym aromacie.;1;https://czasnaherbate.net/2115-home_default/darjeeling-first-flush.webphttps://czasnaherbate.net/2115-home_default/darjeeling-first-flush.webphttps://czasnaherbate.net/3037-home_default/darjeeling-first-flush.webphttps://czasnaherbate.net/2115-home_default/darjeeling-first-flush.webphttps://czasnaherbate.net/2115-small_medium/darjeeling-first-flush.webphttps://czasnaherbate.net/2115-home_default/darjeeling-first-flush.webphttps://czasnaherbate.net/3037-small_medium/darjeeling-first-flush.webp
;1;OGRODY EDENU;HerbataKompozycjeHerbata OwocowaHerbata z hibiskusemHerbaty do kawiarni;19.95;1;0;W skład kompozycji wchodzi papaja kandyzowana, mango, jabłko oraz...;Pełne smaku połączenie papai, mango, jabłka, pomarańczy, skórki owocu granatu oraz safloru. Słodycz owoców jest znakomicie zrównoważona przez lekką kwasowość hibiskusa.;1;https://czasnaherbate.net/422-home_default/ogrody-edenu.webphttps://czasnaherbate.net/422-home_default/ogrody-edenu.webphttps://czasnaherbate.net/422-small_medium/ogrody-edenu.webp
Product ID;Active (0/1);Name *;Categories (x,y,z...);Price tax excluded;Tax rules ID;On sale (0/1);Summary;Description;Show price (0 = No, 1 = Yes);Image URLs (x,y,z...)
Product ID;Active (0/1);Name *;Categories (x,y,z...);Price tax excluded;Tax rules ID;On sale (0/1);Summary;Description;Show price (0 = No, 1 = Yes);Image URLs (x,y,z...)
Product ID;Active (0/1);Name *;Categories (x,y,z...);Price tax excluded;Tax rules ID;On sale (0/1);Summary;Description;Show price (0 = No, 1 = Yes);Image URLs (x,y,z...)
;1;MALINA Z LIPĄ;HerbataKompozycjeHerbata Zielona z dodatkamiHerbaty rozgrzewająceHerbaty na jesień;23.45;1;0;Zielona herbata Sencha z dodatkiem maliny i lipy.;Aromatyczna kompozycja zielonej herbaty Sencha otulonej kwiatostanami lipy oraz malinami. Już po otwarciu torebki pomieszczenie wypełnia się cudownym zapachem świeżych malin, który harmonijnie łączy się z intensywnym zapachem kwiatu lipy. Herbata ta idealnie sprawdzi się w okresie obniżonej odporności, w czasie wzmożonej zachorowalności na przeziębienia i grypę. Od wieków lipa dawała wiele korzyści, a jej kwiatostan od zawsze był cenionym lekiem ludowym. Kwiat lipy szczególnie polecany jest przy przeziębieniach, grypie, kaszlu, anginie, zapaleniu gardła, krtani i oskrzeli, działa przede wszystkim napotnie. Wykazuje też właściwości przeciwskurczowe, żółciopędne oraz przeciwbólowe.;1;https://czasnaherbate.net/326-home_default/malina-z-lipa.webphttps://czasnaherbate.net/326-home_default/malina-z-lipa.webphttps://czasnaherbate.net/326-small_medium/malina-z-lipa.webp
;1;MALINOWA RAPSODIA;HerbataKompozycjeHerbata OwocowaHerbata z hibiskusemHerbaty na jesieńHerbaty z Egiptu;22.45;1;0;Kompozycja zawiera owoc aroni, jabłka, jarzębiny, maliny, skórkę róży oraz...;Propozycja suszu owocowego, smakowite polskie owoce z sadów i lasów: aronia, jabłka, jarzębiny, maliny oraz skórka owocu róży, wzbogacone zostały o dodatkową dawkę witaminy C pochodzącą z hibiskusa oraz odrobinę słodyczy z rodzynek. Idealnie gasi pragnienie, a także postawi na nogi każdego podczas nie jednego przeziębienia.;1;https://czasnaherbate.net/428-home_default/malinowa-rapsodia.webphttps://czasnaherbate.net/428-home_default/malinowa-rapsodia.webphttps://czasnaherbate.net/428-small_medium/malinowa-rapsodia.webp
Product ID;Active (0/1);Name *;Categories (x,y,z...);Price tax excluded;Tax rules ID;On sale (0/1);Summary;Description;Show price (0 = No, 1 = Yes);Image URLs (x,y,z...)
Product ID;Active (0/1);Name *;Categories (x,y,z...);Price tax excluded;Tax rules ID;On sale (0/1);Summary;Description;Show price (0 = No, 1 = Yes);Image URLs (x,y,z...)
;1;MALINOWA CHMURKA;HerbataKompozycjeHerbata Czarna z dodatkamiHerbaty wielkanocne;22.45;1;0;Herbata czarna wietnamska z dodatkiem malin, jabłek oraz poziomek.;Odkryj prawdziwą esencję ciepłych dni, zamkniętą w każdej filiżance naszej wyjątkowej nowości, herbaty z dodatkami: Malinowa Chmurka. To wyjątkowa kompozycja, która zachwyci Cię intensywnym smakiem soczystych malin i zapachem ciasta, przenosząc w świat słonecznych, letnich dni i beztroskich chwil. To nie tylko napój – to prawdziwa, malinowa podróż, która przeniesie Cię do wspomnień z letnich dni. Każda filiżanka to chwila prawdziwej przyjemności i błogiego relaksu. Dodatki w postaci jabłka i poziomki podkreślają owocowy charakter herbaty.;1;https://czasnaherbate.net/5396-home_default/madagaskar.webphttps://czasnaherbate.net/5396-home_default/madagaskar.webphttps://czasnaherbate.net/5396-small_medium/madagaskar.webp
Product ID;Active (0/1);Name *;Categories (x,y,z...);Price tax excluded;Tax rules ID;On sale (0/1);Summary;Description;Show price (0 = No, 1 = Yes);Image URLs (x,y,z...)
;1;BAJECZNE ŚWIĘTA KARTONIK;Herbaty świąteczne w kartonikach;29.9;1;0;Herbata czarna Bajeczne Święta w kartoniku okazjonalnym (70g).;Pełna smaku kompozycja czarnej herbaty, która przypomni jak niezwykły i bajeczny może być czas świąt. Owocowa moc dzikiej róży, jabłka, wiśni, żurawiny i truskawki przeniesie do magicznej krainy. W tym bajecznym świecie pełnym kwitnących hibiskusów i róż padają płatki słodkiego, cukrowego śniegu.;1;https://czasnaherbate.net/4421-home_default/bajeczne-swieta-kartonik.webphttps://czasnaherbate.net/4421-home_default/bajeczne-swieta-kartonik.webphttps://czasnaherbate.net/4308-home_default/bajeczne-swieta-kartonik.webphttps://czasnaherbate.net/4421-home_default/bajeczne-swieta-kartonik.webphttps://czasnaherbate.net/4421-small_medium/bajeczne-swieta-kartonik.webphttps://czasnaherbate.net/4421-home_default/bajeczne-swieta-kartonik.webphttps://czasnaherbate.net/4308-small_medium/bajeczne-swieta-kartonik.webphttps://czasnaherbate.net/4421-home_default/bajeczne-swieta-kartonik.webphttps://czasnaherbate.net/4421-small_medium/bajeczne-swieta-kartonik.webphttps://czasnaherbate.net/4421-home_default/bajeczne-swieta-kartonik.webphttps://czasnaherbate.net/4308-small_medium/bajeczne-swieta-kartonik.webp
;1;BLASK ŚWIĄT KARTONIK;Herbaty świąteczne w kartonikach;29.9;1;0;Rooibos z dodatkiem jabłek, hibiskusa, cykorii oraz goździków.;Smak: Delikatny, naturalnie słodki i gładki dzięki rooibosowi, przełamany lekką kwaskowatością hibiskusa i jabłka. Cykoria wnosi nutę głębi, a goździk dodaje charakteru i świątecznego ciepła. Całość jest zbalansowana – rozgrzewająca, ale łagodna, bez goryczy.;1;https://czasnaherbate.net/6411-home_default/blask-swiat-kartonik.webphttps://czasnaherbate.net/6411-home_default/blask-swiat-kartonik.webphttps://czasnaherbate.net/6412-home_default/blask-swiat-kartonik.webphttps://czasnaherbate.net/6411-home_default/blask-swiat-kartonik.webphttps://czasnaherbate.net/6410-home_default/blask-swiat-kartonik.jpghttps://czasnaherbate.net/6411-home_default/blask-swiat-kartonik.webphttps://czasnaherbate.net/6411-small_medium/blask-swiat-kartonik.webphttps://czasnaherbate.net/6411-home_default/blask-swiat-kartonik.webphttps://czasnaherbate.net/6412-small_medium/blask-swiat-kartonik.webphttps://czasnaherbate.net/6411-home_default/blask-swiat-kartonik.webphttps://czasnaherbate.net/6410-small_medium/blask-swiat-kartonik.jpghttps://czasnaherbate.net/6411-home_default/blask-swiat-kartonik.webphttps://czasnaherbate.net/6411-small_medium/blask-swiat-kartonik.webphttps://czasnaherbate.net/6411-home_default/blask-swiat-kartonik.webphttps://czasnaherbate.net/6412-small_medium/blask-swiat-kartonik.webphttps://czasnaherbate.net/6411-home_default/blask-swiat-kartonik.webphttps://czasnaherbate.net/6410-small_medium/blask-swiat-kartonik.jpg
;1;CHWILA PRZY KOMINKU KARTONIK;Herbaty świąteczne w kartonikach;29.9;1;0;Herbata w kartoniku okazjonalnym (70g).;Wspaniałe, korzenne połączenie czarnej wietnamskiej herbaty z zielonymi listkami herbaty Sencha. Oryginalności dodają kawałki cynamonu, skórka pomarańczowa, płatki róży oraz słodkie rodzynki. Złocisty cynamonowo-pomarańczowy napar umili długie jesienne i zimowe wieczory, rozgrzewając oraz wprowadzając nas w wyjątkowy nastrój.;1;https://czasnaherbate.net/1969-home_default/chwila-przy-kominku-kartonik.webphttps://czasnaherbate.net/1969-home_default/chwila-przy-kominku-kartonik.webphttps://czasnaherbate.net/2008-home_default/chwila-przy-kominku-kartonik.webphttps://czasnaherbate.net/1969-home_default/chwila-przy-kominku-kartonik.webphttps://czasnaherbate.net/1969-small_medium/chwila-przy-kominku-kartonik.webphttps://czasnaherbate.net/1969-home_default/chwila-przy-kominku-kartonik.webphttps://czasnaherbate.net/2008-small_medium/chwila-przy-kominku-kartonik.webphttps://czasnaherbate.net/1969-home_default/chwila-przy-kominku-kartonik.webphttps://czasnaherbate.net/1969-small_medium/chwila-przy-kominku-kartonik.webphttps://czasnaherbate.net/1969-home_default/chwila-przy-kominku-kartonik.webphttps://czasnaherbate.net/2008-small_medium/chwila-przy-kominku-kartonik.webp
;1;EARL GREY SPICY KARTONIK;Herbaty świąteczne w kartonikach;29.9;1;0;Herbata czarna w kartoniku okazjonalnym (70g).;Pozwól rozgrzać się odważnemu smakowi czarnej herbaty Ceylon z dodatkiem imbiru, czerwonego pieprzu i kardamonu oraz oleju z bergamoty.;1;https://czasnaherbate.net/1971-home_default/earl-grey-spicy-kartonik.webphttps://czasnaherbate.net/1971-home_default/earl-grey-spicy-kartonik.webphttps://czasnaherbate.net/2007-home_default/earl-grey-spicy-kartonik.webphttps://czasnaherbate.net/1971-home_default/earl-grey-spicy-kartonik.webphttps://czasnaherbate.net/1971-small_medium/earl-grey-spicy-kartonik.webphttps://czasnaherbate.net/1971-home_default/earl-grey-spicy-kartonik.webphttps://czasnaherbate.net/2007-small_medium/earl-grey-spicy-kartonik.webphttps://czasnaherbate.net/1971-home_default/earl-grey-spicy-kartonik.webphttps://czasnaherbate.net/1971-small_medium/earl-grey-spicy-kartonik.webphttps://czasnaherbate.net/1971-home_default/earl-grey-spicy-kartonik.webphttps://czasnaherbate.net/2007-small_medium/earl-grey-spicy-kartonik.webp
Product ID;Active (0/1);Name *;Categories (x,y,z...);Price tax excluded;Tax rules ID;On sale (0/1);Summary;Description;Show price (0 = No, 1 = Yes);Image URLs (x,y,z...)
;1;BAJECZNE ŚWIĘTA TOREBKA BIAŁA;Herbaty świąteczne w torebkach;43.9;1;0;Czarna herbata OP z dodatkiem truskawki, wiśni, płatków śniegu oraz...;Pełna smaku kompozycja czarnej herbaty, która przypomni jak niezwykły i bajeczny może być czas świąt. Owocowa moc dzikiej róży, jabłka, wiśni, żurawiny i truskawki przeniesie do magicznej krainy. W tym bajecznym świecie pełnym kwitnących hibiskusów i róż padają płatki słodkiego, cukrowego śniegu.;1;https://czasnaherbate.net/6387-home_default/bajeczne-swieta.webphttps://czasnaherbate.net/6387-home_default/bajeczne-swieta.webphttps://czasnaherbate.net/6388-home_default/bajeczne-swieta.webphttps://czasnaherbate.net/6387-home_default/bajeczne-swieta.webphttps://czasnaherbate.net/3309-home_default/bajeczne-swieta.webphttps://czasnaherbate.net/6387-home_default/bajeczne-swieta.webphttps://czasnaherbate.net/6387-small_medium/bajeczne-swieta.webphttps://czasnaherbate.net/6387-home_default/bajeczne-swieta.webphttps://czasnaherbate.net/6388-small_medium/bajeczne-swieta.webphttps://czasnaherbate.net/6387-home_default/bajeczne-swieta.webphttps://czasnaherbate.net/3309-small_medium/bajeczne-swieta.webphttps://czasnaherbate.net/6387-home_default/bajeczne-swieta.webphttps://czasnaherbate.net/6387-small_medium/bajeczne-swieta.webphttps://czasnaherbate.net/6387-home_default/bajeczne-swieta.webphttps://czasnaherbate.net/6388-small_medium/bajeczne-swieta.webphttps://czasnaherbate.net/6387-home_default/bajeczne-swieta.webphttps://czasnaherbate.net/3309-small_medium/bajeczne-swieta.webp
;1;GRZANIEC TOREBKA BIAŁA;Herbaty świąteczne w torebkach;43.9;1;0;Kompozycja zawiera cynamon, goździki, czarny bez, tarnina, czarna jagoda oraz...;Wyjątkowo aromatyczna i bogata w smaku kompozycja cynamonu, goździków, owocu czarnego bzu, tarniny, jagody, aronii, owocu głogu, jarzębiny, jabłka, skórki owocu róży oraz hibiskusa, która sprawia, że czas zatrzymuje się w miejscu. Nie istnieje nic poza cudownie otulającym bukietem smaków. Propozycja idealna na chłodne jesienne i zimowe dni, a także jako dodatek do grzanego wina.;1;https://czasnaherbate.net/6393-home_default/grzaniec-galicyjski.webphttps://czasnaherbate.net/6393-home_default/grzaniec-galicyjski.webphttps://czasnaherbate.net/6394-home_default/grzaniec-galicyjski.webphttps://czasnaherbate.net/6393-home_default/grzaniec-galicyjski.webphttps://czasnaherbate.net/3296-home_default/grzaniec-galicyjski.webphttps://czasnaherbate.net/6393-home_default/grzaniec-galicyjski.webphttps://czasnaherbate.net/6393-small_medium/grzaniec-galicyjski.webphttps://czasnaherbate.net/6393-home_default/grzaniec-galicyjski.webphttps://czasnaherbate.net/6394-small_medium/grzaniec-galicyjski.webphttps://czasnaherbate.net/6393-home_default/grzaniec-galicyjski.webphttps://czasnaherbate.net/3296-small_medium/grzaniec-galicyjski.webphttps://czasnaherbate.net/6393-home_default/grzaniec-galicyjski.webphttps://czasnaherbate.net/6393-small_medium/grzaniec-galicyjski.webphttps://czasnaherbate.net/6393-home_default/grzaniec-galicyjski.webphttps://czasnaherbate.net/6394-small_medium/grzaniec-galicyjski.webphttps://czasnaherbate.net/6393-home_default/grzaniec-galicyjski.webphttps://czasnaherbate.net/3296-small_medium/grzaniec-galicyjski.webp
;1;MAGIA ŚWIĄT TOREBKA CZERWONA;Herbaty świąteczne w torebkach;43.9;1;0;Czarna herbata OP z grejpfruta, mango, anyżu, goździka i pieprzu czerwonego.;"Każdy z nas tęskni przez cały rok za magicznym czasem świąt. Na myśl przychodzą bliscy, przyjaciele, radosne spotkania… Aby zatrzymać ten wyjątkowy, nadchodzący czas na dłużej, przygotowaliśmy dla Państwa wyjątkową, czarną herbatę łączącą ze sobą aromatycznego grejpfruta, egzotyczne mango, okraszoną gwiazdkami anyżu, goździkami oraz czerwonym pieprzem

Składniki: herbata czarna OP, grejpfrut, mango, anyż, goździk, pieprz czerwony, aromat

Wartość odżywcza w 100g: wartość energetyczna 326,0 kJ / 77,0 kcal, tłuszcze 0,0 g, węglowodany 16,0g (w tym cukry 12,0g), błonnik 2,6g, białko 0,8g, sól 0,0g, sód 0,0g.

Kraj pochodzenia: Wietnam";1;https://czasnaherbate.net/6385-home_default/magia-swiat.webphttps://czasnaherbate.net/6385-home_default/magia-swiat.webphttps://czasnaherbate.net/6386-home_default/magia-swiat.webphttps://czasnaherbate.net/6385-home_default/magia-swiat.webphttps://czasnaherbate.net/3307-home_default/magia-swiat.webphttps://czasnaherbate.net/6385-home_default/magia-swiat.webphttps://czasnaherbate.net/6385-small_medium/magia-swiat.webphttps://czasnaherbate.net/6385-home_default/magia-swiat.webphttps://czasnaherbate.net/6386-small_medium/magia-swiat.webphttps://czasnaherbate.net/6385-home_default/magia-swiat.webphttps://czasnaherbate.net/3307-small_medium/magia-swiat.webphttps://czasnaherbate.net/6385-home_default/magia-swiat.webphttps://czasnaherbate.net/6385-small_medium/magia-swiat.webphttps://czasnaherbate.net/6385-home_default/magia-swiat.webphttps://czasnaherbate.net/6386-small_medium/magia-swiat.webphttps://czasnaherbate.net/6385-home_default/magia-swiat.webphttps://czasnaherbate.net/3307-small_medium/magia-swiat.webp
;1;NOWOROCZNA TOREBKA ZŁOTA;Herbaty świąteczne w torebkach;43.9;1;0;Czarna herbata Ceylon z dodatkiem brzoskwini, igieł świerku, safloru i bławatka białego;Czarna herbata Ceylon z dodatkiem brzoskwini, igieł świerku, safloru i bławatka białego. W smaku odnajdziemy słodycz brzoskwini przełamaną cytrusową nutą oraz słodkawo-korzenny, delikatnie pikantny aromat cynamonu, który podkreśla zimowy charakter herbaty. Napar urzeka bursztynową barwą i bogatym bukietem świąteczno – zimowych aromatów.;1;https://czasnaherbate.net/6400-home_default/noworoczna-torebka-zlota.webphttps://czasnaherbate.net/6400-home_default/noworoczna-torebka-zlota.webphttps://czasnaherbate.net/6401-home_default/noworoczna-torebka-zlota.webphttps://czasnaherbate.net/6400-home_default/noworoczna-torebka-zlota.webphttps://czasnaherbate.net/6396-home_default/noworoczna-torebka-zlota.jpghttps://czasnaherbate.net/6400-home_default/noworoczna-torebka-zlota.webphttps://czasnaherbate.net/6400-small_medium/noworoczna-torebka-zlota.webphttps://czasnaherbate.net/6400-home_default/noworoczna-torebka-zlota.webphttps://czasnaherbate.net/6401-small_medium/noworoczna-torebka-zlota.webphttps://czasnaherbate.net/6400-home_default/noworoczna-torebka-zlota.webphttps://czasnaherbate.net/6396-small_medium/noworoczna-torebka-zlota.jpghttps://czasnaherbate.net/6400-home_default/noworoczna-torebka-zlota.webphttps://czasnaherbate.net/6400-small_medium/noworoczna-torebka-zlota.webphttps://czasnaherbate.net/6400-home_default/noworoczna-torebka-zlota.webphttps://czasnaherbate.net/6401-small_medium/noworoczna-torebka-zlota.webphttps://czasnaherbate.net/6400-home_default/noworoczna-torebka-zlota.webphttps://czasnaherbate.net/6396-small_medium/noworoczna-torebka-zlota.jpg
Product ID;Active (0/1);Name *;Categories (x,y,z...);Price tax excluded;Tax rules ID;On sale (0/1);Summary;Description;Show price (0 = No, 1 = Yes);Image URLs (x,y,z...)
;1;DLA MĘŻCZYZNY CHWILA PRZY KOMINKU;Herbaty w kartonikach okazjonalnychPrezenty dla tatyPrezenty dla mężczyznyHerbaty pakowanePrezenty dla Babci i Dziadka;27.9;1;0;Herbata czarna OP oraz Sencha 70g;Wspaniałe, korzenne połączenie czarnej wietnamskiej herbaty z zielonymi listkami herbaty Sencha. Oryginalności dodają kawałki cynamonu, skórka pomarańczowa, płatki róży oraz słodkie rodzynki. Złocisty cynamonowo-pomarańczowy napar umili długie jesienne i zimowe wieczory, rozgrzewając oraz wprowadzając nas w wyjątkowy nastrój.;1;https://czasnaherbate.net/1425-home_default/chwila-dla-mezczyzny.webphttps://czasnaherbate.net/1425-home_default/chwila-dla-mezczyzny.webphttps://czasnaherbate.net/1894-home_default/chwila-dla-mezczyzny.webphttps://czasnaherbate.net/1425-home_default/chwila-dla-mezczyzny.webphttps://czasnaherbate.net/1425-small_medium/chwila-dla-mezczyzny.webphttps://czasnaherbate.net/1425-home_default/chwila-dla-mezczyzny.webphttps://czasnaherbate.net/1894-small_medium/chwila-dla-mezczyzny.webphttps://czasnaherbate.net/1425-home_default/chwila-dla-mezczyzny.webphttps://czasnaherbate.net/1425-small_medium/chwila-dla-mezczyzny.webphttps://czasnaherbate.net/1425-home_default/chwila-dla-mezczyzny.webphttps://czasnaherbate.net/1894-small_medium/chwila-dla-mezczyzny.webp
;1;DLA MĘŻCZYZNY ENGLISH BREAKFAST;Herbaty w kartonikach okazjonalnychPrezenty dla tatyPrezenty dla mężczyzny;32.9;1;0;Czarna herbata 70g;Popularna kompozycja dwóch czarnych herbat gatunków Assam i Cejlon. Dedykowana jest do spożycia w godzinach porannych. Charakteryzuje się mocnym i wyrazistym smakiem i brązowo-bursztynową barwą. Herbata English Breakfast według wielu źródeł została wymyślona przez XIX–wiecznego brytyjskiego kupca z przeznaczeniem do spożycia przy śniadaniu. Duża moc naparu miała wpłynąć pobudzającą na pijącą ją osobę. Obecnie praktycznie każdy szanujący się producent herbaty posiada w ofercie autorską wersję kompozycji i nazywa ją oczywiście… English Breakfast, chociaż częstokroć znacznie różnią się między sobą zawartością. W naszym przypadku jest to kompozycja gatunkowych czarnych herbat pochodzących z Indii i Cejlonu.;1;https://czasnaherbate.net/5881-home_default/dla-mezczyzny-english-breakfast-.webphttps://czasnaherbate.net/5881-home_default/dla-mezczyzny-english-breakfast-.webphttps://czasnaherbate.net/5882-home_default/dla-mezczyzny-english-breakfast-.webphttps://czasnaherbate.net/5881-home_default/dla-mezczyzny-english-breakfast-.webphttps://czasnaherbate.net/5883-home_default/dla-mezczyzny-english-breakfast-.webphttps://czasnaherbate.net/5881-home_default/dla-mezczyzny-english-breakfast-.webphttps://czasnaherbate.net/5881-small_medium/dla-mezczyzny-english-breakfast-.webphttps://czasnaherbate.net/5881-home_default/dla-mezczyzny-english-breakfast-.webphttps://czasnaherbate.net/5882-small_medium/dla-mezczyzny-english-breakfast-.webphttps://czasnaherbate.net/5881-home_default/dla-mezczyzny-english-breakfast-.webphttps://czasnaherbate.net/5883-small_medium/dla-mezczyzny-english-breakfast-.webphttps://czasnaherbate.net/5881-home_default/dla-mezczyzny-english-breakfast-.webphttps://czasnaherbate.net/5881-small_medium/dla-mezczyzny-english-breakfast-.webphttps://czasnaherbate.net/5881-home_default/dla-mezczyzny-english-breakfast-.webphttps://czasnaherbate.net/5882-small_medium/dla-mezczyzny-english-breakfast-.webphttps://czasnaherbate.net/5881-home_default/dla-mezczyzny-english-breakfast-.webphttps://czasnaherbate.net/5883-small_medium/dla-mezczyzny-english-breakfast-.webp
;1;DLA MĘŻCZYZNY WIŚNIE Z RUMEM;Herbaty w kartonikach okazjonalnychPrezenty dla tatyPrezenty dla mężczyznyHerbaty pakowanePrezenty dla zakochanychPrezenty dla Babci i Dziadka;25.9;1;0;Czarna kompozycja Wiśnie w rumie 70g;Herbata która po otwarciu roztacza wokół cudownie słodki zapach wiśni, skąpanych w finezyjnym aromacie rumu. Łagodny smak czarnej wietnamskiej herbaty, który miesza się z wyrazistym wiśniowym dodatkiem to propozycja na każdy dzień. Idealna podczas długiego dnia w pracy czy na spotkaniu z przyjaciółmi.;1;https://czasnaherbate.net/1429-home_default/z-rumem-dla-mezczyzny.webphttps://czasnaherbate.net/1429-home_default/z-rumem-dla-mezczyzny.webphttps://czasnaherbate.net/1429-small_medium/z-rumem-dla-mezczyzny.webphttps://czasnaherbate.net/1429-home_default/z-rumem-dla-mezczyzny.webphttps://czasnaherbate.net/1429-small_medium/z-rumem-dla-mezczyzny.webp
Product ID;Active (0/1);Name *;Categories (x,y,z...);Price tax excluded;Tax rules ID;On sale (0/1);Summary;Description;Show price (0 = No, 1 = Yes);Image URLs (x,y,z...)
;1;ALOE VERA TOREBKA NATURALNA;Prezenty dla kobietyHerbaty pakowaneHerbaty w torebkach okazjonalnych;36.9;1;0;Zielona kompozycja 100g;"Kompozycja zielonej herbaty Gunpowder, w której skrywa się zdrowotne bogactwo pokrzywy oraz aloesu, okraszone wonnymi płatkami róży.
Aloes jest niesamowitą roślina leczniczą pełną drogocennych wartości odżywczych. Zawiera wiele witamin, w tym A, C, E, kwas foliowy (B9), B1, B2, B3 (niacyna), B6. Aloes jest również jedyną z niewielu roślin zawierających witaminę B12. Zawiera także wiele niezbędnych mikroelementów: wapń, magnez, cynk, chrom, selen, sód, potas, żelazo, miedź oraz mangan. Pomaga także w oczyszczaniu organizmu oraz w trawieniu pokarmu.";1;https://czasnaherbate.net/4040-home_default/aloe-vera-torebka-naturalna.webphttps://czasnaherbate.net/4040-home_default/aloe-vera-torebka-naturalna.webphttps://czasnaherbate.net/3697-home_default/aloe-vera-torebka-naturalna.webphttps://czasnaherbate.net/4040-home_default/aloe-vera-torebka-naturalna.webphttps://czasnaherbate.net/4040-small_medium/aloe-vera-torebka-naturalna.webphttps://czasnaherbate.net/4040-home_default/aloe-vera-torebka-naturalna.webphttps://czasnaherbate.net/3697-small_medium/aloe-vera-torebka-naturalna.webphttps://czasnaherbate.net/4040-home_default/aloe-vera-torebka-naturalna.webphttps://czasnaherbate.net/4040-small_medium/aloe-vera-torebka-naturalna.webphttps://czasnaherbate.net/4040-home_default/aloe-vera-torebka-naturalna.webphttps://czasnaherbate.net/3697-small_medium/aloe-vera-torebka-naturalna.webp
;1;BORA BORA TOREBKA ZIELONA;Herbaty pakowaneHerbaty w torebkach okazjonalnych;34.9;1;0;Owocowa kompozycja 100g;Wspaniale fantazyjne połączenie owoców: jabłka, papai, owocu czarnego bzu, maliny oraz truskawki w towarzystwie hibiskusa, delikatnych płatków słonecznika i aromatycznego bławatka. Z każdym kolejnym łykiem przenosi nas w cudowny klimat egzotyki. Wyśmienita do podawania jako słodki dodatek podczas spotkań z rodziną czy przyjaciółmi.;1;https://czasnaherbate.net/4043-home_default/bora-bora-torebka-zielona.webphttps://czasnaherbate.net/4043-home_default/bora-bora-torebka-zielona.webphttps://czasnaherbate.net/3707-home_default/bora-bora-torebka-zielona.webphttps://czasnaherbate.net/4043-home_default/bora-bora-torebka-zielona.webphttps://czasnaherbate.net/4043-small_medium/bora-bora-torebka-zielona.webphttps://czasnaherbate.net/4043-home_default/bora-bora-torebka-zielona.webphttps://czasnaherbate.net/3707-small_medium/bora-bora-torebka-zielona.webphttps://czasnaherbate.net/4043-home_default/bora-bora-torebka-zielona.webphttps://czasnaherbate.net/4043-small_medium/bora-bora-torebka-zielona.webphttps://czasnaherbate.net/4043-home_default/bora-bora-torebka-zielona.webphttps://czasnaherbate.net/3707-small_medium/bora-bora-torebka-zielona.webp
;1;DOTYK ANIOŁA TOREBKA BIAŁA;Prezenty dla mamyPrezenty dla kobietyHerbaty pakowaneHerbaty w torebkach okazjonalnych;38.9;1;0;Zielona kompozycja 100g;Słodka gruszka, aromatyczna skórka pomarańczy i soczysta brzoskwinia otulone zieloną herbatą Gunpowder Super i przystrojone płatkami różowego bławatka.;1;https://czasnaherbate.net/4802-home_default/dotyk-aniola-torebka-biala.webphttps://czasnaherbate.net/4802-home_default/dotyk-aniola-torebka-biala.webphttps://czasnaherbate.net/4801-home_default/dotyk-aniola-torebka-biala.webphttps://czasnaherbate.net/4802-home_default/dotyk-aniola-torebka-biala.webphttps://czasnaherbate.net/4802-small_medium/dotyk-aniola-torebka-biala.webphttps://czasnaherbate.net/4802-home_default/dotyk-aniola-torebka-biala.webphttps://czasnaherbate.net/4801-small_medium/dotyk-aniola-torebka-biala.webphttps://czasnaherbate.net/4802-home_default/dotyk-aniola-torebka-biala.webphttps://czasnaherbate.net/4802-small_medium/dotyk-aniola-torebka-biala.webphttps://czasnaherbate.net/4802-home_default/dotyk-aniola-torebka-biala.webphttps://czasnaherbate.net/4801-small_medium/dotyk-aniola-torebka-biala.webp
;1;EARL GREY MADAM GREY TOREBKA BIAŁA;Herbaty pakowaneHerbaty w torebkach okazjonalnych;34.9;1;0;Czarna kompozycja 100g;Interesujące zestawienie klasycznej herbaty Earl Grey z kawałkami ożywczej pomarańczy. Kompozycję stworzono na bazie dwóch czarnych herbat: wietnamskiej oraz cejlońskiej. Dzięki cząsteczkom cytrusa herbata posiada niesamowicie egzotyczną i orzeźwiającą nutę, jednocześnie nie tracąc swojego wykwintnego charakteru. To doskonała propozycja uzupełniająca każde spotkanie towarzyskie. Herbata Earl Grey swój niepowtarzalny smak i aromat zawdzięcza olejkowi z bergamotki. Nazwę bergamotka wprowadzili Turcy określając tym mianem uprawiany w strefie śródziemnomorskiej owoc Książęcej Gruszki zbliżony kształtem do owoców cytrusowych, posiadający grubą, mięsistą skórkę. Właśnie z tej skóry tłoczony jest aromatyczny olejek dodawany między innymi do herbat typu Earl Grey.;1;https://czasnaherbate.net/4048-home_default/earl-grey-madam-grey-torebka-biala.webphttps://czasnaherbate.net/4048-home_default/earl-grey-madam-grey-torebka-biala.webphttps://czasnaherbate.net/4045-home_default/earl-grey-madam-grey-torebka-biala.webphttps://czasnaherbate.net/4048-home_default/earl-grey-madam-grey-torebka-biala.webphttps://czasnaherbate.net/4048-small_medium/earl-grey-madam-grey-torebka-biala.webphttps://czasnaherbate.net/4048-home_default/earl-grey-madam-grey-torebka-biala.webphttps://czasnaherbate.net/4045-small_medium/earl-grey-madam-grey-torebka-biala.webphttps://czasnaherbate.net/4048-home_default/earl-grey-madam-grey-torebka-biala.webphttps://czasnaherbate.net/4048-small_medium/earl-grey-madam-grey-torebka-biala.webphttps://czasnaherbate.net/4048-home_default/earl-grey-madam-grey-torebka-biala.webphttps://czasnaherbate.net/4045-small_medium/earl-grey-madam-grey-torebka-biala.webp
Product ID;Active (0/1);Name *;Categories (x,y,z...);Price tax excluded;Tax rules ID;On sale (0/1);Summary;Description;Show price (0 = No, 1 = Yes);Image URLs (x,y,z...)
;1;ASSAM DEKORAI PUSZKA CZARNA;Prezenty dla tatyPrezenty dla mężczyznyHerbaty pakowaneHerbaty w puszkach;24.9;1;0;Herbata czarna Assam Dekorai 50g w puszce.;Prowincja Assam to region na północnym wschodzie Indii, gdzie uprawia się odmianę herbaty o nazwie Camellia assamica. Ze względu na wysoką jakość liście tej odmiany są często stosowane do uszlachetniania mieszanek herbat niższego gatunku. Herbaty z regionu Assam są zaliczane do pięciu najlepszych herbat na świecie. Standard TGFOP (Tippy Golden Flowery Orange Pekoe) oznacza główną klasę herbat pochodzących z regionów Assam oraz Darjeeling, zawierających duże ilości tzw. złotych tipsów, czyli dwóch pierwszych listków z krzewu wraz z pączkami. Napar posiada barwę brązowo-bursztynową i mocny, cierpkawy, ale równocześnie słodki smak. Filiżanka herbaty Assam dodaje energii i doskonale orzeźwia.;1;https://czasnaherbate.net/5424-home_default/assam-dekorai-puszka-czarna.webphttps://czasnaherbate.net/5424-home_default/assam-dekorai-puszka-czarna.webphttps://czasnaherbate.net/5422-home_default/assam-dekorai-puszka-czarna.webphttps://czasnaherbate.net/5424-home_default/assam-dekorai-puszka-czarna.webphttps://czasnaherbate.net/5423-home_default/assam-dekorai-puszka-czarna.webphttps://czasnaherbate.net/5424-home_default/assam-dekorai-puszka-czarna.webphttps://czasnaherbate.net/5425-home_default/assam-dekorai-puszka-czarna.webphttps://czasnaherbate.net/5424-home_default/assam-dekorai-puszka-czarna.webphttps://czasnaherbate.net/5424-small_medium/assam-dekorai-puszka-czarna.webphttps://czasnaherbate.net/5424-home_default/assam-dekorai-puszka-czarna.webphttps://czasnaherbate.net/5422-small_medium/assam-dekorai-puszka-czarna.webphttps://czasnaherbate.net/5424-home_default/assam-dekorai-puszka-czarna.webphttps://czasnaherbate.net/5423-small_medium/assam-dekorai-puszka-czarna.webphttps://czasnaherbate.net/5424-home_default/assam-dekorai-puszka-czarna.webphttps://czasnaherbate.net/5425-small_medium/assam-dekorai-puszka-czarna.webphttps://czasnaherbate.net/5424-home_default/assam-dekorai-puszka-czarna.webphttps://czasnaherbate.net/5424-small_medium/assam-dekorai-puszka-czarna.webphttps://czasnaherbate.net/5424-home_default/assam-dekorai-puszka-czarna.webphttps://czasnaherbate.net/5422-small_medium/assam-dekorai-puszka-czarna.webphttps://czasnaherbate.net/5424-home_default/assam-dekorai-puszka-czarna.webphttps://czasnaherbate.net/5423-small_medium/assam-dekorai-puszka-czarna.webphttps://czasnaherbate.net/5424-home_default/assam-dekorai-puszka-czarna.webphttps://czasnaherbate.net/5425-small_medium/assam-dekorai-puszka-czarna.webp
;1;CASABLANCA PUSZKA BIAŁA;Prezenty dla mamyHerbaty pakowanePrezenty dla nauczycielaHerbaty w puszkach;26.9;1;0;Herbata czarna 50g w puszce;Czarna herbata Ceylon High Grown z dodatkiem melisy oraz kawałków jabłek, truskawek i ananasa w połączeniu z naturalnymi aromatami truskawki i ananasa.;1;https://czasnaherbate.net/5775-home_default/casablanca-puszka-biala.webphttps://czasnaherbate.net/5775-home_default/casablanca-puszka-biala.webphttps://czasnaherbate.net/5338-home_default/casablanca-puszka-biala.webphttps://czasnaherbate.net/5775-home_default/casablanca-puszka-biala.webphttps://czasnaherbate.net/5339-home_default/casablanca-puszka-biala.webphttps://czasnaherbate.net/5775-home_default/casablanca-puszka-biala.webphttps://czasnaherbate.net/5322-home_default/casablanca-puszka-biala.jpghttps://czasnaherbate.net/5775-home_default/casablanca-puszka-biala.webphttps://czasnaherbate.net/5775-small_medium/casablanca-puszka-biala.webphttps://czasnaherbate.net/5775-home_default/casablanca-puszka-biala.webphttps://czasnaherbate.net/5338-small_medium/casablanca-puszka-biala.webphttps://czasnaherbate.net/5775-home_default/casablanca-puszka-biala.webphttps://czasnaherbate.net/5339-small_medium/casablanca-puszka-biala.webphttps://czasnaherbate.net/5775-home_default/casablanca-puszka-biala.webphttps://czasnaherbate.net/5322-small_medium/casablanca-puszka-biala.jpghttps://czasnaherbate.net/5775-home_default/casablanca-puszka-biala.webphttps://czasnaherbate.net/5775-small_medium/casablanca-puszka-biala.webphttps://czasnaherbate.net/5775-home_default/casablanca-puszka-biala.webphttps://czasnaherbate.net/5338-small_medium/casablanca-puszka-biala.webphttps://czasnaherbate.net/5775-home_default/casablanca-puszka-biala.webphttps://czasnaherbate.net/5339-small_medium/casablanca-puszka-biala.webphttps://czasnaherbate.net/5775-home_default/casablanca-puszka-biala.webphttps://czasnaherbate.net/5322-small_medium/casablanca-puszka-biala.jpg
;1;EARL GREY SPICY PUSZKA CZARNA;Prezenty dla tatyPrezenty dla mężczyznyHerbaty pakowaneHerbaty w puszkach;24.9;1;0;Herbata czarna Earl Grey Spicy 50g w puszce.;Pozwól rozgrzać się odważnemu smakowi czarnej herbaty Ceylon z dodatkiem imbiru, czerwonego pieprzu i kardamonu oraz oleju z bergamoty.;1;https://czasnaherbate.net/5432-home_default/earl-grey-spicy-puszka-czarna.webphttps://czasnaherbate.net/5432-home_default/earl-grey-spicy-puszka-czarna.webphttps://czasnaherbate.net/5430-home_default/earl-grey-spicy-puszka-czarna.webphttps://czasnaherbate.net/5432-home_default/earl-grey-spicy-puszka-czarna.webphttps://czasnaherbate.net/5431-home_default/earl-grey-spicy-puszka-czarna.webphttps://czasnaherbate.net/5432-home_default/earl-grey-spicy-puszka-czarna.webphttps://czasnaherbate.net/5433-home_default/earl-grey-spicy-puszka-czarna.webphttps://czasnaherbate.net/5432-home_default/earl-grey-spicy-puszka-czarna.webphttps://czasnaherbate.net/5432-small_medium/earl-grey-spicy-puszka-czarna.webphttps://czasnaherbate.net/5432-home_default/earl-grey-spicy-puszka-czarna.webphttps://czasnaherbate.net/5430-small_medium/earl-grey-spicy-puszka-czarna.webphttps://czasnaherbate.net/5432-home_default/earl-grey-spicy-puszka-czarna.webphttps://czasnaherbate.net/5431-small_medium/earl-grey-spicy-puszka-czarna.webphttps://czasnaherbate.net/5432-home_default/earl-grey-spicy-puszka-czarna.webphttps://czasnaherbate.net/5433-small_medium/earl-grey-spicy-puszka-czarna.webphttps://czasnaherbate.net/5432-home_default/earl-grey-spicy-puszka-czarna.webphttps://czasnaherbate.net/5432-small_medium/earl-grey-spicy-puszka-czarna.webphttps://czasnaherbate.net/5432-home_default/earl-grey-spicy-puszka-czarna.webphttps://czasnaherbate.net/5430-small_medium/earl-grey-spicy-puszka-czarna.webphttps://czasnaherbate.net/5432-home_default/earl-grey-spicy-puszka-czarna.webphttps://czasnaherbate.net/5431-small_medium/earl-grey-spicy-puszka-czarna.webphttps://czasnaherbate.net/5432-home_default/earl-grey-spicy-puszka-czarna.webphttps://czasnaherbate.net/5433-small_medium/earl-grey-spicy-puszka-czarna.webp
;1;KWITNĄCA WIŚNIA PUSZKA BIAŁA;Prezenty dla mamyHerbaty pakowanePrezenty dla nauczycielaHerbaty w puszkach;24.9;1;0;Herbata zielona 50g w puszce;Spróbuj kwitnącej wiśni i wybierz się w aromatyczną podróż na Daleki Wschód. Klasyczna zielona Sencha w połączeniu z apetyczną wiśnią, ozdobiona wonnymi płatkami bławatka różowego tworzy kompozycję, której nie można się oprzeć.;1;https://czasnaherbate.net/5773-home_default/kwitnaca-wisnia-puszka-biala-.webphttps://czasnaherbate.net/5773-home_default/kwitnaca-wisnia-puszka-biala-.webphttps://czasnaherbate.net/5336-home_default/kwitnaca-wisnia-puszka-biala-.webphttps://czasnaherbate.net/5773-home_default/kwitnaca-wisnia-puszka-biala-.webphttps://czasnaherbate.net/5337-home_default/kwitnaca-wisnia-puszka-biala-.webphttps://czasnaherbate.net/5773-home_default/kwitnaca-wisnia-puszka-biala-.webphttps://czasnaherbate.net/5326-home_default/kwitnaca-wisnia-puszka-biala-.jpghttps://czasnaherbate.net/5773-home_default/kwitnaca-wisnia-puszka-biala-.webphttps://czasnaherbate.net/5773-small_medium/kwitnaca-wisnia-puszka-biala-.webphttps://czasnaherbate.net/5773-home_default/kwitnaca-wisnia-puszka-biala-.webphttps://czasnaherbate.net/5336-small_medium/kwitnaca-wisnia-puszka-biala-.webphttps://czasnaherbate.net/5773-home_default/kwitnaca-wisnia-puszka-biala-.webphttps://czasnaherbate.net/5337-small_medium/kwitnaca-wisnia-puszka-biala-.webphttps://czasnaherbate.net/5773-home_default/kwitnaca-wisnia-puszka-biala-.webphttps://czasnaherbate.net/5326-small_medium/kwitnaca-wisnia-puszka-biala-.jpghttps://czasnaherbate.net/5773-home_default/kwitnaca-wisnia-puszka-biala-.webphttps://czasnaherbate.net/5773-small_medium/kwitnaca-wisnia-puszka-biala-.webphttps://czasnaherbate.net/5773-home_default/kwitnaca-wisnia-puszka-biala-.webphttps://czasnaherbate.net/5336-small_medium/kwitnaca-wisnia-puszka-biala-.webphttps://czasnaherbate.net/5773-home_default/kwitnaca-wisnia-puszka-biala-.webphttps://czasnaherbate.net/5337-small_medium/kwitnaca-wisnia-puszka-biala-.webphttps://czasnaherbate.net/5773-home_default/kwitnaca-wisnia-puszka-biala-.webphttps://czasnaherbate.net/5326-small_medium/kwitnaca-wisnia-puszka-biala-.jpg
Product ID;Active (0/1);Name *;Categories (x,y,z...);Price tax excluded;Tax rules ID;On sale (0/1);Summary;Description;Show price (0 = No, 1 = Yes);Image URLs (x,y,z...)
;1;BOX ASSAM DEKORAI;Herbaty w Filtrach/Herbaciane kubkiHerbaty pakowane;24.9;1;0;Najlepsze herbaty zamknięte w wygodnym filtrze 10x3g.;Nasze najlepsze herbaty zamknęliśmy w wygodnej formie nylonowego filtra. Pozwala ona na parzenie herbaty bez konieczności odmierzania ilości suszu i używania zaparzacza. Jeden filtr to porcja herbaty idealna na filiżankę lub Twój ulubiony kubek. Dzięki otworowi znajdującemu się na zawieszce filtr można wygodnie założyć na ucho kubka. Od teraz możesz delektować się smakiem wybornej herbaty w każdych okolicznościach. Prowincja Assam to region na północnym wschodzie Indii, gdzie uprawia się odmianę herbaty o nazwie Camellia assamica. Ze względu na wysoką jakość liście tej odmiany są często stosowane do uszlachetniania mieszanek herbat niższego gatunku. Herbaty z regionu Assam są zaliczane do pięciu najlepszych herbat na świecie. Standard TGFOP (Tippy Golden Flowery Orange Pekoe) oznacza główną klasę herbat pochodzących z regionów Assam oraz Darjeeling, zawierających duże ilości tzw. złotych tipsów, czyli dwóch pierwszych listków z krzewu wraz z pączkami. Napar posiada barwę brązowo-bursztynową i mocny, cierpkawy, ale równocześnie słodki smak. Filiżanka herbaty Assam dodaje energii i doskonale orzeźwia.;1;https://czasnaherbate.net/6132-home_default/box-assam-dekorai.webphttps://czasnaherbate.net/6132-home_default/box-assam-dekorai.webphttps://czasnaherbate.net/6133-home_default/box-assam-dekorai.webphttps://czasnaherbate.net/6132-home_default/box-assam-dekorai.webphttps://czasnaherbate.net/6132-small_medium/box-assam-dekorai.webphttps://czasnaherbate.net/6132-home_default/box-assam-dekorai.webphttps://czasnaherbate.net/6133-small_medium/box-assam-dekorai.webphttps://czasnaherbate.net/6132-home_default/box-assam-dekorai.webphttps://czasnaherbate.net/6132-small_medium/box-assam-dekorai.webphttps://czasnaherbate.net/6132-home_default/box-assam-dekorai.webphttps://czasnaherbate.net/6133-small_medium/box-assam-dekorai.webp
;1;BOX BORA BORA;Herbaty w Filtrach/Herbaciane kubkiHerbaty pakowane;24.9;1;0;Najlepsze herbaty zamknięte w wygodnym filtrze 10x6g.;Nasze najlepsze herbaty zamknęliśmy w wygodnej formie nylonowego filtra. Pozwala ona na parzenie herbaty bez konieczności odmierzania ilości suszu i używania zaparzacza. Jeden filtr to porcja herbaty idealna na filiżankę lub Twój ulubiony kubek. Dzięki otworowi znajdującemu się na zawieszce filtr można wygodnie założyć na ucho kubka. Od teraz możesz delektować się smakiem wybornej herbaty w każdych okolicznościach. Madagaskar - kalejdoskop smaków i barw, który tworzy kompozycja czarnej herbaty z soczystymi truskawkami oraz orzeźwiającą skórką pomarańczy, całość otulają aromatyczne płatki bławatka. Już przy otwarciu torebki pomieszczenie wypełnia się uroczym, kwiatowym zapachem. Wraz z pierwszym łykiem przenosimy się w gorący klimat dalekich, egzotycznych krajów.;1;https://czasnaherbate.net/4110-home_default/box-bora-bora.webphttps://czasnaherbate.net/4110-home_default/box-bora-bora.webphttps://czasnaherbate.net/6186-home_default/box-bora-bora.webphttps://czasnaherbate.net/4110-home_default/box-bora-bora.webphttps://czasnaherbate.net/4110-small_medium/box-bora-bora.webphttps://czasnaherbate.net/4110-home_default/box-bora-bora.webphttps://czasnaherbate.net/6186-small_medium/box-bora-bora.webphttps://czasnaherbate.net/4110-home_default/box-bora-bora.webphttps://czasnaherbate.net/4110-small_medium/box-bora-bora.webphttps://czasnaherbate.net/4110-home_default/box-bora-bora.webphttps://czasnaherbate.net/6186-small_medium/box-bora-bora.webp
;1;BOX EARL GREY NIEBIESKI KWIAT;Herbaty w Filtrach/Herbaciane kubkiHerbaty pakowane;24.9;1;0;Najlepsze herbaty zamknięte w wygodnym filtrze 10x3g.;Nasze najlepsze herbaty zamknęliśmy w wygodnej formie nylonowego filtra. Pozwala ona na parzenie herbaty bez konieczności odmierzania ilości suszu i używania zaparzacza. Jeden filtr to porcja herbaty idealna na filiżankę lub Twój ulubiony kubek. Dzięki otworowi znajdującemu się na zawieszce filtr można wygodnie założyć na ucho kubka. Od teraz możesz delektować się smakiem wybornej herbaty w każdych okolicznościach. Tradycyjna herbata Earl Grey dopełniona aromatycznymi, błękitnymi płatkami bławatka. Wspaniale komponuje się również z mlekiem i odrobiną cukru trzcinowego, tworząc doskonałe uzupełnienie codziennych posiłków czy spotkań przy odrobinie czegoś słodkiego. Herbata Earl Grey swój niepowtarzalny smak i aromat zawdzięcza olejkowi z bergamotki. Nazwę bergamotka wprowadzili Turcy określając tym mianem uprawiany w strefie śródziemnomorskiej owoc Książęcej Gruszki zbliżony kształtem do owoców cytrusowych, posiadający grubą, mięsistą skórkę. Właśnie z tej skóry tłoczony jest aromatyczny olejek dodawany między innymi do herbat typu Earl Grey.;1;https://czasnaherbate.net/6121-home_default/box-earl-grey-niebieski-kwiat.webphttps://czasnaherbate.net/6121-home_default/box-earl-grey-niebieski-kwiat.webphttps://czasnaherbate.net/6129-home_default/box-earl-grey-niebieski-kwiat.webphttps://czasnaherbate.net/6121-home_default/box-earl-grey-niebieski-kwiat.webphttps://czasnaherbate.net/6122-home_default/box-earl-grey-niebieski-kwiat.webphttps://czasnaherbate.net/6121-home_default/box-earl-grey-niebieski-kwiat.webphttps://czasnaherbate.net/6121-small_medium/box-earl-grey-niebieski-kwiat.webphttps://czasnaherbate.net/6121-home_default/box-earl-grey-niebieski-kwiat.webphttps://czasnaherbate.net/6129-small_medium/box-earl-grey-niebieski-kwiat.webphttps://czasnaherbate.net/6121-home_default/box-earl-grey-niebieski-kwiat.webphttps://czasnaherbate.net/6122-small_medium/box-earl-grey-niebieski-kwiat.webphttps://czasnaherbate.net/6121-home_default/box-earl-grey-niebieski-kwiat.webphttps://czasnaherbate.net/6121-small_medium/box-earl-grey-niebieski-kwiat.webphttps://czasnaherbate.net/6121-home_default/box-earl-grey-niebieski-kwiat.webphttps://czasnaherbate.net/6129-small_medium/box-earl-grey-niebieski-kwiat.webphttps://czasnaherbate.net/6121-home_default/box-earl-grey-niebieski-kwiat.webphttps://czasnaherbate.net/6122-small_medium/box-earl-grey-niebieski-kwiat.webp
;1;BOX GUNPOWDER SUPER;Herbaty w Filtrach/Herbaciane kubkiHerbaty pakowane;24.9;1;0;Najlepsze herbaty zamknięte w wygodnym filtrze 10x2g.;Nasze najlepsze herbaty zamknęliśmy w wygodnej formie nylonowego filtra. Pozwala ona na parzenie herbaty bez konieczności odmierzania ilości suszu i używania zaparzacza. Jeden filtr to porcja herbaty idealna na filiżankę lub Twój ulubiony kubek. Dzięki otworowi znajdującemu się na zawieszce filtr można wygodnie założyć na ucho kubka. Od teraz możesz delektować się smakiem wybornej herbaty w każdych okolicznościach. Gunpowder super - herbata zaliczana do herbacianych specjałów. Liście formowane w małe. mocno zbite kulki. Napar charakteryzuje się wysoką wydajnością.;1;https://czasnaherbate.net/1147-home_default/box-gunpowder-super.webphttps://czasnaherbate.net/1147-home_default/box-gunpowder-super.webphttps://czasnaherbate.net/6187-home_default/box-gunpowder-super.webphttps://czasnaherbate.net/1147-home_default/box-gunpowder-super.webphttps://czasnaherbate.net/1147-small_medium/box-gunpowder-super.webphttps://czasnaherbate.net/1147-home_default/box-gunpowder-super.webphttps://czasnaherbate.net/6187-small_medium/box-gunpowder-super.webphttps://czasnaherbate.net/1147-home_default/box-gunpowder-super.webphttps://czasnaherbate.net/1147-small_medium/box-gunpowder-super.webphttps://czasnaherbate.net/1147-home_default/box-gunpowder-super.webphttps://czasnaherbate.net/6187-small_medium/box-gunpowder-super.webp
Product ID;Active (0/1);Name *;Categories (x,y,z...);Price tax excluded;Tax rules ID;On sale (0/1);Summary;Description;Show price (0 = No, 1 = Yes);Image URLs (x,y,z...)
;1;ZESTAW DEGUSTACYJNY EARL GREY;Zestawy DegustacyjneHerbaty pakowane;25.9;1;0;Zestaw kompozycji Earl Grey 5x10g;Zestaw degustacyjny to idealna możliwość spróbowania naszych autorskich kompozycji i znalezienia swojego ulubionego smaku. W skład zestawu wchodzi 5 kompozycji Earl Grey, każda po 10g :;1;https://czasnaherbate.net/2275-home_default/zestaw-degustacyjny-earl-grey.webphttps://czasnaherbate.net/2275-home_default/zestaw-degustacyjny-earl-grey.webphttps://czasnaherbate.net/5950-home_default/zestaw-degustacyjny-earl-grey.webphttps://czasnaherbate.net/2275-home_default/zestaw-degustacyjny-earl-grey.webphttps://czasnaherbate.net/2278-home_default/zestaw-degustacyjny-earl-grey.webphttps://czasnaherbate.net/2275-home_default/zestaw-degustacyjny-earl-grey.webphttps://czasnaherbate.net/5949-home_default/zestaw-degustacyjny-earl-grey.webphttps://czasnaherbate.net/2275-home_default/zestaw-degustacyjny-earl-grey.webphttps://czasnaherbate.net/2277-home_default/zestaw-degustacyjny-earl-grey.webphttps://czasnaherbate.net/2275-home_default/zestaw-degustacyjny-earl-grey.webphttps://czasnaherbate.net/2280-home_default/zestaw-degustacyjny-earl-grey.webphttps://czasnaherbate.net/2275-home_default/zestaw-degustacyjny-earl-grey.webphttps://czasnaherbate.net/2275-small_medium/zestaw-degustacyjny-earl-grey.webphttps://czasnaherbate.net/2275-home_default/zestaw-degustacyjny-earl-grey.webphttps://czasnaherbate.net/5950-small_medium/zestaw-degustacyjny-earl-grey.webphttps://czasnaherbate.net/2275-home_default/zestaw-degustacyjny-earl-grey.webphttps://czasnaherbate.net/2278-small_medium/zestaw-degustacyjny-earl-grey.webphttps://czasnaherbate.net/2275-home_default/zestaw-degustacyjny-earl-grey.webphttps://czasnaherbate.net/5949-small_medium/zestaw-degustacyjny-earl-grey.webphttps://czasnaherbate.net/2275-home_default/zestaw-degustacyjny-earl-grey.webphttps://czasnaherbate.net/2277-small_medium/zestaw-degustacyjny-earl-grey.webphttps://czasnaherbate.net/2275-home_default/zestaw-degustacyjny-earl-grey.webphttps://czasnaherbate.net/2280-small_medium/zestaw-degustacyjny-earl-grey.webphttps://czasnaherbate.net/2275-home_default/zestaw-degustacyjny-earl-grey.webphttps://czasnaherbate.net/2275-small_medium/zestaw-degustacyjny-earl-grey.webphttps://czasnaherbate.net/2275-home_default/zestaw-degustacyjny-earl-grey.webphttps://czasnaherbate.net/5950-small_medium/zestaw-degustacyjny-earl-grey.webphttps://czasnaherbate.net/2275-home_default/zestaw-degustacyjny-earl-grey.webphttps://czasnaherbate.net/2278-small_medium/zestaw-degustacyjny-earl-grey.webphttps://czasnaherbate.net/2275-home_default/zestaw-degustacyjny-earl-grey.webphttps://czasnaherbate.net/5949-small_medium/zestaw-degustacyjny-earl-grey.webphttps://czasnaherbate.net/2275-home_default/zestaw-degustacyjny-earl-grey.webphttps://czasnaherbate.net/2277-small_medium/zestaw-degustacyjny-earl-grey.webphttps://czasnaherbate.net/2275-home_default/zestaw-degustacyjny-earl-grey.webphttps://czasnaherbate.net/2280-small_medium/zestaw-degustacyjny-earl-grey.webp
;1;ZESTAW DEGUSTACYJNY HERBATY CZARNE;Zestawy DegustacyjneHerbaty pakowane;25.9;1;0;Zestaw herbat czarnych 5x10g;Zestaw degustacyjny to idealna możliwość spróbowania naszych autorskich kompozycji i znalezienia swojego ulubionego smaku. W skład zestawu wchodzi 5 klasycznych herbat czarnych, każda po 10g :;1;https://czasnaherbate.net/1957-home_default/zestaw-degustacyjny-herbaty-czarne.webphttps://czasnaherbate.net/1957-home_default/zestaw-degustacyjny-herbaty-czarne.webphttps://czasnaherbate.net/5954-home_default/zestaw-degustacyjny-herbaty-czarne.webphttps://czasnaherbate.net/1957-home_default/zestaw-degustacyjny-herbaty-czarne.webphttps://czasnaherbate.net/2284-home_default/zestaw-degustacyjny-herbaty-czarne.webphttps://czasnaherbate.net/1957-home_default/zestaw-degustacyjny-herbaty-czarne.webphttps://czasnaherbate.net/2282-home_default/zestaw-degustacyjny-herbaty-czarne.webphttps://czasnaherbate.net/1957-home_default/zestaw-degustacyjny-herbaty-czarne.webphttps://czasnaherbate.net/2285-home_default/zestaw-degustacyjny-herbaty-czarne.webphttps://czasnaherbate.net/1957-home_default/zestaw-degustacyjny-herbaty-czarne.webphttps://czasnaherbate.net/2283-home_default/zestaw-degustacyjny-herbaty-czarne.webphttps://czasnaherbate.net/1957-home_default/zestaw-degustacyjny-herbaty-czarne.webphttps://czasnaherbate.net/1957-small_medium/zestaw-degustacyjny-herbaty-czarne.webphttps://czasnaherbate.net/1957-home_default/zestaw-degustacyjny-herbaty-czarne.webphttps://czasnaherbate.net/5954-small_medium/zestaw-degustacyjny-herbaty-czarne.webphttps://czasnaherbate.net/1957-home_default/zestaw-degustacyjny-herbaty-czarne.webphttps://czasnaherbate.net/2284-small_medium/zestaw-degustacyjny-herbaty-czarne.webphttps://czasnaherbate.net/1957-home_default/zestaw-degustacyjny-herbaty-czarne.webphttps://czasnaherbate.net/2282-small_medium/zestaw-degustacyjny-herbaty-czarne.webphttps://czasnaherbate.net/1957-home_default/zestaw-degustacyjny-herbaty-czarne.webphttps://czasnaherbate.net/2285-small_medium/zestaw-degustacyjny-herbaty-czarne.webphttps://czasnaherbate.net/1957-home_default/zestaw-degustacyjny-herbaty-czarne.webphttps://czasnaherbate.net/2283-small_medium/zestaw-degustacyjny-herbaty-czarne.webphttps://czasnaherbate.net/1957-home_default/zestaw-degustacyjny-herbaty-czarne.webphttps://czasnaherbate.net/1957-small_medium/zestaw-degustacyjny-herbaty-czarne.webphttps://czasnaherbate.net/1957-home_default/zestaw-degustacyjny-herbaty-czarne.webphttps://czasnaherbate.net/5954-small_medium/zestaw-degustacyjny-herbaty-czarne.webphttps://czasnaherbate.net/1957-home_default/zestaw-degustacyjny-herbaty-czarne.webphttps://czasnaherbate.net/2284-small_medium/zestaw-degustacyjny-herbaty-czarne.webphttps://czasnaherbate.net/1957-home_default/zestaw-degustacyjny-herbaty-czarne.webphttps://czasnaherbate.net/2282-small_medium/zestaw-degustacyjny-herbaty-czarne.webphttps://czasnaherbate.net/1957-home_default/zestaw-degustacyjny-herbaty-czarne.webphttps://czasnaherbate.net/2285-small_medium/zestaw-degustacyjny-herbaty-czarne.webphttps://czasnaherbate.net/1957-home_default/zestaw-degustacyjny-herbaty-czarne.webphttps://czasnaherbate.net/2283-small_medium/zestaw-degustacyjny-herbaty-czarne.webp
;1;ZESTAW DEGUSTACYJNY HERBATY JAPOŃSKIE;Zestawy DegustacyjneHerbaty pakowane;24.9;1;0;Zestaw herbat japońskich 5x10g;Zestaw degustacyjny to idealna możliwość spróbowania naszych autorskich kompozycji i znalezienia swojego ulubionego smaku. W skład zestawu wchodzi 5 herbat zielonych japońskich, każda po 10g :;1;https://czasnaherbate.net/2286-home_default/zestaw-degustacyjny-herbaty-japonskie.webphttps://czasnaherbate.net/2286-home_default/zestaw-degustacyjny-herbaty-japonskie.webphttps://czasnaherbate.net/2290-home_default/zestaw-degustacyjny-herbaty-japonskie.webphttps://czasnaherbate.net/2286-home_default/zestaw-degustacyjny-herbaty-japonskie.webphttps://czasnaherbate.net/5945-home_default/zestaw-degustacyjny-herbaty-japonskie.webphttps://czasnaherbate.net/2286-home_default/zestaw-degustacyjny-herbaty-japonskie.webphttps://czasnaherbate.net/5946-home_default/zestaw-degustacyjny-herbaty-japonskie.webphttps://czasnaherbate.net/2286-home_default/zestaw-degustacyjny-herbaty-japonskie.webphttps://czasnaherbate.net/5947-home_default/zestaw-degustacyjny-herbaty-japonskie.webphttps://czasnaherbate.net/2286-home_default/zestaw-degustacyjny-herbaty-japonskie.webphttps://czasnaherbate.net/5948-home_default/zestaw-degustacyjny-herbaty-japonskie.webphttps://czasnaherbate.net/2286-home_default/zestaw-degustacyjny-herbaty-japonskie.webphttps://czasnaherbate.net/2286-small_medium/zestaw-degustacyjny-herbaty-japonskie.webphttps://czasnaherbate.net/2286-home_default/zestaw-degustacyjny-herbaty-japonskie.webphttps://czasnaherbate.net/2290-small_medium/zestaw-degustacyjny-herbaty-japonskie.webphttps://czasnaherbate.net/2286-home_default/zestaw-degustacyjny-herbaty-japonskie.webphttps://czasnaherbate.net/5945-small_medium/zestaw-degustacyjny-herbaty-japonskie.webphttps://czasnaherbate.net/2286-home_default/zestaw-degustacyjny-herbaty-japonskie.webphttps://czasnaherbate.net/5946-small_medium/zestaw-degustacyjny-herbaty-japonskie.webphttps://czasnaherbate.net/2286-home_default/zestaw-degustacyjny-herbaty-japonskie.webphttps://czasnaherbate.net/5947-small_medium/zestaw-degustacyjny-herbaty-japonskie.webphttps://czasnaherbate.net/2286-home_default/zestaw-degustacyjny-herbaty-japonskie.webphttps://czasnaherbate.net/5948-small_medium/zestaw-degustacyjny-herbaty-japonskie.webphttps://czasnaherbate.net/2286-home_default/zestaw-degustacyjny-herbaty-japonskie.webphttps://czasnaherbate.net/2286-small_medium/zestaw-degustacyjny-herbaty-japonskie.webphttps://czasnaherbate.net/2286-home_default/zestaw-degustacyjny-herbaty-japonskie.webphttps://czasnaherbate.net/2290-small_medium/zestaw-degustacyjny-herbaty-japonskie.webphttps://czasnaherbate.net/2286-home_default/zestaw-degustacyjny-herbaty-japonskie.webphttps://czasnaherbate.net/5945-small_medium/zestaw-degustacyjny-herbaty-japonskie.webphttps://czasnaherbate.net/2286-home_default/zestaw-degustacyjny-herbaty-japonskie.webphttps://czasnaherbate.net/5946-small_medium/zestaw-degustacyjny-herbaty-japonskie.webphttps://czasnaherbate.net/2286-home_default/zestaw-degustacyjny-herbaty-japonskie.webphttps://czasnaherbate.net/5947-small_medium/zestaw-degustacyjny-herbaty-japonskie.webphttps://czasnaherbate.net/2286-home_default/zestaw-degustacyjny-herbaty-japonskie.webphttps://czasnaherbate.net/5948-small_medium/zestaw-degustacyjny-herbaty-japonskie.webp
;1;ZESTAW DEGUSTACYJNY KOMPOZYCJE CZARNE;Zestawy DegustacyjneHerbaty pakowane;23.9;1;0;Zestaw kompozycji czarnych 5x10g;Zestaw degustacyjny to idealna możliwość spróbowania naszych autorskich kompozycji i znalezienia swojego ulubionego smaku. W skład zestawu wchodzi 5 herbat czarnych z dodatkami, każda po 10g :;1;https://czasnaherbate.net/1955-home_default/zestaw-degustacyjny-kompozycje-czarne.webphttps://czasnaherbate.net/1955-home_default/zestaw-degustacyjny-kompozycje-czarne.webphttps://czasnaherbate.net/5951-home_default/zestaw-degustacyjny-kompozycje-czarne.webphttps://czasnaherbate.net/1955-home_default/zestaw-degustacyjny-kompozycje-czarne.webphttps://czasnaherbate.net/5952-home_default/zestaw-degustacyjny-kompozycje-czarne.webphttps://czasnaherbate.net/1955-home_default/zestaw-degustacyjny-kompozycje-czarne.webphttps://czasnaherbate.net/2306-home_default/zestaw-degustacyjny-kompozycje-czarne.webphttps://czasnaherbate.net/1955-home_default/zestaw-degustacyjny-kompozycje-czarne.webphttps://czasnaherbate.net/2302-home_default/zestaw-degustacyjny-kompozycje-czarne.webphttps://czasnaherbate.net/1955-home_default/zestaw-degustacyjny-kompozycje-czarne.webphttps://czasnaherbate.net/2305-home_default/zestaw-degustacyjny-kompozycje-czarne.webphttps://czasnaherbate.net/1955-home_default/zestaw-degustacyjny-kompozycje-czarne.webphttps://czasnaherbate.net/1955-small_medium/zestaw-degustacyjny-kompozycje-czarne.webphttps://czasnaherbate.net/1955-home_default/zestaw-degustacyjny-kompozycje-czarne.webphttps://czasnaherbate.net/5951-small_medium/zestaw-degustacyjny-kompozycje-czarne.webphttps://czasnaherbate.net/1955-home_default/zestaw-degustacyjny-kompozycje-czarne.webphttps://czasnaherbate.net/5952-small_medium/zestaw-degustacyjny-kompozycje-czarne.webphttps://czasnaherbate.net/1955-home_default/zestaw-degustacyjny-kompozycje-czarne.webphttps://czasnaherbate.net/2306-small_medium/zestaw-degustacyjny-kompozycje-czarne.webphttps://czasnaherbate.net/1955-home_default/zestaw-degustacyjny-kompozycje-czarne.webphttps://czasnaherbate.net/2302-small_medium/zestaw-degustacyjny-kompozycje-czarne.webphttps://czasnaherbate.net/1955-home_default/zestaw-degustacyjny-kompozycje-czarne.webphttps://czasnaherbate.net/2305-small_medium/zestaw-degustacyjny-kompozycje-czarne.webphttps://czasnaherbate.net/1955-home_default/zestaw-degustacyjny-kompozycje-czarne.webphttps://czasnaherbate.net/1955-small_medium/zestaw-degustacyjny-kompozycje-czarne.webphttps://czasnaherbate.net/1955-home_default/zestaw-degustacyjny-kompozycje-czarne.webphttps://czasnaherbate.net/5951-small_medium/zestaw-degustacyjny-kompozycje-czarne.webphttps://czasnaherbate.net/1955-home_default/zestaw-degustacyjny-kompozycje-czarne.webphttps://czasnaherbate.net/5952-small_medium/zestaw-degustacyjny-kompozycje-czarne.webphttps://czasnaherbate.net/1955-home_default/zestaw-degustacyjny-kompozycje-czarne.webphttps://czasnaherbate.net/2306-small_medium/zestaw-degustacyjny-kompozycje-czarne.webphttps://czasnaherbate.net/1955-home_default/zestaw-degustacyjny-kompozycje-czarne.webphttps://czasnaherbate.net/2302-small_medium/zestaw-degustacyjny-kompozycje-czarne.webphttps://czasnaherbate.net/1955-home_default/zestaw-degustacyjny-kompozycje-czarne.webphttps://czasnaherbate.net/2305-small_medium/zestaw-degustacyjny-kompozycje-czarne.webp
Product ID;Active (0/1);Name *;Categories (x,y,z...);Price tax excluded;Tax rules ID;On sale (0/1);Summary;Description;Show price (0 = No, 1 = Yes);Image URLs (x,y,z...)
;1;SUSHI TEA - JAŚMINOWA;Herbaty pakowaneCyber MondayHerbaty do Sushi;26.9;1;0;Jaśminowa klasyczna zielona herbata Yunnan (70g).;Jaśminowa klasyczna zielona herbata Yunnan odznaczająca się delikatnym, aczkolwiek wykwintnym smakiem, harmonijnie połączona z aromatycznymi kwiatami jaśminu to propozycja idealna dla wszystkich smakoszy sushi.;1;https://czasnaherbate.net/2522-home_default/sushi-tea-jasminowa-.webphttps://czasnaherbate.net/2522-home_default/sushi-tea-jasminowa-.webphttps://czasnaherbate.net/2522-small_medium/sushi-tea-jasminowa-.webphttps://czasnaherbate.net/2522-home_default/sushi-tea-jasminowa-.webphttps://czasnaherbate.net/2522-small_medium/sushi-tea-jasminowa-.webp
;1;SUSHI TEA - MANGO WHITE;Herbaty pakowaneCyber MondayHerbaty do Sushi;18.9;1;0;Pai Mu Tan z dodatkiem mango, trawy cytrynowej, mięty oraz płatków róży (35g).;Mango White stworzona na bazie herbaty białej Pai Mu Tan z dodatkiem mango, trawy cytrynowej, mięty oraz płatków róży. Wyróżnia się delikatną nutą słodyczy, a także orzeźwiającym smakiem. Polecana do Nigiri ze względu na jej delikatność.;1;https://czasnaherbate.net/2516-home_default/sushi-tea-mango-white-.webphttps://czasnaherbate.net/2516-home_default/sushi-tea-mango-white-.webphttps://czasnaherbate.net/2516-small_medium/sushi-tea-mango-white-.webphttps://czasnaherbate.net/2516-home_default/sushi-tea-mango-white-.webphttps://czasnaherbate.net/2516-small_medium/sushi-tea-mango-white-.webp
;1;SUSHI TEA - SAKURA GREEN;Herbaty pakowaneCyber MondayHerbaty do Sushi;26.9;1;0;Zielona herbata z dodatkiem wiśni (70g).;Sakura Green - kompozycja stworzona na bazie zielonej herbaty z dodatkiem wiśni. Zainspirowana smakiem kraju kwitnącej wiśni. Polecana do wszystkich rodzajów sushi z uwagi na jej delikatny smak z wyczuwalną nutą kwaskowości.;1;https://czasnaherbate.net/2519-home_default/sakura-green-70g-sushi-tea.webphttps://czasnaherbate.net/2519-home_default/sakura-green-70g-sushi-tea.webphttps://czasnaherbate.net/2519-small_medium/sakura-green-70g-sushi-tea.webphttps://czasnaherbate.net/2519-home_default/sakura-green-70g-sushi-tea.webphttps://czasnaherbate.net/2519-small_medium/sakura-green-70g-sushi-tea.webp
Product ID;Active (0/1);Name *;Categories (x,y,z...);Price tax excluded;Tax rules ID;On sale (0/1);Summary;Description;Show price (0 = No, 1 = Yes);Image URLs (x,y,z...)
;1;JAPANESE MATCHA;MatchaHerbaty pakowane;71.9;1;0;Japońska Matcha najwyższej jakości (op 30g).;"Niezwykła, sproszkowana herbata otrzymywana w procesie mielenia liści zielonej herbaty z pierwszych wiosennych zbiorów. Bogata w składniki odżywcze (aminokwasy, antyoksydanty, witaminy, minerały, błonnik). Jedna filiżanka naparu równa się dziesięciu filiżankom naparu z Senchy. Uspokaja, zmniejsza stres i niepokój. Picie Matchy działa relaksująco, pobudza umysł i ciało do aktywności. Krzewy herbaty przeznaczonej na Matchę poddawane są specjalnej procedurze opracowanej w epoce Azuchi-Momoyama. Na dwa tygodnie przed zbiorami krzewy ocieniane są matami, przez co spowolniony zostaje ich wzrost. Liście nabierają koloru bladej zieleni i wytwarzają aminokwasy, dzięki czemu herbata jest słodsza i bardziej aromatyczna. Matcha używana jest w ceremonii picia herbaty cha-no-yu (dosł. ""gorąca woda na herbatę""). Stosowana jest także w kulinariach jako dodatek do ciast, babeczek, deserów opartych na jogurtach i świeżych owocach. Japońska Matcha (30g) marki Tea Time produkowana jest w całości z Tencha, czyli wyłącznie z części miękkiej blaszki liścia, bez nerwów głównych i bocznych. Tencha jest mielona tradycyjnie na kamiennych płytach z granitu, które pozwalają zamienić liście w proszek, którego pojedyncze drobinki maja średnicę paru mikronów. By utrzymać wysoki poziom jakości, hermetycznie zapakowana Matcha jest transportowana do Europy wyłącznie drogą lotniczą, unikając dużych zmian temperatury podczas transportu.";1;https://czasnaherbate.net/175-home_default/japanese-matcha.webphttps://czasnaherbate.net/175-home_default/japanese-matcha.webphttps://czasnaherbate.net/175-small_medium/japanese-matcha.webphttps://czasnaherbate.net/175-home_default/japanese-matcha.webphttps://czasnaherbate.net/175-small_medium/japanese-matcha.webp
;1;KOLOROWA MATCHA BLACK ENERGY;MatchaHerbaty pakowane;39.9;1;0;Mieszanka o pobudzającym działaniu 75g;Matcha Black Energy to mieszanka na bazie czarnej herbaty Argentyna OP. Jest to wyśmienita, czarna herbata prosto z Argentyńskich plantacji. W smaku wyczujemy delikatny, gładki smak przeplatany słodkawą nutą. W składzie znajduje się również aktywny węgiel o działaniu detoksykującym, surowe ziarno kakao o silnych właściwościach antyoksydacyjnych i przeciwzapalnych oraz pobudzająca, mielona guarana. Całość dopełniona jest podnoszącymi siły witalne, koncentrację i pamięć jagodami acai,dodającą energii macą, lucumą - naturalnym zamiennikiem cukru, łagodzącą stres wanilią oraz źródłem błonnika w postaci inuliny.;1;https://czasnaherbate.net/4814-home_default/kolorowa-matcha-black-energy-75g.webphttps://czasnaherbate.net/4814-home_default/kolorowa-matcha-black-energy-75g.webphttps://czasnaherbate.net/4812-home_default/kolorowa-matcha-black-energy-75g.webphttps://czasnaherbate.net/4814-home_default/kolorowa-matcha-black-energy-75g.webphttps://czasnaherbate.net/4813-home_default/kolorowa-matcha-black-energy-75g.webphttps://czasnaherbate.net/4814-home_default/kolorowa-matcha-black-energy-75g.webphttps://czasnaherbate.net/4814-small_medium/kolorowa-matcha-black-energy-75g.webphttps://czasnaherbate.net/4814-home_default/kolorowa-matcha-black-energy-75g.webphttps://czasnaherbate.net/4812-small_medium/kolorowa-matcha-black-energy-75g.webphttps://czasnaherbate.net/4814-home_default/kolorowa-matcha-black-energy-75g.webphttps://czasnaherbate.net/4813-small_medium/kolorowa-matcha-black-energy-75g.webphttps://czasnaherbate.net/4814-home_default/kolorowa-matcha-black-energy-75g.webphttps://czasnaherbate.net/4814-small_medium/kolorowa-matcha-black-energy-75g.webphttps://czasnaherbate.net/4814-home_default/kolorowa-matcha-black-energy-75g.webphttps://czasnaherbate.net/4812-small_medium/kolorowa-matcha-black-energy-75g.webphttps://czasnaherbate.net/4814-home_default/kolorowa-matcha-black-energy-75g.webphttps://czasnaherbate.net/4813-small_medium/kolorowa-matcha-black-energy-75g.webp
;1;KOLOROWA MATCHA BLUE RELAX;MatchaHerbaty pakowane;41.9;1;0;Mieszanka o właściwościach wyciszających 75g;Kolorowa Matcha Blue Relax, to herbata na bazie sproszkowanego kwiatu Klitorii Ternateńskiej oraz herbaty Oolong. Te ta główne składniki to doskonałe źródło właściwości pozytywnie wpływających na nasz organizm. Piękne, niebieskie kwiaty Klitorii słyną z cech przeciwzapalnych, przeciwbólowych i antybakteryjnych, a dodatkowo mogą mieć wpływ na złagodzenie stanów lękowych i depresyjnych.;1;https://czasnaherbate.net/4820-home_default/kolorowa-matcha-blue-relax.webphttps://czasnaherbate.net/4820-home_default/kolorowa-matcha-blue-relax.webphttps://czasnaherbate.net/4818-home_default/kolorowa-matcha-blue-relax.webphttps://czasnaherbate.net/4820-home_default/kolorowa-matcha-blue-relax.webphttps://czasnaherbate.net/4819-home_default/kolorowa-matcha-blue-relax.webphttps://czasnaherbate.net/4820-home_default/kolorowa-matcha-blue-relax.webphttps://czasnaherbate.net/4820-small_medium/kolorowa-matcha-blue-relax.webphttps://czasnaherbate.net/4820-home_default/kolorowa-matcha-blue-relax.webphttps://czasnaherbate.net/4818-small_medium/kolorowa-matcha-blue-relax.webphttps://czasnaherbate.net/4820-home_default/kolorowa-matcha-blue-relax.webphttps://czasnaherbate.net/4819-small_medium/kolorowa-matcha-blue-relax.webphttps://czasnaherbate.net/4820-home_default/kolorowa-matcha-blue-relax.webphttps://czasnaherbate.net/4820-small_medium/kolorowa-matcha-blue-relax.webphttps://czasnaherbate.net/4820-home_default/kolorowa-matcha-blue-relax.webphttps://czasnaherbate.net/4818-small_medium/kolorowa-matcha-blue-relax.webphttps://czasnaherbate.net/4820-home_default/kolorowa-matcha-blue-relax.webphttps://czasnaherbate.net/4819-small_medium/kolorowa-matcha-blue-relax.webp
;1;KOLOROWA MATCHA GREEN DETOX;MatchaHerbaty pakowane;41.9;1;0;Mieszanka zapewniająca lepsze samopoczucie 75g;Matcha Green Detox to herbata na bazie tradycyjnej Matchy. To jeden z najstarszych gatunków japońskiej herbaty, produkowany z liści Tencha, specjalnie selekcjonowanych i preparowanych jeszcze przed zerwaniem. Posiada procesy wspomagające metabolizm, poprawiające koncentrację i pamięć. Dodaje energii i oczyszcza organizm. W składzie znajduje się również orzeźwiająca mięta wspomagająca procesy trawienne, łagodząca niestrawność  i poprawiająca nastrój trawa cytrynowa. Całość dopełniona jest wspomagającą odporność chlorellą, dodającą energii macą, lucumą - naturalnym zamiennikiem cukru oraz źródłem błonnika w postaci inuliny,;1;https://czasnaherbate.net/4845-home_default/kolorowa-matcha-green-detox.webphttps://czasnaherbate.net/4845-home_default/kolorowa-matcha-green-detox.webphttps://czasnaherbate.net/4843-home_default/kolorowa-matcha-green-detox.webphttps://czasnaherbate.net/4845-home_default/kolorowa-matcha-green-detox.webphttps://czasnaherbate.net/4844-home_default/kolorowa-matcha-green-detox.webphttps://czasnaherbate.net/4845-home_default/kolorowa-matcha-green-detox.webphttps://czasnaherbate.net/4845-small_medium/kolorowa-matcha-green-detox.webphttps://czasnaherbate.net/4845-home_default/kolorowa-matcha-green-detox.webphttps://czasnaherbate.net/4843-small_medium/kolorowa-matcha-green-detox.webphttps://czasnaherbate.net/4845-home_default/kolorowa-matcha-green-detox.webphttps://czasnaherbate.net/4844-small_medium/kolorowa-matcha-green-detox.webphttps://czasnaherbate.net/4845-home_default/kolorowa-matcha-green-detox.webphttps://czasnaherbate.net/4845-small_medium/kolorowa-matcha-green-detox.webphttps://czasnaherbate.net/4845-home_default/kolorowa-matcha-green-detox.webphttps://czasnaherbate.net/4843-small_medium/kolorowa-matcha-green-detox.webphttps://czasnaherbate.net/4845-home_default/kolorowa-matcha-green-detox.webphttps://czasnaherbate.net/4844-small_medium/kolorowa-matcha-green-detox.webp
Product ID;Active (0/1);Name *;Categories (x,y,z...);Price tax excluded;Tax rules ID;On sale (0/1);Summary;Description;Show price (0 = No, 1 = Yes);Image URLs (x,y,z...)
;1;BOMBA HERBACIANA BRĄZOWA;Bomby herbaciane;23.9;1;0;Bomba herbaciana z suszem Orange Dream;Ręcznie wykonana, autorska bomba herbaciana. Produkt dla wszystkich spragnionych herbat w nowej formie.;1;https://czasnaherbate.net/4919-home_default/bomba-herbaciana-brazowa.webphttps://czasnaherbate.net/4919-home_default/bomba-herbaciana-brazowa.webphttps://czasnaherbate.net/4918-home_default/bomba-herbaciana-brazowa.webphttps://czasnaherbate.net/4919-home_default/bomba-herbaciana-brazowa.webphttps://czasnaherbate.net/4912-home_default/bomba-herbaciana-brazowa.jpghttps://czasnaherbate.net/4919-home_default/bomba-herbaciana-brazowa.webphttps://czasnaherbate.net/4913-home_default/bomba-herbaciana-brazowa.jpghttps://czasnaherbate.net/4919-home_default/bomba-herbaciana-brazowa.webphttps://czasnaherbate.net/4914-home_default/bomba-herbaciana-brazowa.jpghttps://czasnaherbate.net/4919-home_default/bomba-herbaciana-brazowa.webphttps://czasnaherbate.net/4915-home_default/bomba-herbaciana-brazowa.jpghttps://czasnaherbate.net/4919-home_default/bomba-herbaciana-brazowa.webphttps://czasnaherbate.net/4911-home_default/bomba-herbaciana-brazowa.jpghttps://czasnaherbate.net/4919-home_default/bomba-herbaciana-brazowa.webphttps://czasnaherbate.net/4919-small_medium/bomba-herbaciana-brazowa.webphttps://czasnaherbate.net/4919-home_default/bomba-herbaciana-brazowa.webphttps://czasnaherbate.net/4918-small_medium/bomba-herbaciana-brazowa.webphttps://czasnaherbate.net/4919-home_default/bomba-herbaciana-brazowa.webphttps://czasnaherbate.net/4912-small_medium/bomba-herbaciana-brazowa.webphttps://czasnaherbate.net/4919-home_default/bomba-herbaciana-brazowa.webphttps://czasnaherbate.net/4913-small_medium/bomba-herbaciana-brazowa.webphttps://czasnaherbate.net/4919-home_default/bomba-herbaciana-brazowa.webphttps://czasnaherbate.net/4914-small_medium/bomba-herbaciana-brazowa.webphttps://czasnaherbate.net/4919-home_default/bomba-herbaciana-brazowa.webphttps://czasnaherbate.net/4915-small_medium/bomba-herbaciana-brazowa.webphttps://czasnaherbate.net/4919-home_default/bomba-herbaciana-brazowa.webphttps://czasnaherbate.net/4911-small_medium/bomba-herbaciana-brazowa.webphttps://czasnaherbate.net/4919-home_default/bomba-herbaciana-brazowa.webphttps://czasnaherbate.net/4919-small_medium/bomba-herbaciana-brazowa.webphttps://czasnaherbate.net/4919-home_default/bomba-herbaciana-brazowa.webphttps://czasnaherbate.net/4918-small_medium/bomba-herbaciana-brazowa.webphttps://czasnaherbate.net/4919-home_default/bomba-herbaciana-brazowa.webphttps://czasnaherbate.net/4912-small_medium/bomba-herbaciana-brazowa.webphttps://czasnaherbate.net/4919-home_default/bomba-herbaciana-brazowa.webphttps://czasnaherbate.net/4913-small_medium/bomba-herbaciana-brazowa.webphttps://czasnaherbate.net/4919-home_default/bomba-herbaciana-brazowa.webphttps://czasnaherbate.net/4914-small_medium/bomba-herbaciana-brazowa.webphttps://czasnaherbate.net/4919-home_default/bomba-herbaciana-brazowa.webphttps://czasnaherbate.net/4915-small_medium/bomba-herbaciana-brazowa.webphttps://czasnaherbate.net/4919-home_default/bomba-herbaciana-brazowa.webphttps://czasnaherbate.net/4911-small_medium/bomba-herbaciana-brazowa.webp
;1;BOMBA HERBACIANA FIOLETOWA;Bomby herbaciane;23.9;1;0;Bomba herbaciana z suszem Sencha brzoskwiniowa;Ręcznie wykonana, autorska bomba herbaciana. Produkt dla wszystkich spragnionych herbat w nowej formie.;1;https://czasnaherbate.net/4928-home_default/bomba-herbaciana-fioletowa.webphttps://czasnaherbate.net/4928-home_default/bomba-herbaciana-fioletowa.webphttps://czasnaherbate.net/4927-home_default/bomba-herbaciana-fioletowa.webphttps://czasnaherbate.net/4928-home_default/bomba-herbaciana-fioletowa.webphttps://czasnaherbate.net/4921-home_default/bomba-herbaciana-fioletowa.jpghttps://czasnaherbate.net/4928-home_default/bomba-herbaciana-fioletowa.webphttps://czasnaherbate.net/4922-home_default/bomba-herbaciana-fioletowa.jpghttps://czasnaherbate.net/4928-home_default/bomba-herbaciana-fioletowa.webphttps://czasnaherbate.net/4923-home_default/bomba-herbaciana-fioletowa.jpghttps://czasnaherbate.net/4928-home_default/bomba-herbaciana-fioletowa.webphttps://czasnaherbate.net/4924-home_default/bomba-herbaciana-fioletowa.jpghttps://czasnaherbate.net/4928-home_default/bomba-herbaciana-fioletowa.webphttps://czasnaherbate.net/4920-home_default/bomba-herbaciana-fioletowa.jpghttps://czasnaherbate.net/4928-home_default/bomba-herbaciana-fioletowa.webphttps://czasnaherbate.net/4928-small_medium/bomba-herbaciana-fioletowa.webphttps://czasnaherbate.net/4928-home_default/bomba-herbaciana-fioletowa.webphttps://czasnaherbate.net/4927-small_medium/bomba-herbaciana-fioletowa.webphttps://czasnaherbate.net/4928-home_default/bomba-herbaciana-fioletowa.webphttps://czasnaherbate.net/4921-small_medium/bomba-herbaciana-fioletowa.webphttps://czasnaherbate.net/4928-home_default/bomba-herbaciana-fioletowa.webphttps://czasnaherbate.net/4922-small_medium/bomba-herbaciana-fioletowa.webphttps://czasnaherbate.net/4928-home_default/bomba-herbaciana-fioletowa.webphttps://czasnaherbate.net/4923-small_medium/bomba-herbaciana-fioletowa.webphttps://czasnaherbate.net/4928-home_default/bomba-herbaciana-fioletowa.webphttps://czasnaherbate.net/4924-small_medium/bomba-herbaciana-fioletowa.webphttps://czasnaherbate.net/4928-home_default/bomba-herbaciana-fioletowa.webphttps://czasnaherbate.net/4920-small_medium/bomba-herbaciana-fioletowa.webphttps://czasnaherbate.net/4928-home_default/bomba-herbaciana-fioletowa.webphttps://czasnaherbate.net/4928-small_medium/bomba-herbaciana-fioletowa.webphttps://czasnaherbate.net/4928-home_default/bomba-herbaciana-fioletowa.webphttps://czasnaherbate.net/4927-small_medium/bomba-herbaciana-fioletowa.webphttps://czasnaherbate.net/4928-home_default/bomba-herbaciana-fioletowa.webphttps://czasnaherbate.net/4921-small_medium/bomba-herbaciana-fioletowa.webphttps://czasnaherbate.net/4928-home_default/bomba-herbaciana-fioletowa.webphttps://czasnaherbate.net/4922-small_medium/bomba-herbaciana-fioletowa.webphttps://czasnaherbate.net/4928-home_default/bomba-herbaciana-fioletowa.webphttps://czasnaherbate.net/4923-small_medium/bomba-herbaciana-fioletowa.webphttps://czasnaherbate.net/4928-home_default/bomba-herbaciana-fioletowa.webphttps://czasnaherbate.net/4924-small_medium/bomba-herbaciana-fioletowa.webphttps://czasnaherbate.net/4928-home_default/bomba-herbaciana-fioletowa.webphttps://czasnaherbate.net/4920-small_medium/bomba-herbaciana-fioletowa.webp
;1;BOMBA HERBACIANA SERCE CZERWONE;Bomby herbaciane;23.9;1;0;Bomba herbaciana z suszem z czarnej herbaty z dodatkami;Ręcznie wykonana, autorska bomba herbaciana w kształcie serca. Idealna dla wszystkich spragnionych herbat w nowej formie.;1;https://czasnaherbate.net/4891-home_default/bomba-herbaciana-serce-czerwone.webphttps://czasnaherbate.net/4891-home_default/bomba-herbaciana-serce-czerwone.webphttps://czasnaherbate.net/4892-home_default/bomba-herbaciana-serce-czerwone.webphttps://czasnaherbate.net/4891-home_default/bomba-herbaciana-serce-czerwone.webphttps://czasnaherbate.net/4887-home_default/bomba-herbaciana-serce-czerwone.jpghttps://czasnaherbate.net/4891-home_default/bomba-herbaciana-serce-czerwone.webphttps://czasnaherbate.net/4888-home_default/bomba-herbaciana-serce-czerwone.jpghttps://czasnaherbate.net/4891-home_default/bomba-herbaciana-serce-czerwone.webphttps://czasnaherbate.net/4889-home_default/bomba-herbaciana-serce-czerwone.jpghttps://czasnaherbate.net/4891-home_default/bomba-herbaciana-serce-czerwone.webphttps://czasnaherbate.net/4890-home_default/bomba-herbaciana-serce-czerwone.jpghttps://czasnaherbate.net/4891-home_default/bomba-herbaciana-serce-czerwone.webphttps://czasnaherbate.net/4886-home_default/bomba-herbaciana-serce-czerwone.jpghttps://czasnaherbate.net/4891-home_default/bomba-herbaciana-serce-czerwone.webphttps://czasnaherbate.net/4891-small_medium/bomba-herbaciana-serce-czerwone.webphttps://czasnaherbate.net/4891-home_default/bomba-herbaciana-serce-czerwone.webphttps://czasnaherbate.net/4892-small_medium/bomba-herbaciana-serce-czerwone.webphttps://czasnaherbate.net/4891-home_default/bomba-herbaciana-serce-czerwone.webphttps://czasnaherbate.net/4887-small_medium/bomba-herbaciana-serce-czerwone.webphttps://czasnaherbate.net/4891-home_default/bomba-herbaciana-serce-czerwone.webphttps://czasnaherbate.net/4888-small_medium/bomba-herbaciana-serce-czerwone.webphttps://czasnaherbate.net/4891-home_default/bomba-herbaciana-serce-czerwone.webphttps://czasnaherbate.net/4889-small_medium/bomba-herbaciana-serce-czerwone.webphttps://czasnaherbate.net/4891-home_default/bomba-herbaciana-serce-czerwone.webphttps://czasnaherbate.net/4890-small_medium/bomba-herbaciana-serce-czerwone.webphttps://czasnaherbate.net/4891-home_default/bomba-herbaciana-serce-czerwone.webphttps://czasnaherbate.net/4886-small_medium/bomba-herbaciana-serce-czerwone.webphttps://czasnaherbate.net/4891-home_default/bomba-herbaciana-serce-czerwone.webphttps://czasnaherbate.net/4891-small_medium/bomba-herbaciana-serce-czerwone.webphttps://czasnaherbate.net/4891-home_default/bomba-herbaciana-serce-czerwone.webphttps://czasnaherbate.net/4892-small_medium/bomba-herbaciana-serce-czerwone.webphttps://czasnaherbate.net/4891-home_default/bomba-herbaciana-serce-czerwone.webphttps://czasnaherbate.net/4887-small_medium/bomba-herbaciana-serce-czerwone.webphttps://czasnaherbate.net/4891-home_default/bomba-herbaciana-serce-czerwone.webphttps://czasnaherbate.net/4888-small_medium/bomba-herbaciana-serce-czerwone.webphttps://czasnaherbate.net/4891-home_default/bomba-herbaciana-serce-czerwone.webphttps://czasnaherbate.net/4889-small_medium/bomba-herbaciana-serce-czerwone.webphttps://czasnaherbate.net/4891-home_default/bomba-herbaciana-serce-czerwone.webphttps://czasnaherbate.net/4890-small_medium/bomba-herbaciana-serce-czerwone.webphttps://czasnaherbate.net/4891-home_default/bomba-herbaciana-serce-czerwone.webphttps://czasnaherbate.net/4886-small_medium/bomba-herbaciana-serce-czerwone.webp
;1;BOMBA HERBACIANA SERCE RÓŻOWE;Bomby herbaciane;23.9;1;0;Bomba herbaciana z suszem z zielonej herbaty z dodatkami;Ręcznie wykonane herbaciane serce. Wyraża więcej niż sto słów - idealna propozycja na prezent!;1;https://czasnaherbate.net/4878-home_default/bomba-herbaciana-serce-rozowe.webphttps://czasnaherbate.net/4878-home_default/bomba-herbaciana-serce-rozowe.webphttps://czasnaherbate.net/4877-home_default/bomba-herbaciana-serce-rozowe.webphttps://czasnaherbate.net/4878-home_default/bomba-herbaciana-serce-rozowe.webphttps://czasnaherbate.net/4880-home_default/bomba-herbaciana-serce-rozowe.webphttps://czasnaherbate.net/4878-home_default/bomba-herbaciana-serce-rozowe.webphttps://czasnaherbate.net/4881-home_default/bomba-herbaciana-serce-rozowe.webphttps://czasnaherbate.net/4878-home_default/bomba-herbaciana-serce-rozowe.webphttps://czasnaherbate.net/4882-home_default/bomba-herbaciana-serce-rozowe.webphttps://czasnaherbate.net/4878-home_default/bomba-herbaciana-serce-rozowe.webphttps://czasnaherbate.net/4883-home_default/bomba-herbaciana-serce-rozowe.webphttps://czasnaherbate.net/4878-home_default/bomba-herbaciana-serce-rozowe.webphttps://czasnaherbate.net/4879-home_default/bomba-herbaciana-serce-rozowe.webphttps://czasnaherbate.net/4878-home_default/bomba-herbaciana-serce-rozowe.webphttps://czasnaherbate.net/4878-small_medium/bomba-herbaciana-serce-rozowe.webphttps://czasnaherbate.net/4878-home_default/bomba-herbaciana-serce-rozowe.webphttps://czasnaherbate.net/4877-small_medium/bomba-herbaciana-serce-rozowe.webphttps://czasnaherbate.net/4878-home_default/bomba-herbaciana-serce-rozowe.webphttps://czasnaherbate.net/4880-small_medium/bomba-herbaciana-serce-rozowe.webphttps://czasnaherbate.net/4878-home_default/bomba-herbaciana-serce-rozowe.webphttps://czasnaherbate.net/4881-small_medium/bomba-herbaciana-serce-rozowe.webphttps://czasnaherbate.net/4878-home_default/bomba-herbaciana-serce-rozowe.webphttps://czasnaherbate.net/4882-small_medium/bomba-herbaciana-serce-rozowe.webphttps://czasnaherbate.net/4878-home_default/bomba-herbaciana-serce-rozowe.webphttps://czasnaherbate.net/4883-small_medium/bomba-herbaciana-serce-rozowe.webphttps://czasnaherbate.net/4878-home_default/bomba-herbaciana-serce-rozowe.webphttps://czasnaherbate.net/4879-small_medium/bomba-herbaciana-serce-rozowe.webphttps://czasnaherbate.net/4878-home_default/bomba-herbaciana-serce-rozowe.webphttps://czasnaherbate.net/4878-small_medium/bomba-herbaciana-serce-rozowe.webphttps://czasnaherbate.net/4878-home_default/bomba-herbaciana-serce-rozowe.webphttps://czasnaherbate.net/4877-small_medium/bomba-herbaciana-serce-rozowe.webphttps://czasnaherbate.net/4878-home_default/bomba-herbaciana-serce-rozowe.webphttps://czasnaherbate.net/4880-small_medium/bomba-herbaciana-serce-rozowe.webphttps://czasnaherbate.net/4878-home_default/bomba-herbaciana-serce-rozowe.webphttps://czasnaherbate.net/4881-small_medium/bomba-herbaciana-serce-rozowe.webphttps://czasnaherbate.net/4878-home_default/bomba-herbaciana-serce-rozowe.webphttps://czasnaherbate.net/4882-small_medium/bomba-herbaciana-serce-rozowe.webphttps://czasnaherbate.net/4878-home_default/bomba-herbaciana-serce-rozowe.webphttps://czasnaherbate.net/4883-small_medium/bomba-herbaciana-serce-rozowe.webphttps://czasnaherbate.net/4878-home_default/bomba-herbaciana-serce-rozowe.webphttps://czasnaherbate.net/4879-small_medium/bomba-herbaciana-serce-rozowe.webp
Product ID;Active (0/1);Name *;Categories (x,y,z...);Price tax excluded;Tax rules ID;On sale (0/1);Summary;Description;Show price (0 = No, 1 = Yes);Image URLs (x,y,z...)
;1;HARMONIA;Herbaty z adaptogenami;23.9;1;0;Zen & Relaks 80g;Autorska receptura na bazie herbaty zielonej China Gunpowder z dodatkiem ziół, owoców i adaptogenu o wyjątkowym zastosowaniu. Ta herbatka jest dla Ciebie, jeśli poszukujesz równowagi i harmonii ducha.;1;https://czasnaherbate.net/5797-home_default/harmonia-.webphttps://czasnaherbate.net/5797-home_default/harmonia-.webphttps://czasnaherbate.net/5797-small_medium/harmonia-.webphttps://czasnaherbate.net/5797-home_default/harmonia-.webphttps://czasnaherbate.net/5797-small_medium/harmonia-.webp
;1;PIĘKNO;Herbaty z adaptogenami;23.9;1;0;Hair & Beauty 80g;Autorska receptura na bazie herbaty Oolong z dodatkiem ziół, owoców i adaptogenu, o wyjątkowym zastosowaniu. Ta herbatka jest dla Ciebie, jeśli poszukujesz pomocy w dbaniu o swoje piękno.;1;https://czasnaherbate.net/5801-home_default/piekno.webphttps://czasnaherbate.net/5801-home_default/piekno.webphttps://czasnaherbate.net/5801-small_medium/piekno.webphttps://czasnaherbate.net/5801-home_default/piekno.webphttps://czasnaherbate.net/5801-small_medium/piekno.webp
;1;RADOŚĆ;Herbaty z adaptogenami;23.9;1;0;Feel happiness 80g;Autorska receptura na bazie herbaty Sencha Black z dodatkiem ziół, owoców i adaptogenu, o wyjątkowym zastosowaniu wpływającym pozytywnie na samopoczucie.;1;https://czasnaherbate.net/5799-home_default/radosc.webphttps://czasnaherbate.net/5799-home_default/radosc.webphttps://czasnaherbate.net/5799-small_medium/radosc.webphttps://czasnaherbate.net/5799-home_default/radosc.webphttps://czasnaherbate.net/5799-small_medium/radosc.webp
;1;SZCZUPŁA SYLWETKA;Herbaty z adaptogenami;23.9;1;0;Slim & fit 80g;Autorska receptura na bazie herbaty Pu Erh z dodatkiem ziół, owoców i adaptogenu o wyjątkowym zastosowaniu. Ta herbatka jest dla Ciebie, jeśli poszukujesz pomocy w procesie redukcji wagi i przy odchudzaniu.;1;https://czasnaherbate.net/5800-home_default/szczupla-sylwetka.webphttps://czasnaherbate.net/5800-home_default/szczupla-sylwetka.webphttps://czasnaherbate.net/5800-small_medium/szczupla-sylwetka.webphttps://czasnaherbate.net/5800-home_default/szczupla-sylwetka.webphttps://czasnaherbate.net/5800-small_medium/szczupla-sylwetka.webp
Product ID;Active (0/1);Name *;Categories (x,y,z...);Price tax excluded;Tax rules ID;On sale (0/1);Summary;Description;Show price (0 = No, 1 = Yes);Image URLs (x,y,z...)
;1;Assam Mokalbari SF Black;;24.95;1;0;Assam Mokalbari to herbata pochodząca z północno-wschodniego regionu Indii położonego wzdłuż doliny rzeki Brahmaputry u podnóży Himalajów. Prowincja ta słynie z uprawy odmiany czarnej herbaty Camellia Assamica, która zachwyca słodowymi nutami i bogatym smakiem naparu.;;1;https://czasnaherbate.net/3060-home_default/assam-mokalbari-sf-black.webphttps://czasnaherbate.net/3060-home_default/assam-mokalbari-sf-black.webphttps://czasnaherbate.net/3075-home_default/assam-mokalbari-sf-black.webphttps://czasnaherbate.net/3060-home_default/assam-mokalbari-sf-black.webphttps://czasnaherbate.net/3060-small_medium/assam-mokalbari-sf-black.webphttps://czasnaherbate.net/3060-home_default/assam-mokalbari-sf-black.webphttps://czasnaherbate.net/3075-small_medium/assam-mokalbari-sf-black.webp
;1;Assam Satrupa;;19.95;1;0;Assam Satrupa zaskakuje złożonym smakiem i aromatem. Rośnie w północno-wschodnim regionie Indii, słynącym z upraw jednych z najlepszych herbat czarnych. Klasyczne nuty z delikatnie przeplatającymi się słodowymi smakami, to idealne połączenie i uzupełnienie wyjątkowych śniadań. Smakuje również z mlekiem.;;1;https://czasnaherbate.net/2113-home_default/assam-satrupa-organic.webphttps://czasnaherbate.net/3104-home_default/assam-satrupa-organic.webphttps://czasnaherbate.net/3104-home_default/assam-satrupa-organic.webphttps://czasnaherbate.net/3104-home_default/assam-satrupa-organic.webphttps://czasnaherbate.net/3119-home_default/assam-satrupa-organic.webphttps://czasnaherbate.net/3104-home_default/assam-satrupa-organic.webphttps://czasnaherbate.net/2113-small_medium/assam-satrupa-organic.webphttps://czasnaherbate.net/3104-home_default/assam-satrupa-organic.webphttps://czasnaherbate.net/3104-small_medium/assam-satrupa-organic.webphttps://czasnaherbate.net/3104-home_default/assam-satrupa-organic.webphttps://czasnaherbate.net/3119-small_medium/assam-satrupa-organic.webp
Product ID;Active (0/1);Name *;Categories (x,y,z...);Price tax excluded;Tax rules ID;On sale (0/1);Summary;Description;Show price (0 = No, 1 = Yes);Image URLs (x,y,z...)
;1;DARJEELING LOTNICZY BALASUN FTGFOPI;HerbataKlasycznaHerbata CzarnaHerbaty Indyjskie Darjeeling;79.95;1;0;Darjeeling Lotniczy Balasun - nasza wyjątkowa propozycja.;"Miłośnicy herbaty z niecierpliwością wyczekiwali wiosny i pierwszych zbiorów świeżej herbaty. Darjeeling Lotniczy Balasun to wyjątkowa propozycja, która zachwyca bukietem aromatów i smaków.
W trakcie zbiorów zwraca się szczególną uwagę na listki, aby nie zostały uszkodzone. Zbierane są tylko dwa pierwsze listki, które otulają pączek. Darjeeling Lotniczy to propozycja wyselekcjonowanej herbaty czarnej, która w wyglądzie przypomina zieloną z uwagi na kolor listków.
Nasza propozycja Darjeelinga Lotniczego Balasun to herbata pochodząca z jednego z najbardziej znanych ogrodów założonych w 1871 roku niedaleko rzeki Balasun w rejonie miasta Kurseong. Plantacje rozpościerają się aż na 181 ha i położone są na wysokości od 365 do 1375 m n.p.m.
W nutach smakowych odnajdziemy delikatnie pikantny posmak gałki muszkatołowej. W bukiecie aromatów dominują świeże kwiaty. Listki zachwycają świeżym kolorem. Po zaparzeniu rozwijają się, ukazując cały kształt.
Napar ma piękną, bursztynową barwę.";1;https://czasnaherbate.net/2895-home_default/darjeeling-lotniczy-balasun-ftgfopi.webphttps://czasnaherbate.net/2895-home_default/darjeeling-lotniczy-balasun-ftgfopi.webphttps://czasnaherbate.net/2895-small_medium/darjeeling-lotniczy-balasun-ftgfopi.webp
;1;DARJEELING MIRIK VALLEY FIRST FLUSH;HerbataKlasycznaHerbata CzarnaCyber MondayHerbaty Indyjskie Darjeeling;29.95;1;0;Herbata z pierwszego zbioru w Dolinie Mirik.;Darjeeling Mirik Valley first flush to herbata zbierana w pierwszym okresie zbiorów w regionie Darjeeling. Pochodzi z ogrodów położonych w Dolinie Mirik, która znajduje się na wysokości od 980 do 2440 m n.p.m. Powierzchnia upraw zajmuje około 485 hektarów. Herbata została ręcznie zebrana, a do produkcji użyto wyselekcjonowanych listków już z rozwiniętych pączków. Uzyskany napar wyróżnia się złocistożółtą barwą. W smaku charakteryzuje się intensywnymi i wyrazistymi nutami o delikatnie pikantnym posmaku.;1;https://czasnaherbate.net/2499-home_default/darjeeling-mirik-valley-first-flush.webphttps://czasnaherbate.net/2499-home_default/darjeeling-mirik-valley-first-flush.webphttps://czasnaherbate.net/2499-small_medium/darjeeling-mirik-valley-first-flush.webp
;1;DARJEELING SECOND FLUSH;HerbataKlasycznaHerbata CzarnaHerbaty Indyjskie Darjeeling;27.95;1;0;Herbata indyjska Darjeeling z drugiego zbioru.;Darjeeling jest niewielkim regionem w Indiach (pomiędzy Nepalem i Bhutanem) położonym na wysokości ponad 2200 m n.p.m. o umiarkowanym klimacie, sprzyjającym rozwojowi turystyki. Plantacje gatunku Darjeeling dostarczają ok. 4-5% całej produkcji herbaty w Indiach. Ze względu na wysoką jakość upraw praktycznie cały zbiór jest przeznaczony na eksport. Dobrej jakości towarzyszą wysokie ceny osiągane przez ten gatunek herbaty na światowych rynkach. Drugi zbiór (Second Flush) Darjeeling trwa od początku maja do końca czerwca i towarzyszą mu często opady monsunowe, dzięki czemu krzewostan ulega szybkiemu rozrostowi dając obfite zbiory niewielkich liści. Herbata tego rodzaju cieszy się dużą popularnością i jest uznawana za produkt bardzo wysokiej jakości. Herbata Darjeeling SF jest wytwarzana z najmłodszych pędów, którym zawdzięcza delikatny napar o jasno-złotawym kolorze i lekki, odrobinę słodkawy smak.;1;https://czasnaherbate.net/2116-home_default/darjeeling-second-flush.webphttps://czasnaherbate.net/2116-home_default/darjeeling-second-flush.webphttps://czasnaherbate.net/2116-small_medium/darjeeling-second-flush.webp
Product ID;Active (0/1);Name *;Categories (x,y,z...);Price tax excluded;Tax rules ID;On sale (0/1);Summary;Description;Show price (0 = No, 1 = Yes);Image URLs (x,y,z...)
;1;CHINA GUNPOWDER;HerbataKlasycznaHerbata ZielonaHerbaty chińskie;13.45;1;0;Zielona herbata Gunpowder o gorzkim smaku.;Mianem Gunpowder (czyli proch strzelniczy) jest nazywana herbata o listkach zwiniętych do postaci herbacianych kulek małej średnicy, twardych w dotyku, o szaro-zielonym odcieniu. China Gunpowder pochodzi z chińskiej prowincji Anhwei gdzie jest produkowany podczas wyjątkowo krótkich zbiorów. W Chinach ten rodzaj herbaty nosi nazwę perłowej. Herbata zielona Gunpowder charakteryzuje się bardzo wyraźnym gorzkim smakiem i złocistą barwą naparu. Herbatę zieloną otrzymuje się poddając suszeniu liście niezwłocznie po zerwaniu ich z krzewu, tak aby nie dopuścić do rozpoczęcia procesu utleniania. Dzięki temu herbata zielona utrzymuje więcej składników o leczniczych właściwościach. Herbata zielona posiada bardzo ziołowy aromat oraz wyraźnie delikatniejszy smak niż pozostałe rodzaje herbat. Najbardziej popularne odmiany zielonej herbaty to: Sencha, Genmaicha oraz Gunpowder. Szczególną popularnością herbaty zielone cieszą się w Chinach oraz Japonii.;1;https://czasnaherbate.net/2133-home_default/china-gunpowder.webphttps://czasnaherbate.net/2133-home_default/china-gunpowder.webphttps://czasnaherbate.net/2133-small_medium/china-gunpowder.webp
Product ID;Active (0/1);Name *;Categories (x,y,z...);Price tax excluded;Tax rules ID;On sale (0/1);Summary;Description;Show price (0 = No, 1 = Yes);Image URLs (x,y,z...)
Product ID;Active (0/1);Name *;Categories (x,y,z...);Price tax excluded;Tax rules ID;On sale (0/1);Summary;Description;Show price (0 = No, 1 = Yes);Image URLs (x,y,z...)
;1;GOLDEN YUNNAN;HerbataKlasycznaHerbata CzarnaHerbaty chińskie YunnanHerbaty do restauracji;24.95;1;0;"Czarna herbata o dużej ilości złotych ""tipsów"".";"Herbata pochodzi z górskiej prowincji Yunnan położonej w Chinach przy granicy z Wietnamem, Birmą i Laosem, a rosnące w tym regionie krzewy herbaciane charakteryzują się szerokimi i mięsistymi liśćmi o połyskującej powierzchni. W prowincji spotyka się ok. 200 lokalnych gatunków herbat z których wiele jest uznawane za jedne z najszlachetniejszych rodzajów klasycznej herbaty na świecie. Golden Yunnan swoją nazwę zawdzięcza dużej ilości złotych ""tipsów"", dzięki którym uzyskiwany susz ma niespotykany złocisto-bursztynowy odcień. Uzyskany napar jest mocny i aromatyczny, a smak wytrawny doceniany przez smakoszy.";1;https://czasnaherbate.net/2165-home_default/golden-yunnan.webphttps://czasnaherbate.net/2165-home_default/golden-yunnan.webphttps://czasnaherbate.net/2165-small_medium/golden-yunnan.webp
;1;YUNNAN BLACK PREMIUM;HerbataKlasycznaHerbata CzarnaHerbaty w puszkach firmowychHerbaty chińskie YunnanHerbaty chińskie;19.45;1;0;Herbata czarna o mocnym aromacie.;Herbata ta pochodzi z górskiej prowincji Yunnan położonej w Chinach przy granicy z Wietnamem, Birmą i Laosem. Krzewy herbaciane charakteryzują się szerokimi i mięsistymi liśćmi o połyskującej powierzchni. W suszu wyraźnie widać jaśniejsze listki (tzw. tipsy). Napar charakteryzuje się brązowym kolorem, intensywnym, charakterystycznym zapachem i posmakiem. Jest to dość mocna, cierpka w smaku herbata.;1;https://czasnaherbate.net/33-home_default/yunnan-black-premium.webphttps://czasnaherbate.net/33-home_default/yunnan-black-premium.webphttps://czasnaherbate.net/3038-home_default/yunnan-black-premium.webphttps://czasnaherbate.net/33-home_default/yunnan-black-premium.webphttps://czasnaherbate.net/33-small_medium/yunnan-black-premium.webphttps://czasnaherbate.net/33-home_default/yunnan-black-premium.webphttps://czasnaherbate.net/3038-small_medium/yunnan-black-premium.webp
Product ID;Active (0/1);Name *;Categories (x,y,z...);Price tax excluded;Tax rules ID;On sale (0/1);Summary;Description;Show price (0 = No, 1 = Yes);Image URLs (x,y,z...)
;1;SENCHA BLACK;HerbataKlasycznaHerbata CzarnaHerbaty chińskie Zheijang;19.45;1;0;Herbata czarna o delikatnym smaku.;"Czarna herbata z chińskiej prowincji Zhejiang. Produkowana tak jak herbaty czarne, ale zwijana na sposób charakterystyczny dla zielonej Senchy. W smaku delikatna, jednak z lekko pikantną nutą.

Składniki: herbata czarna 100%

Kraj pochodzenia: Chiny";1;https://czasnaherbate.net/1719-home_default/sencha-black.webphttps://czasnaherbate.net/1719-home_default/sencha-black.webphttps://czasnaherbate.net/1719-small_medium/sencha-black.webp
Product ID;Active (0/1);Name *;Categories (x,y,z...);Price tax excluded;Tax rules ID;On sale (0/1);Summary;Description;Show price (0 = No, 1 = Yes);Image URLs (x,y,z...)
Product ID;Active (0/1);Name *;Categories (x,y,z...);Price tax excluded;Tax rules ID;On sale (0/1);Summary;Description;Show price (0 = No, 1 = Yes);Image URLs (x,y,z...)
;1;KOREA JEJU OP;HerbataKlasycznaHerbata ZielonaHerbaty koreańskie;31.95;1;0;Wspaniała zielona herbata o żółto-zielonym naparze.;Ta wspaniała zielona herbata uprawiana jest na plantacjach położonych na wyspie Jeju u wybrzeży Korei Południowej. Żółto-zielony napar o łagodnym słodkawym smaku i delikatnym kwiatowym aromacie jest godny polecenia na każdą, nawet najbardziej wyjątkową okazję. Wyspę Jeju Dodano do Listy Światowego Dziedzictwa UNESCO ze względu na wyjątkowe środowisko naturalne. Na tej wulkanicznej wyspie panują bardzo dobre warunki do produkcji zielonej herbaty - słońce, średni poziom deszczu oraz bogate i urodzajne gleby. Koreańscy producenci herbaty byli zachęcani do wybierania tej wulkanicznej ziemi, właśnie ze względu na dogodne warunki uprawy. Aktualnie 23% całkowitego zbioru koreańskich liści herbaty pochodzi z Jeju.;1;https://czasnaherbate.net/220-home_default/korea-jeju-op-organic.webphttps://czasnaherbate.net/220-home_default/korea-jeju-op-organic.webphttps://czasnaherbate.net/220-small_medium/korea-jeju-op-organic.webp
Product ID;Active (0/1);Name *;Categories (x,y,z...);Price tax excluded;Tax rules ID;On sale (0/1);Summary;Description;Show price (0 = No, 1 = Yes);Image URLs (x,y,z...)
;1;Japan Arashiyama;;30.45;1;0;Japan Bancha Arashiyama to jedna z najpopularniejszych zielonych herbat w Japonii. Pochodzi z tych samych krzewów herbacianych co Sencha, jednak zbiera się ją później - pod koniec sierpnia. Posiada żółtozielony napar o charakterystycznym bardzo przyjemnym i zdecydowanym smaku, gdzie słodkie akcenty kontrastują z subtelną goryczką.;;1;https://czasnaherbate.net/3105-home_default/japan-arashiyama.webphttps://czasnaherbate.net/3105-home_default/japan-arashiyama.webphttps://czasnaherbate.net/3124-home_default/japan-arashiyama.webphttps://czasnaherbate.net/3105-home_default/japan-arashiyama.webphttps://czasnaherbate.net/3105-small_medium/japan-arashiyama.webphttps://czasnaherbate.net/3105-home_default/japan-arashiyama.webphttps://czasnaherbate.net/3124-small_medium/japan-arashiyama.webp
;1;Japan Sencha Fukujyu;;61.9;1;0;Ta mocna zielona herbata pochodzi z regionu Shizuoka, który znajduje się na zboczach górskich Fudżi (Fujiyama). Zbierana jest mechanicznie jesienią, następnie łodygi i połamane liście usuwane są ręcznie. Napar ładnie się mieni, posiada jasnooliwkowy kolor. Smak wyraźny, idealny dla osób lubiących mocne, zielone napary.;;1;https://czasnaherbate.net/2127-home_default/japan-sencha-fukujyu.webphttps://czasnaherbate.net/3109-home_default/japan-sencha-fukujyu.webphttps://czasnaherbate.net/3109-home_default/japan-sencha-fukujyu.webphttps://czasnaherbate.net/3109-home_default/japan-sencha-fukujyu.webphttps://czasnaherbate.net/3125-home_default/japan-sencha-fukujyu.webphttps://czasnaherbate.net/3109-home_default/japan-sencha-fukujyu.webphttps://czasnaherbate.net/2127-small_medium/japan-sencha-fukujyu.webphttps://czasnaherbate.net/3109-home_default/japan-sencha-fukujyu.webphttps://czasnaherbate.net/3109-small_medium/japan-sencha-fukujyu.webphttps://czasnaherbate.net/3109-home_default/japan-sencha-fukujyu.webphttps://czasnaherbate.net/3125-small_medium/japan-sencha-fukujyu.webp
;1;Japan Sencha Gyokuro Asahi;;52.45;1;0;"Japońska zielona herbata, która uznawana jest za jedną z najlepszych na świecie. Jej nazwę tłumaczy się jako ""Szlachetna kropla rosy"". Ogrody specjalizujące się w uprawie tej odmiany usytuowane są na terenach górskich, gdzie sprzyjający klimat i warunki atmosferyczne pozwalają krzewom dojrzeć i rozwinąć się, dając bogactwo smaków i aromatów.";;1;https://czasnaherbate.net/2991-home_default/japan-sencha-gyokuro-asahi.webphttps://czasnaherbate.net/2991-home_default/japan-sencha-gyokuro-asahi.webphttps://czasnaherbate.net/2992-home_default/japan-sencha-gyokuro-asahi.webphttps://czasnaherbate.net/2991-home_default/japan-sencha-gyokuro-asahi.webphttps://czasnaherbate.net/2991-small_medium/japan-sencha-gyokuro-asahi.webphttps://czasnaherbate.net/2991-home_default/japan-sencha-gyokuro-asahi.webphttps://czasnaherbate.net/2992-small_medium/japan-sencha-gyokuro-asahi.webp
;1;Japan Sencha Kagoshima;;29.95;1;0;Zielona herbata pochodząca z regionu Japonii, w którym gleba jest szczególnie bogata w minerały. Zbierane są tylko najwyższe listki oraz pączki, które są parzone, gniecione, suszone, selekcjonowane i podpiekane. Jest rozpoznawalna po łagodności, delikatności, słodkości jak również po kwiatowym aromacie. Nazywana również Sencha Satsuma.;;1;https://czasnaherbate.net/185-home_default/japan-sencha-kagoshima.webphttps://czasnaherbate.net/3110-home_default/japan-sencha-kagoshima.webphttps://czasnaherbate.net/3110-home_default/japan-sencha-kagoshima.webphttps://czasnaherbate.net/3110-home_default/japan-sencha-kagoshima.webphttps://czasnaherbate.net/3126-home_default/japan-sencha-kagoshima.webphttps://czasnaherbate.net/3110-home_default/japan-sencha-kagoshima.webphttps://czasnaherbate.net/185-small_medium/japan-sencha-kagoshima.webphttps://czasnaherbate.net/3110-home_default/japan-sencha-kagoshima.webphttps://czasnaherbate.net/3110-small_medium/japan-sencha-kagoshima.webphttps://czasnaherbate.net/3110-home_default/japan-sencha-kagoshima.webphttps://czasnaherbate.net/3126-small_medium/japan-sencha-kagoshima.webp
Product ID;Active (0/1);Name *;Categories (x,y,z...);Price tax excluded;Tax rules ID;On sale (0/1);Summary;Description;Show price (0 = No, 1 = Yes);Image URLs (x,y,z...)
;1;GRUZIŃSKA BOP;HerbataKlasycznaHerbata CzarnaHerbaty gruzińskie;13.45;1;0;Herbata pochodząca z górskich zboczy Kaukazu.;Herbata pochodząca z górskich zboczy Kaukazu. Intensywna, a zarazem lekko słodka w smaku, rozgrzewająca i pobudzająca.;1;https://czasnaherbate.net/2118-home_default/gruzinska.webphttps://czasnaherbate.net/2118-home_default/gruzinska.webphttps://czasnaherbate.net/2118-small_medium/gruzinska.webp
Product ID;Active (0/1);Name *;Categories (x,y,z...);Price tax excluded;Tax rules ID;On sale (0/1);Summary;Description;Show price (0 = No, 1 = Yes);Image URLs (x,y,z...)
;1;KENYA TINDERET GFOP;HerbataKlasycznaHerbata CzarnaHerbaty kenijskie;23.95;1;0;Doskonała czarna kenijska herbata.;Herbata Kenya Tinderet posiada pikantny i bogaty charakter z wyczuwalną nutą cytryny. Doskonałe kenijskie liście przypominają nieco herbaty Assam, przede wszystkim te lekkie, wyższej jakości. Herbata Tinderet uprawiana jest na wysokości od 1500 do 2000 m n. p.m.;1;https://czasnaherbate.net/2121-home_default/kenya-tinderet-gfop.webphttps://czasnaherbate.net/2121-home_default/kenya-tinderet-gfop.webphttps://czasnaherbate.net/2121-small_medium/kenya-tinderet-gfop.webp
Product ID;Active (0/1);Name *;Categories (x,y,z...);Price tax excluded;Tax rules ID;On sale (0/1);Summary;Description;Show price (0 = No, 1 = Yes);Image URLs (x,y,z...)
;1;TURECKA BOP;HerbataKlasycznaHerbata CzarnaHerbaty tureckie;16.45;1;0;Herbata czarna z rejonu Morza Czarnego.;"Czarna herbata pochodząca z rejonu Morza Czarnego. Jej drobne, połamane listki szybko dają napar o unikalnym kolorze, smaku i słodowym aromacie.

Składniki: herbata czarna 100%

Kraj pochodzenia: Turcja";1;https://czasnaherbate.net/2124-home_default/turecka-bop.webphttps://czasnaherbate.net/2124-home_default/turecka-bop.webphttps://czasnaherbate.net/2124-small_medium/turecka-bop.webp
Product ID;Active (0/1);Name *;Categories (x,y,z...);Price tax excluded;Tax rules ID;On sale (0/1);Summary;Description;Show price (0 = No, 1 = Yes);Image URLs (x,y,z...)
;1;NEPAL MALOOM FTGFOPI;HerbataKlasycznaHerbata CzarnaHerbaty nepalskie;24.45;1;0;Najwyższej jakości czarna herbata z Nepalu.;Ta wyjątkowa herbata uprawiana jest na plantacjach zlokalizowanych w wysokich partiach gór. Tamtejsze warunki atmosferyczne, niska temperatura powietrza, duża ilość słońca i niższe ciśnienie wpływają na smak i aromat. Napar ma jasną, delikatną barwę, charakterem przypomina herbatę Darjeeling z nutą kwiatowego posmaku. Produkt ten uznaje się za najwyższej jakości. Na jego susz składają się tylko najmłodsze części krzewów herbaty, a więc pączki oraz jeden najmłodszy, już rozwinięty listek. Nepal Maloom to wspaniała alternatywa dla lubiących wysublimowany smak herbaty.;1;https://czasnaherbate.net/2122-home_default/nepal-maloom-ftgfopi.webphttps://czasnaherbate.net/2122-home_default/nepal-maloom-ftgfopi.webphttps://czasnaherbate.net/2122-small_medium/nepal-maloom-ftgfopi.webp
Product ID;Active (0/1);Name *;Categories (x,y,z...);Price tax excluded;Tax rules ID;On sale (0/1);Summary;Description;Show price (0 = No, 1 = Yes);Image URLs (x,y,z...)
;1;ROOIBOS KWIAT AFRYKI;HerbataKompozycjeRooibos kompozycjeHerbaty RPA;14.95;1;0;Rooibos z dodatkiem jabłka, płatków róży oraz nagietka.;Drogocenne połączenie czerwonokrzewu afrykańskiego z łagodnym jabłkiem, aromatycznymi płatkami róży i słonecznika. Ze względu na delikatny smak naparu, a także brak zawartości teiny, Rooibos polecany jest dzieciom, kobietom w ciąży (zapobiega mdłościom!) czy w czasie karmienia piersią oraz osobom starszym, gdyż nie ma właściwości pobudzających i drażniących. Doskonały do spożywania bezpośrednio przed snem, wycisza i ułatwia zasypianie.;1;https://czasnaherbate.net/502-home_default/rooibos-kwiat-afryki.webphttps://czasnaherbate.net/502-home_default/rooibos-kwiat-afryki.webphttps://czasnaherbate.net/502-small_medium/rooibos-kwiat-afryki.webp
;1;ROOIBOS ZACHÓD SŁOŃCA;HerbataKompozycjeRooibos kompozycjeHerbaty urodzinoweHerbaty RPA;14.95;1;0;Rooibos z dodatkiem kawałków pomarańczy oraz płatków nagietka.;Kompozycja przygotowana na bazie Rooibosa z dodatkiem płatków słonecznika oraz skórki pomarańczowej.;1;https://czasnaherbate.net/498-home_default/rooibos-zachod-slonca.webphttps://czasnaherbate.net/498-home_default/rooibos-zachod-slonca.webphttps://czasnaherbate.net/498-small_medium/rooibos-zachod-slonca.webp
Product ID;Active (0/1);Name *;Categories (x,y,z...);Price tax excluded;Tax rules ID;On sale (0/1);Summary;Description;Show price (0 = No, 1 = Yes);Image URLs (x,y,z...)
;1;EARL GREY MADAM GREY;HerbataKompozycjeHerbata Czarna z dodatkamiHerbata Earl GreyHerbaty w puszkach firmowychPromocja urodzinowaHerbata wietnamska;18.95;1;0;Herbata Earl Grey z dodatkiem kawałków pomarańczy.;Interesujące zestawienie klasycznej herbaty Earl Grey z kawałkami ożywczej pomarańczy. Kompozycję stworzono na bazie dwóch czarnych herbat: wietnamskiej oraz cejlońskiej. Dzięki cząsteczkom cytrusa herbata posiada niesamowicie egzotyczną i orzeźwiającą nutę, jednocześnie nie tracąc swojego wykwintnego charakteru. To doskonała propozycja uzupełniająca każde spotkanie towarzyskie. Herbata Earl Grey swój niepowtarzalny smak i aromat zawdzięcza olejkowi z bergamotki. Nazwę bergamotka wprowadzili Turcy określając tym mianem uprawiany w strefie śródziemnomorskiej owoc Książęcej Gruszki zbliżony kształtem do owoców cytrusowych, posiadający grubą, mięsistą skórkę. Właśnie z tej skóry tłoczony jest aromatyczny olejek dodawany między innymi do herbat typu Earl Grey.;1;https://czasnaherbate.net/129-home_default/earl-grey-lady-grey.webphttps://czasnaherbate.net/129-home_default/earl-grey-lady-grey.webphttps://czasnaherbate.net/3035-home_default/earl-grey-lady-grey.webphttps://czasnaherbate.net/129-home_default/earl-grey-lady-grey.webphttps://czasnaherbate.net/129-small_medium/earl-grey-lady-grey.webphttps://czasnaherbate.net/129-home_default/earl-grey-lady-grey.webphttps://czasnaherbate.net/3035-small_medium/earl-grey-lady-grey.webp
;1;LAZY DAY;Strona głównaHerbataKompozycjeHerbata Czarna z dodatkamiHerbaty w puszkach firmowychHerbata wietnamska;15.95;1;0;Czarna herbata z dodatkiem papai, pomarańczy oraz maliny.;"Czarna herbata z dodatkiem egzotycznej papai oraz orzeźwiającej pomarańczy, dopełniona liśćmi malin. Napar po zaparzeniu ma piękną, bursztynową barwę.
W smaku możemy wyczuć słodycz papai. Całość kompozycji jest niezwykle aromatyczna. W zapachu odnajdziemy nuty maliny.

Składniki: herbata czarna OP, papaja kandyzowana (papaja, cukier), pomarańcza crunch (koncentrat soku pomarańczowego, cząstki pomarańczy), malina liść, bławatek, aromat.

Wartość odżywcza w 100g: wartość energetyczna 176,0 kJ / 42,0 kcal, tłuszcze 0,0 g, węglowodany 9,1g (w tym cukry 7,7 g), błonnik 0,9g, białko 0,0 g, sól 0,0g, sód 0,0g.

Kraj pochodzenia: Wietnam";1;https://czasnaherbate.net/2641-home_default/lazy-day.webphttps://czasnaherbate.net/2641-home_default/lazy-day.webphttps://czasnaherbate.net/3034-home_default/lazy-day.webphttps://czasnaherbate.net/2641-home_default/lazy-day.webphttps://czasnaherbate.net/2641-small_medium/lazy-day.webphttps://czasnaherbate.net/2641-home_default/lazy-day.webphttps://czasnaherbate.net/3034-small_medium/lazy-day.webp
Product ID;Active (0/1);Name *;Categories (x,y,z...);Price tax excluded;Tax rules ID;On sale (0/1);Summary;Description;Show price (0 = No, 1 = Yes);Image URLs (x,y,z...)
;1;POZIOMKOWA ETIUDA;HerbataKompozycjeHerbata OwocowaHerbata z hibiskusemHerbaty z Egiptu;22.45;1;0;Owocowa kompozycja z hibiskusem, owocami i liśćmi poziomki oraz...;Doskonała kompozycja składająca się z owoców i liści poziomki oraz delikatnych jabłek, które obudzą w nas wspomnienia z dzieciństwa. Lekko kwaśny smak skórki dzikiej róży oraz hibiskusa harmonizuje z cudownie słodkimi rodzynkami. Wyśmienicie smakuje o każdej porze dnia i nocy (ze względu na brak teiny), a także w okresie obniżonej odporności ze względu na wysoką zawartość witaminy C;1;https://czasnaherbate.net/418-home_default/poziomkowa-etiuda.webphttps://czasnaherbate.net/418-home_default/poziomkowa-etiuda.webphttps://czasnaherbate.net/418-small_medium/poziomkowa-etiuda.webp
Product ID;Active (0/1);Name *;Categories (x,y,z...);Price tax excluded;Tax rules ID;On sale (0/1);Summary;Description;Show price (0 = No, 1 = Yes);Image URLs (x,y,z...)
Product ID;Active (0/1);Name *;Categories (x,y,z...);Price tax excluded;Tax rules ID;On sale (0/1);Summary;Description;Show price (0 = No, 1 = Yes);Image URLs (x,y,z...)
;1;FILTR PAPIEROWY DO DRIPPERA;Akcesoria do kawyFiltry papierowe;33.9;1;0;Filtr papierowy 100szt. do drippera;"100 sztuk filtrów Hario, przeznaczonych dla stożkowatych dripperów do kawy. 

Drip Hario zaparza wspaniałą kawę, ale tylko gdy używasz odpowiedniego filtra. Jest to najbardziej standardowa wersja filtrów, charakteryzująca się bardzo dobrym przepływem wody.

Rozmiar: do Hario V60-02

Symbol: VCF-02-100W";1;https://czasnaherbate.net/6364-home_default/filtr-papierowy-do-drippera.webphttps://czasnaherbate.net/6364-home_default/filtr-papierowy-do-drippera.webphttps://czasnaherbate.net/6365-home_default/filtr-papierowy-do-drippera.webphttps://czasnaherbate.net/6364-home_default/filtr-papierowy-do-drippera.webphttps://czasnaherbate.net/6364-small_medium/filtr-papierowy-do-drippera.webphttps://czasnaherbate.net/6364-home_default/filtr-papierowy-do-drippera.webphttps://czasnaherbate.net/6365-small_medium/filtr-papierowy-do-drippera.webphttps://czasnaherbate.net/6364-home_default/filtr-papierowy-do-drippera.webphttps://czasnaherbate.net/6364-small_medium/filtr-papierowy-do-drippera.webphttps://czasnaherbate.net/6364-home_default/filtr-papierowy-do-drippera.webphttps://czasnaherbate.net/6365-small_medium/filtr-papierowy-do-drippera.webp
;1;FILTRY PAPIEROWE DO DRIPPERA;Akcesoria do kawyFiltry papierowe;17.9;1;0;Filtr papierowy 40szt. do drippera V60-02 Hario;;1;https://czasnaherbate.net/1558-home_default/filtry.webphttps://czasnaherbate.net/1558-home_default/filtry.webphttps://czasnaherbate.net/1558-small_medium/filtry.webphttps://czasnaherbate.net/1558-home_default/filtry.webphttps://czasnaherbate.net/1558-small_medium/filtry.webp
;1;FILTRY PAPIEROWE MOCCAMASTER NO.1;Akcesoria do kawyFiltry papierowe;25.9;1;0;Filtry papierowe Moccamaster No.1 80szt;- opakowanie 80 szt papierowych filtrów;1;https://czasnaherbate.net/4094-home_default/filtry-papierowe-moccamaster-no1-80szt.webphttps://czasnaherbate.net/4094-home_default/filtry-papierowe-moccamaster-no1-80szt.webphttps://czasnaherbate.net/4094-small_medium/filtry-papierowe-moccamaster-no1-80szt.webphttps://czasnaherbate.net/4094-home_default/filtry-papierowe-moccamaster-no1-80szt.webphttps://czasnaherbate.net/4094-small_medium/filtry-papierowe-moccamaster-no1-80szt.webp
;1;FILTRY PAPIEROWE MOCCAMASTER NO.4;Akcesoria do kawyFiltry papierowe;26.9;1;0;Filtry papierowe No.4 Moccamaster 100 szt;- opakowanie 100 szt papierowych filtrów;1;https://czasnaherbate.net/4096-home_default/filtry-papierowe-no4-moccamaster-.webphttps://czasnaherbate.net/4096-home_default/filtry-papierowe-no4-moccamaster-.webphttps://czasnaherbate.net/4096-small_medium/filtry-papierowe-no4-moccamaster-.webphttps://czasnaherbate.net/4096-home_default/filtry-papierowe-no4-moccamaster-.webphttps://czasnaherbate.net/4096-small_medium/filtry-papierowe-no4-moccamaster-.webp
Product ID;Active (0/1);Name *;Categories (x,y,z...);Price tax excluded;Tax rules ID;On sale (0/1);Summary;Description;Show price (0 = No, 1 = Yes);Image URLs (x,y,z...)
;1;FRENCH PRESS ZAPARZACZ CIŚNIENIOWY;Akcesoria do kawyFrench Press;55.9;1;0;Nowoczesny zaparzacz 1l;French press jest niezwykle praktyczną zaparzarką tłokową w której można przygotować zarówno kawę jak i herbatę czy zioła. Dodatkowo french press może służyć do spieniania mleka. Należy po prostu wlać uprzednio podgrzane mleko do naczynia a następnie kilkanaście razy ruszyć tłokiem. Aby smak kawy był idealny, woda zawsze powinna być czysta i pierwszy raz gotowana, Kawa powinna być świeża i tuż po zmieleniu.;1;https://czasnaherbate.net/6384-home_default/french-press-.webphttps://czasnaherbate.net/6384-home_default/french-press-.webphttps://czasnaherbate.net/6383-home_default/french-press-.webphttps://czasnaherbate.net/6384-home_default/french-press-.webphttps://czasnaherbate.net/6384-small_medium/french-press-.webphttps://czasnaherbate.net/6384-home_default/french-press-.webphttps://czasnaherbate.net/6383-small_medium/french-press-.webphttps://czasnaherbate.net/6384-home_default/french-press-.webphttps://czasnaherbate.net/6384-small_medium/french-press-.webphttps://czasnaherbate.net/6384-home_default/french-press-.webphttps://czasnaherbate.net/6383-small_medium/french-press-.webp
;1;FRENCH PRESS ZAPARZACZ GRAFIT CIŚNIENIOWY;Akcesoria do kawyFrench Press;86.9;1;0;Nowoczesny zaparzacz grafit 1l;French press jest niezwykle praktyczną zaparzarką tłokową w której można przygotować zarówno kawę jak i herbatę czy zioła. Dodatkowo french press może służyć do spieniania mleka. Należy po prostu wlać uprzednio podgrzane mleko do naczynia a następnie kilkanaście razy ruszyć tłokiem. Aby smak kawy był idealny, woda zawsze powinna być czysta i pierwszy raz gotowana, Kawa powinna być świeża i tuż po zmieleniu.;1;https://czasnaherbate.net/6379-home_default/french-press-zaparzacz-grafit-cisnieniowy.webphttps://czasnaherbate.net/6379-home_default/french-press-zaparzacz-grafit-cisnieniowy.webphttps://czasnaherbate.net/6380-home_default/french-press-zaparzacz-grafit-cisnieniowy.webphttps://czasnaherbate.net/6379-home_default/french-press-zaparzacz-grafit-cisnieniowy.webphttps://czasnaherbate.net/6379-small_medium/french-press-zaparzacz-grafit-cisnieniowy.webphttps://czasnaherbate.net/6379-home_default/french-press-zaparzacz-grafit-cisnieniowy.webphttps://czasnaherbate.net/6380-small_medium/french-press-zaparzacz-grafit-cisnieniowy.webphttps://czasnaherbate.net/6379-home_default/french-press-zaparzacz-grafit-cisnieniowy.webphttps://czasnaherbate.net/6379-small_medium/french-press-zaparzacz-grafit-cisnieniowy.webphttps://czasnaherbate.net/6379-home_default/french-press-zaparzacz-grafit-cisnieniowy.webphttps://czasnaherbate.net/6380-small_medium/french-press-zaparzacz-grafit-cisnieniowy.webp
;1;FRENCH PRESS ZAPARZACZ SREBRNY CIŚNIENIOWY;Akcesoria do kawyFrench Press;79.9;1;0;Nowoczesny zaparzacz srebrny 1l;French press jest niezwykle praktyczną zaparzarką tłokową w której można przygotować zarówno kawę jak i herbatę czy zioła. Dodatkowo french press może służyć do spieniania mleka. Należy po prostu wlać uprzednio podgrzane mleko do naczynia a następnie kilkanaście razy ruszyć tłokiem. Aby smak kawy był idealny, woda zawsze powinna być czysta i pierwszy raz gotowana, Kawa powinna być świeża i tuż po zmieleniu.;1;https://czasnaherbate.net/6373-home_default/french-press-zaparzacz-srebrny-cisnieniowy.webphttps://czasnaherbate.net/6373-home_default/french-press-zaparzacz-srebrny-cisnieniowy.webphttps://czasnaherbate.net/6374-home_default/french-press-zaparzacz-srebrny-cisnieniowy.webphttps://czasnaherbate.net/6373-home_default/french-press-zaparzacz-srebrny-cisnieniowy.webphttps://czasnaherbate.net/6375-home_default/french-press-zaparzacz-srebrny-cisnieniowy.webphttps://czasnaherbate.net/6373-home_default/french-press-zaparzacz-srebrny-cisnieniowy.webphttps://czasnaherbate.net/6373-small_medium/french-press-zaparzacz-srebrny-cisnieniowy.webphttps://czasnaherbate.net/6373-home_default/french-press-zaparzacz-srebrny-cisnieniowy.webphttps://czasnaherbate.net/6374-small_medium/french-press-zaparzacz-srebrny-cisnieniowy.webphttps://czasnaherbate.net/6373-home_default/french-press-zaparzacz-srebrny-cisnieniowy.webphttps://czasnaherbate.net/6375-small_medium/french-press-zaparzacz-srebrny-cisnieniowy.webphttps://czasnaherbate.net/6373-home_default/french-press-zaparzacz-srebrny-cisnieniowy.webphttps://czasnaherbate.net/6373-small_medium/french-press-zaparzacz-srebrny-cisnieniowy.webphttps://czasnaherbate.net/6373-home_default/french-press-zaparzacz-srebrny-cisnieniowy.webphttps://czasnaherbate.net/6374-small_medium/french-press-zaparzacz-srebrny-cisnieniowy.webphttps://czasnaherbate.net/6373-home_default/french-press-zaparzacz-srebrny-cisnieniowy.webphttps://czasnaherbate.net/6375-small_medium/french-press-zaparzacz-srebrny-cisnieniowy.webp
;1;FRENCH PRESS ZAPARZACZ ZŁOTY CIŚNIENIOWY;Akcesoria do kawyFrench Press;86.9;1;0;Nowoczesny zaparzacz złoty 1l;French press jest niezwykle praktyczną zaparzarką tłokową w której można przygotować zarówno kawę jak i herbatę czy zioła. Dodatkowo french press może służyć do spieniania mleka. Należy po prostu wlać uprzednio podgrzane mleko do naczynia a następnie kilkanaście razy ruszyć tłokiem. Aby smak kawy był idealny, woda zawsze powinna być czysta i pierwszy raz gotowana, Kawa powinna być świeża i tuż po zmieleniu.;1;https://czasnaherbate.net/6367-home_default/french-press-zaparzacz-zloty-cisnieniowy-.webphttps://czasnaherbate.net/6367-home_default/french-press-zaparzacz-zloty-cisnieniowy-.webphttps://czasnaherbate.net/6368-home_default/french-press-zaparzacz-zloty-cisnieniowy-.webphttps://czasnaherbate.net/6367-home_default/french-press-zaparzacz-zloty-cisnieniowy-.webphttps://czasnaherbate.net/6369-home_default/french-press-zaparzacz-zloty-cisnieniowy-.webphttps://czasnaherbate.net/6367-home_default/french-press-zaparzacz-zloty-cisnieniowy-.webphttps://czasnaherbate.net/6367-small_medium/french-press-zaparzacz-zloty-cisnieniowy-.webphttps://czasnaherbate.net/6367-home_default/french-press-zaparzacz-zloty-cisnieniowy-.webphttps://czasnaherbate.net/6368-small_medium/french-press-zaparzacz-zloty-cisnieniowy-.webphttps://czasnaherbate.net/6367-home_default/french-press-zaparzacz-zloty-cisnieniowy-.webphttps://czasnaherbate.net/6369-small_medium/french-press-zaparzacz-zloty-cisnieniowy-.webphttps://czasnaherbate.net/6367-home_default/french-press-zaparzacz-zloty-cisnieniowy-.webphttps://czasnaherbate.net/6367-small_medium/french-press-zaparzacz-zloty-cisnieniowy-.webphttps://czasnaherbate.net/6367-home_default/french-press-zaparzacz-zloty-cisnieniowy-.webphttps://czasnaherbate.net/6368-small_medium/french-press-zaparzacz-zloty-cisnieniowy-.webphttps://czasnaherbate.net/6367-home_default/french-press-zaparzacz-zloty-cisnieniowy-.webphttps://czasnaherbate.net/6369-small_medium/french-press-zaparzacz-zloty-cisnieniowy-.webp
Product ID;Active (0/1);Name *;Categories (x,y,z...);Price tax excluded;Tax rules ID;On sale (0/1);Summary;Description;Show price (0 = No, 1 = Yes);Image URLs (x,y,z...)
;1;KAFETERKA 6 VENUS;Akcesoria do kawyCyber MondayKawiarki;263.9;1;0;Kawiarka Venus ze stali nierdzewnej o pojemności 6 espresso.;Kawiarka Venus ze stali nierdzewnej o pojemności 6 espresso.;1;https://czasnaherbate.net/2984-home_default/kafeterka-6-venus.webphttps://czasnaherbate.net/2984-home_default/kafeterka-6-venus.webphttps://czasnaherbate.net/2984-small_medium/kafeterka-6-venus.webphttps://czasnaherbate.net/2984-home_default/kafeterka-6-venus.webphttps://czasnaherbate.net/2984-small_medium/kafeterka-6-venus.webp
;1;KAFETERKA VENUS 4TZ MIEDZIANA;Akcesoria do kawyCyber MondayKawiarki;268.9;1;0;Kawiarka Venus ze stali nierdzewnej o pojemności 4 espresso.;Kawiarka Venus ze stali nierdzewnej w kolorze miedzianym o pojemności 4 espresso.;1;https://czasnaherbate.net/2593-home_default/kafeterka-venus-4tz-miedziana.webphttps://czasnaherbate.net/2593-home_default/kafeterka-venus-4tz-miedziana.webphttps://czasnaherbate.net/2593-small_medium/kafeterka-venus-4tz-miedziana.webphttps://czasnaherbate.net/2593-home_default/kafeterka-venus-4tz-miedziana.webphttps://czasnaherbate.net/2593-small_medium/kafeterka-venus-4tz-miedziana.webp
Product ID;Active (0/1);Name *;Categories (x,y,z...);Price tax excluded;Tax rules ID;On sale (0/1);Summary;Description;Show price (0 = No, 1 = Yes);Image URLs (x,y,z...)
;1;SZKLANKA AMO LATTE;KubkiAkcesoria do kawyPozostałeSzklanki;45.9;1;0;Szklanka do latte z podwójnymi ściankami 320ml.;Szklanka do latte z podwójnymi ściankami 320ml.;1;https://czasnaherbate.net/1568-home_default/szklanka-amo-latte.webphttps://czasnaherbate.net/1568-home_default/szklanka-amo-latte.webphttps://czasnaherbate.net/1568-small_medium/szklanka-amo-latte.webphttps://czasnaherbate.net/1568-home_default/szklanka-amo-latte.webphttps://czasnaherbate.net/1568-small_medium/szklanka-amo-latte.webp
;1;SZKLANKI LOOK MUG;Akcesoria do kawyFiliżankiSzklanki;49.9;1;0;Szklanki Look Mug 2x250ml;;1;https://czasnaherbate.net/4104-home_default/szklanki-look-mug.webphttps://czasnaherbate.net/4104-home_default/szklanki-look-mug.webphttps://czasnaherbate.net/4105-home_default/szklanki-look-mug.webphttps://czasnaherbate.net/4104-home_default/szklanki-look-mug.webphttps://czasnaherbate.net/4106-home_default/szklanki-look-mug.webphttps://czasnaherbate.net/4104-home_default/szklanki-look-mug.webphttps://czasnaherbate.net/4104-small_medium/szklanki-look-mug.webphttps://czasnaherbate.net/4104-home_default/szklanki-look-mug.webphttps://czasnaherbate.net/4105-small_medium/szklanki-look-mug.webphttps://czasnaherbate.net/4104-home_default/szklanki-look-mug.webphttps://czasnaherbate.net/4106-small_medium/szklanki-look-mug.webphttps://czasnaherbate.net/4104-home_default/szklanki-look-mug.webphttps://czasnaherbate.net/4104-small_medium/szklanki-look-mug.webphttps://czasnaherbate.net/4104-home_default/szklanki-look-mug.webphttps://czasnaherbate.net/4105-small_medium/szklanki-look-mug.webphttps://czasnaherbate.net/4104-home_default/szklanki-look-mug.webphttps://czasnaherbate.net/4106-small_medium/szklanki-look-mug.webp
;1;SZKLANKI RÓŻOWE UCHO;AkcesoriaFiliżankiSzklanki;39.9;1;0;Szklanki różowe ucho 2x400ml;Zestaw dwóch szklanek Vialli Design to doskonałe połączenie praktyczności i nowoczesnego stylu. Szklanki wprowadzają kolor do kuchni dzięki żywym uchom, dostępnym w pięciu modnych odcieniach, w tym w radosnym różowym.;1;https://czasnaherbate.net/6244-home_default/szklanki-szklane-rozowe-ucho.webphttps://czasnaherbate.net/6244-home_default/szklanki-szklane-rozowe-ucho.webphttps://czasnaherbate.net/6245-home_default/szklanki-szklane-rozowe-ucho.webphttps://czasnaherbate.net/6244-home_default/szklanki-szklane-rozowe-ucho.webphttps://czasnaherbate.net/6246-home_default/szklanki-szklane-rozowe-ucho.webphttps://czasnaherbate.net/6244-home_default/szklanki-szklane-rozowe-ucho.webphttps://czasnaherbate.net/6244-small_medium/szklanki-szklane-rozowe-ucho.webphttps://czasnaherbate.net/6244-home_default/szklanki-szklane-rozowe-ucho.webphttps://czasnaherbate.net/6245-small_medium/szklanki-szklane-rozowe-ucho.webphttps://czasnaherbate.net/6244-home_default/szklanki-szklane-rozowe-ucho.webphttps://czasnaherbate.net/6246-small_medium/szklanki-szklane-rozowe-ucho.webphttps://czasnaherbate.net/6244-home_default/szklanki-szklane-rozowe-ucho.webphttps://czasnaherbate.net/6244-small_medium/szklanki-szklane-rozowe-ucho.webphttps://czasnaherbate.net/6244-home_default/szklanki-szklane-rozowe-ucho.webphttps://czasnaherbate.net/6245-small_medium/szklanki-szklane-rozowe-ucho.webphttps://czasnaherbate.net/6244-home_default/szklanki-szklane-rozowe-ucho.webphttps://czasnaherbate.net/6246-small_medium/szklanki-szklane-rozowe-ucho.webp
;1;SZKLANKI TULIP RÓŻOWE UCHO;AkcesoriaFiliżankiSzklanki;39.9;1;0;Szklanki różowe ucho 2x350ml;Zestaw dwóch szklanek Vialli Design to doskonałe połączenie praktyczności i nowoczesnego stylu. Szklanki z kolekcji Tulip wprowadzają kolor do kuchni dzięki żywym uchom, dostępnym w pięciu modnych odcieniach, w tym w radosnym różowym.;1;https://czasnaherbate.net/6233-home_default/szklanki-rozowe-ucho.webphttps://czasnaherbate.net/6233-home_default/szklanki-rozowe-ucho.webphttps://czasnaherbate.net/6234-home_default/szklanki-rozowe-ucho.webphttps://czasnaherbate.net/6233-home_default/szklanki-rozowe-ucho.webphttps://czasnaherbate.net/6232-home_default/szklanki-rozowe-ucho.webphttps://czasnaherbate.net/6233-home_default/szklanki-rozowe-ucho.webphttps://czasnaherbate.net/6233-small_medium/szklanki-rozowe-ucho.webphttps://czasnaherbate.net/6233-home_default/szklanki-rozowe-ucho.webphttps://czasnaherbate.net/6234-small_medium/szklanki-rozowe-ucho.webphttps://czasnaherbate.net/6233-home_default/szklanki-rozowe-ucho.webphttps://czasnaherbate.net/6232-small_medium/szklanki-rozowe-ucho.webphttps://czasnaherbate.net/6233-home_default/szklanki-rozowe-ucho.webphttps://czasnaherbate.net/6233-small_medium/szklanki-rozowe-ucho.webphttps://czasnaherbate.net/6233-home_default/szklanki-rozowe-ucho.webphttps://czasnaherbate.net/6234-small_medium/szklanki-rozowe-ucho.webphttps://czasnaherbate.net/6233-home_default/szklanki-rozowe-ucho.webphttps://czasnaherbate.net/6232-small_medium/szklanki-rozowe-ucho.webp
Product ID;Active (0/1);Name *;Categories (x,y,z...);Price tax excluded;Tax rules ID;On sale (0/1);Summary;Description;Show price (0 = No, 1 = Yes);Image URLs (x,y,z...)
;1;KUBEK BLACK ROSE;KubkiKubki z zaparzaczem;48.9;1;0;Kubek z zaparzaczem i przykrywką Black Rose 420ml;;1;https://czasnaherbate.net/3158-home_default/kubek-blue-flowers.webphttps://czasnaherbate.net/3158-home_default/kubek-blue-flowers.webphttps://czasnaherbate.net/3159-home_default/kubek-blue-flowers.webphttps://czasnaherbate.net/3158-home_default/kubek-blue-flowers.webphttps://czasnaherbate.net/3158-small_medium/kubek-blue-flowers.webphttps://czasnaherbate.net/3158-home_default/kubek-blue-flowers.webphttps://czasnaherbate.net/3159-small_medium/kubek-blue-flowers.webphttps://czasnaherbate.net/3158-home_default/kubek-blue-flowers.webphttps://czasnaherbate.net/3158-small_medium/kubek-blue-flowers.webphttps://czasnaherbate.net/3158-home_default/kubek-blue-flowers.webphttps://czasnaherbate.net/3159-small_medium/kubek-blue-flowers.webp
;1;KUBEK BLUE BUTTERFLY;KubkiKubki z zaparzaczem;50.9;1;0;Kubek ceramiczny z sitkiem i pokrywką 300ml.;;1;https://czasnaherbate.net/1480-home_default/kubek-blue-butterfly.webphttps://czasnaherbate.net/1480-home_default/kubek-blue-butterfly.webphttps://czasnaherbate.net/1480-small_medium/kubek-blue-butterfly.webphttps://czasnaherbate.net/1480-home_default/kubek-blue-butterfly.webphttps://czasnaherbate.net/1480-small_medium/kubek-blue-butterfly.webp
;1;KUBEK BLUE FLOWERS;KubkiKubki z zaparzaczem;50.9;1;0;Kubek ceramiczny z sitkiem i pokrywką 300ml.;;1;https://czasnaherbate.net/1482-home_default/kubek-blue-flowers.webphttps://czasnaherbate.net/1482-home_default/kubek-blue-flowers.webphttps://czasnaherbate.net/1482-small_medium/kubek-blue-flowers.webphttps://czasnaherbate.net/1482-home_default/kubek-blue-flowers.webphttps://czasnaherbate.net/1482-small_medium/kubek-blue-flowers.webp
;1;KUBEK BLUE LINES;KubkiKubki z zaparzaczem;50.9;1;0;Kubek ceramiczny z sitkiem i pokrywką 300ml.;;1;https://czasnaherbate.net/1486-home_default/kubek-blue-lines.webphttps://czasnaherbate.net/1486-home_default/kubek-blue-lines.webphttps://czasnaherbate.net/1486-small_medium/kubek-blue-lines.webphttps://czasnaherbate.net/1486-home_default/kubek-blue-lines.webphttps://czasnaherbate.net/1486-small_medium/kubek-blue-lines.webp
Product ID;Active (0/1);Name *;Categories (x,y,z...);Price tax excluded;Tax rules ID;On sale (0/1);Summary;Description;Show price (0 = No, 1 = Yes);Image URLs (x,y,z...)
;1;KAMBUKKA ETNA DEEP TEAL;KubkiKubki termiczne;149.9;1;0;Kubek termiczny Kambukka Etna 300ml;KAMBUKKA to belgijska marka premium, która produkuje modne i funkcjonalne rozwiązania do picia.;1;https://czasnaherbate.net/3528-home_default/kubek-etna-deep-teal-.webphttps://czasnaherbate.net/3528-home_default/kubek-etna-deep-teal-.webphttps://czasnaherbate.net/3529-home_default/kubek-etna-deep-teal-.webphttps://czasnaherbate.net/3528-home_default/kubek-etna-deep-teal-.webphttps://czasnaherbate.net/3528-small_medium/kubek-etna-deep-teal-.webphttps://czasnaherbate.net/3528-home_default/kubek-etna-deep-teal-.webphttps://czasnaherbate.net/3529-small_medium/kubek-etna-deep-teal-.webphttps://czasnaherbate.net/3528-home_default/kubek-etna-deep-teal-.webphttps://czasnaherbate.net/3528-small_medium/kubek-etna-deep-teal-.webphttps://czasnaherbate.net/3528-home_default/kubek-etna-deep-teal-.webphttps://czasnaherbate.net/3529-small_medium/kubek-etna-deep-teal-.webp
;1;KAMBUKKA ETNA GRANATOWY;KubkiKubki termiczne;179.9;1;0;Kubek termiczny Kambukka Etna 500ml;KAMBUKKA to belgijska marka premium, która produkuje modne i funkcjonalne rozwiązania do picia.;1;https://czasnaherbate.net/3514-home_default/kambukka-midnight.webphttps://czasnaherbate.net/3514-home_default/kambukka-midnight.webphttps://czasnaherbate.net/3518-home_default/kambukka-midnight.webphttps://czasnaherbate.net/3514-home_default/kambukka-midnight.webphttps://czasnaherbate.net/3514-small_medium/kambukka-midnight.webphttps://czasnaherbate.net/3514-home_default/kambukka-midnight.webphttps://czasnaherbate.net/3518-small_medium/kambukka-midnight.webphttps://czasnaherbate.net/3514-home_default/kambukka-midnight.webphttps://czasnaherbate.net/3514-small_medium/kambukka-midnight.webphttps://czasnaherbate.net/3514-home_default/kambukka-midnight.webphttps://czasnaherbate.net/3518-small_medium/kambukka-midnight.webp
;1;KAMBUKKA ETNA LEOPARD BRUSH;KubkiKubki termiczne;149.9;1;0;Kubek termiczny Kambukka Etna 300ml;KAMBUKKA to belgijska marka premium, która produkuje modne i funkcjonalne rozwiązania do picia.;1;https://czasnaherbate.net/3532-home_default/kambukka-etna-leopard-brush-.webphttps://czasnaherbate.net/3532-home_default/kambukka-etna-leopard-brush-.webphttps://czasnaherbate.net/3533-home_default/kambukka-etna-leopard-brush-.webphttps://czasnaherbate.net/3532-home_default/kambukka-etna-leopard-brush-.webphttps://czasnaherbate.net/3532-small_medium/kambukka-etna-leopard-brush-.webphttps://czasnaherbate.net/3532-home_default/kambukka-etna-leopard-brush-.webphttps://czasnaherbate.net/3533-small_medium/kambukka-etna-leopard-brush-.webphttps://czasnaherbate.net/3532-home_default/kambukka-etna-leopard-brush-.webphttps://czasnaherbate.net/3532-small_medium/kambukka-etna-leopard-brush-.webphttps://czasnaherbate.net/3532-home_default/kambukka-etna-leopard-brush-.webphttps://czasnaherbate.net/3533-small_medium/kambukka-etna-leopard-brush-.webp
;1;KAMBUKKA ETNA PITCH BLACK;KubkiKubki termiczne;149.9;1;0;Kubek termiczny Kambukka Etna 300ml;KAMBUKKA to belgijska marka premium, która produkuje modne i funkcjonalne rozwiązania do picia.;1;https://czasnaherbate.net/3516-home_default/kambukka-etna-pitch-black.webphttps://czasnaherbate.net/3516-home_default/kambukka-etna-pitch-black.webphttps://czasnaherbate.net/3519-home_default/kambukka-etna-pitch-black.webphttps://czasnaherbate.net/3516-home_default/kambukka-etna-pitch-black.webphttps://czasnaherbate.net/3516-small_medium/kambukka-etna-pitch-black.webphttps://czasnaherbate.net/3516-home_default/kambukka-etna-pitch-black.webphttps://czasnaherbate.net/3519-small_medium/kambukka-etna-pitch-black.webphttps://czasnaherbate.net/3516-home_default/kambukka-etna-pitch-black.webphttps://czasnaherbate.net/3516-small_medium/kambukka-etna-pitch-black.webphttps://czasnaherbate.net/3516-home_default/kambukka-etna-pitch-black.webphttps://czasnaherbate.net/3519-small_medium/kambukka-etna-pitch-black.webp
Product ID;Active (0/1);Name *;Categories (x,y,z...);Price tax excluded;Tax rules ID;On sale (0/1);Summary;Description;Show price (0 = No, 1 = Yes);Image URLs (x,y,z...)
;1;KOMPLET KUBKÓW NA STOJAKU;KubkiPozostałe;89.9;1;0;Komplet kubków 4x370ml;"Komplet 4 porcelanowych kubków z kotkami na stojaku – COTTELLO, Affekdesign by MONDEX

Zakochaj się w uroku porcelany z kocim charakterem! Zestaw COTTELLO to połączenie elegancji, funkcjonalności i odrobiny codziennej radości. Cztery stylowe kubki z motywem kotków wprowadzą do Twojej kuchni przytulną atmosferę i sprawią, że każda kawa czy herbata stanie się jeszcze przyjemniejsza.

✅ Pojemność 370 ml – idealna na poranną kawę, aromatyczną herbatę lub ulubione napoje.
✅ Wysokiej jakości porcelana – trwała, elegancka i łatwa w utrzymaniu czystości.
✅ Zmywarka i mikrofala? Oczywiście!
✅ Praktyczny metalowy stojak – porządek i styl w jednym.

Specyfikacja produktu:";1;https://czasnaherbate.net/6360-home_default/komplet-4-kubkow-na-stojaku.webphttps://czasnaherbate.net/6360-home_default/komplet-4-kubkow-na-stojaku.webphttps://czasnaherbate.net/6361-home_default/komplet-4-kubkow-na-stojaku.webphttps://czasnaherbate.net/6360-home_default/komplet-4-kubkow-na-stojaku.webphttps://czasnaherbate.net/6362-home_default/komplet-4-kubkow-na-stojaku.webphttps://czasnaherbate.net/6360-home_default/komplet-4-kubkow-na-stojaku.webphttps://czasnaherbate.net/6360-small_medium/komplet-4-kubkow-na-stojaku.webphttps://czasnaherbate.net/6360-home_default/komplet-4-kubkow-na-stojaku.webphttps://czasnaherbate.net/6361-small_medium/komplet-4-kubkow-na-stojaku.webphttps://czasnaherbate.net/6360-home_default/komplet-4-kubkow-na-stojaku.webphttps://czasnaherbate.net/6362-small_medium/komplet-4-kubkow-na-stojaku.webphttps://czasnaherbate.net/6360-home_default/komplet-4-kubkow-na-stojaku.webphttps://czasnaherbate.net/6360-small_medium/komplet-4-kubkow-na-stojaku.webphttps://czasnaherbate.net/6360-home_default/komplet-4-kubkow-na-stojaku.webphttps://czasnaherbate.net/6361-small_medium/komplet-4-kubkow-na-stojaku.webphttps://czasnaherbate.net/6360-home_default/komplet-4-kubkow-na-stojaku.webphttps://czasnaherbate.net/6362-small_medium/komplet-4-kubkow-na-stojaku.webp
;1;KUBEK ADELE KLIMT;KubkiPozostałe;49.9;1;0;Kubek Camio Adele Klimt 400ml.;Elegancki kubek, przedstawiający twórczość znanego malarza Gustava Klimta. Jego wysoka jakość pozwala na długie użytkowanie, a opakowanie sprawia, że kubek ładnie się prezentuje.;1;https://czasnaherbate.net/4339-home_default/kubek-adele-klimt.webphttps://czasnaherbate.net/4339-home_default/kubek-adele-klimt.webphttps://czasnaherbate.net/2363-home_default/kubek-adele-klimt.webphttps://czasnaherbate.net/4339-home_default/kubek-adele-klimt.webphttps://czasnaherbate.net/2364-home_default/kubek-adele-klimt.webphttps://czasnaherbate.net/4339-home_default/kubek-adele-klimt.webphttps://czasnaherbate.net/4339-small_medium/kubek-adele-klimt.webphttps://czasnaherbate.net/4339-home_default/kubek-adele-klimt.webphttps://czasnaherbate.net/2363-small_medium/kubek-adele-klimt.webphttps://czasnaherbate.net/4339-home_default/kubek-adele-klimt.webphttps://czasnaherbate.net/2364-small_medium/kubek-adele-klimt.webphttps://czasnaherbate.net/4339-home_default/kubek-adele-klimt.webphttps://czasnaherbate.net/4339-small_medium/kubek-adele-klimt.webphttps://czasnaherbate.net/4339-home_default/kubek-adele-klimt.webphttps://czasnaherbate.net/2363-small_medium/kubek-adele-klimt.webphttps://czasnaherbate.net/4339-home_default/kubek-adele-klimt.webphttps://czasnaherbate.net/2364-small_medium/kubek-adele-klimt.webp
;1;KUBEK AWESOME RETRO;KubkiPromocjePrezenty dla mężczyznyAktualne promocjePozostałe;27.45;1;0;Kubek ceramiczny 340ml;Kubek ceramiczny o wymiarach 8,5cm średnica i 9cm wysokość, pojemność 340ml. Nadruk wykonany na całej powierzchni. Doczepiona stylowa ulotka informacyjna. Na produktach pojawiają się różne motywy tematyczne, każdy z nich ma inne znaczenie lub jest historią znanej światowej marki. Znajdź swój ulubiony motyw w naszych produktach i zgromadź cała kolekcję. Pamiętaj również o swoich znajomych, nasze produkty zawsze mogą być udanym prezentem dla kogoś bliskiego.;1;https://czasnaherbate.net/5687-home_default/kubek-awesome-retro.webphttps://czasnaherbate.net/5687-home_default/kubek-awesome-retro.webphttps://czasnaherbate.net/5685-home_default/kubek-awesome-retro.webphttps://czasnaherbate.net/5687-home_default/kubek-awesome-retro.webphttps://czasnaherbate.net/5687-small_medium/kubek-awesome-retro.webphttps://czasnaherbate.net/5687-home_default/kubek-awesome-retro.webphttps://czasnaherbate.net/5685-small_medium/kubek-awesome-retro.webphttps://czasnaherbate.net/5687-home_default/kubek-awesome-retro.webphttps://czasnaherbate.net/5687-small_medium/kubek-awesome-retro.webphttps://czasnaherbate.net/5687-home_default/kubek-awesome-retro.webphttps://czasnaherbate.net/5685-small_medium/kubek-awesome-retro.webp
;1;KUBEK BIAŁY MENJE;KubkiPozostałe;80.9;1;0;Kubek biały 450ml;Kubek biały 450 ml;1;https://czasnaherbate.net/5047-home_default/kubek-bialy-menje.webphttps://czasnaherbate.net/5047-home_default/kubek-bialy-menje.webphttps://czasnaherbate.net/5047-small_medium/kubek-bialy-menje.webphttps://czasnaherbate.net/5047-home_default/kubek-bialy-menje.webphttps://czasnaherbate.net/5047-small_medium/kubek-bialy-menje.webp
Product ID;Active (0/1);Name *;Categories (x,y,z...);Price tax excluded;Tax rules ID;On sale (0/1);Summary;Description;Show price (0 = No, 1 = Yes);Image URLs (x,y,z...)
;1;BOMBILLA BAMBUSOWA;Akcesoria do yerba mateBombille;18.9;1;0;Bambusowa bombilla 17cm.;Przed użyciem wyparz bombillę. Unikaj mycia w zmywarce.;1;https://czasnaherbate.net/1366-home_default/bombilla-bambusowa.webphttps://czasnaherbate.net/1366-home_default/bombilla-bambusowa.webphttps://czasnaherbate.net/1366-small_medium/bombilla-bambusowa.webphttps://czasnaherbate.net/1366-home_default/bombilla-bambusowa.webphttps://czasnaherbate.net/1366-small_medium/bombilla-bambusowa.webp
;1;BOMBILLA LIZA ZE SZCZOTECZKĄ;Akcesoria do yerba mateBombille;30.9;1;0;Bombilla Liza srebrny pierścień ze szczoteczką rozkręcana;Bombilla Liza ze srebrnym pierścieniem, rozkręcana. Wykonana ze stali nierdzewnej, długość 19 cm.;1;https://czasnaherbate.net/4776-home_default/bombilla-liza-srebrny-pierscien-ze-szczoteczka.webphttps://czasnaherbate.net/4776-home_default/bombilla-liza-srebrny-pierscien-ze-szczoteczka.webphttps://czasnaherbate.net/4776-small_medium/bombilla-liza-srebrny-pierscien-ze-szczoteczka.webphttps://czasnaherbate.net/4776-home_default/bombilla-liza-srebrny-pierscien-ze-szczoteczka.webphttps://czasnaherbate.net/4776-small_medium/bombilla-liza-srebrny-pierscien-ze-szczoteczka.webp
;1;BOMBILLA PIERŚCIEŃ ŁYŻECZKA;Akcesoria do yerba mateBombille;25.99;1;0;Stalowa bombilla pierścień łyżeczka 19cm.;;1;https://czasnaherbate.net/4319-home_default/bombilla-pierscien-lyzeczka-.webphttps://czasnaherbate.net/4319-home_default/bombilla-pierscien-lyzeczka-.webphttps://czasnaherbate.net/4320-home_default/bombilla-pierscien-lyzeczka-.webphttps://czasnaherbate.net/4319-home_default/bombilla-pierscien-lyzeczka-.webphttps://czasnaherbate.net/4319-small_medium/bombilla-pierscien-lyzeczka-.webphttps://czasnaherbate.net/4319-home_default/bombilla-pierscien-lyzeczka-.webphttps://czasnaherbate.net/4320-small_medium/bombilla-pierscien-lyzeczka-.webphttps://czasnaherbate.net/4319-home_default/bombilla-pierscien-lyzeczka-.webphttps://czasnaherbate.net/4319-small_medium/bombilla-pierscien-lyzeczka-.webphttps://czasnaherbate.net/4319-home_default/bombilla-pierscien-lyzeczka-.webphttps://czasnaherbate.net/4320-small_medium/bombilla-pierscien-lyzeczka-.webp
Product ID;Active (0/1);Name *;Categories (x,y,z...);Price tax excluded;Tax rules ID;On sale (0/1);Summary;Description;Show price (0 = No, 1 = Yes);Image URLs (x,y,z...)
;1;MATERO CZARNE;Akcesoria do yerba mateMatero;36.9;1;0;Naczynie do przyrządzania yerba mate.;;1;https://czasnaherbate.net/1287-home_default/matero-czarne.webphttps://czasnaherbate.net/1287-home_default/matero-czarne.webphttps://czasnaherbate.net/1287-small_medium/matero-czarne.webphttps://czasnaherbate.net/1287-home_default/matero-czarne.webphttps://czasnaherbate.net/1287-small_medium/matero-czarne.webp
;1;MATERO CZERWONE;Akcesoria do yerba mateMatero;36.9;1;0;Naczynie do przyrządzania yerba mate.;;1;https://czasnaherbate.net/1288-home_default/matero-czerwone.webphttps://czasnaherbate.net/1288-home_default/matero-czerwone.webphttps://czasnaherbate.net/1288-small_medium/matero-czerwone.webphttps://czasnaherbate.net/1288-home_default/matero-czerwone.webphttps://czasnaherbate.net/1288-small_medium/matero-czerwone.webp
;1;MATERO BIAŁE;Akcesoria do yerba mateMatero;36.9;1;0;Naczynie do przyrządzania yerba mate.;;1;https://czasnaherbate.net/2990-home_default/matero-biale.webphttps://czasnaherbate.net/2990-home_default/matero-biale.webphttps://czasnaherbate.net/2990-small_medium/matero-biale.webphttps://czasnaherbate.net/2990-home_default/matero-biale.webphttps://czasnaherbate.net/2990-small_medium/matero-biale.webp
;1;MATERO BRĄZOWE;Akcesoria do yerba mateMatero;36.9;1;0;Naczynie do przyrządzania yerba mate.;;1;https://czasnaherbate.net/1387-home_default/matero-brazowe.webphttps://czasnaherbate.net/1387-home_default/matero-brazowe.webphttps://czasnaherbate.net/1387-small_medium/matero-brazowe.webphttps://czasnaherbate.net/1387-home_default/matero-brazowe.webphttps://czasnaherbate.net/1387-small_medium/matero-brazowe.webp
